group,function,value,throughput_num,throughput_type,sample_measured_value,unit,iteration_count
256bit,sse,4096,4096,bytes,1023963.0,ns,3506
256bit,sse,4096,4096,bytes,2037508.0,ns,7012
256bit,sse,4096,4096,bytes,3049519.0,ns,10518
256bit,sse,4096,4096,bytes,4064495.0,ns,14024
256bit,sse,4096,4096,bytes,5138043.0,ns,17530
256bit,sse,4096,4096,bytes,6171736.0,ns,21036
256bit,sse,4096,4096,bytes,7237518.0,ns,24542
256bit,sse,4096,4096,bytes,8287201.0,ns,28048
256bit,sse,4096,4096,bytes,8876306.0,ns,31554
256bit,sse,4096,4096,bytes,9821128.0,ns,35060
256bit,sse,4096,4096,bytes,10775759.0,ns,38566
256bit,sse,4096,4096,bytes,11818519.0,ns,42072
256bit,sse,4096,4096,bytes,12743423.0,ns,45578
256bit,sse,4096,4096,bytes,13797434.0,ns,49084
256bit,sse,4096,4096,bytes,14781382.0,ns,52590
256bit,sse,4096,4096,bytes,15741093.0,ns,56096
256bit,sse,4096,4096,bytes,16693229.0,ns,59602
256bit,sse,4096,4096,bytes,17926102.0,ns,63108
256bit,sse,4096,4096,bytes,18882176.0,ns,66614
256bit,sse,4096,4096,bytes,19852026.0,ns,70120
256bit,sse,4096,4096,bytes,20867403.0,ns,73626
256bit,sse,4096,4096,bytes,21818609.0,ns,77132
256bit,sse,4096,4096,bytes,22825380.0,ns,80638
256bit,sse,4096,4096,bytes,23782636.0,ns,84144
256bit,sse,4096,4096,bytes,24792062.0,ns,87650
256bit,sse,4096,4096,bytes,25812699.0,ns,91156
256bit,sse,4096,4096,bytes,26753484.0,ns,94662
256bit,sse,4096,4096,bytes,27751849.0,ns,98168
256bit,sse,4096,4096,bytes,28787945.0,ns,101674
256bit,sse,4096,4096,bytes,29709424.0,ns,105180
256bit,sse,4096,4096,bytes,30751242.0,ns,108686
256bit,sse,4096,4096,bytes,31741751.0,ns,112192
256bit,sse,4096,4096,bytes,32737391.0,ns,115698
256bit,sse,4096,4096,bytes,33634984.0,ns,119204
256bit,sse,4096,4096,bytes,34541042.0,ns,122710
256bit,sse,4096,4096,bytes,35537063.0,ns,126216
256bit,sse,4096,4096,bytes,36648813.0,ns,129722
256bit,sse,4096,4096,bytes,37558228.0,ns,133228
256bit,sse,4096,4096,bytes,38769730.0,ns,136734
256bit,sse,4096,4096,bytes,39541813.0,ns,140240
256bit,sse,4096,4096,bytes,40679474.0,ns,143746
256bit,sse,4096,4096,bytes,41574160.0,ns,147252
256bit,sse,4096,4096,bytes,42644914.0,ns,150758
256bit,sse,4096,4096,bytes,43615766.0,ns,154264
256bit,sse,4096,4096,bytes,46001007.0,ns,157770
256bit,sse,4096,4096,bytes,46519677.0,ns,161276
256bit,sse,4096,4096,bytes,46863733.0,ns,164782
256bit,sse,4096,4096,bytes,47704036.0,ns,168288
256bit,sse,4096,4096,bytes,48738029.0,ns,171794
256bit,sse,4096,4096,bytes,49651101.0,ns,175300
256bit,sse,4096,4096,bytes,50619148.0,ns,178806
256bit,sse,4096,4096,bytes,51704509.0,ns,182312
256bit,sse,4096,4096,bytes,52709647.0,ns,185818
256bit,sse,4096,4096,bytes,53652936.0,ns,189324
256bit,sse,4096,4096,bytes,54629429.0,ns,192830
256bit,sse,4096,4096,bytes,55589221.0,ns,196336
256bit,sse,4096,4096,bytes,57452676.0,ns,199842
256bit,sse,4096,4096,bytes,57616559.0,ns,203348
256bit,sse,4096,4096,bytes,58592421.0,ns,206854
256bit,sse,4096,4096,bytes,59660708.0,ns,210360
256bit,sse,4096,4096,bytes,60728877.0,ns,213866
256bit,sse,4096,4096,bytes,61553058.0,ns,217372
256bit,sse,4096,4096,bytes,62481020.0,ns,220878
256bit,sse,4096,4096,bytes,65367677.0,ns,224384
256bit,sse,4096,4096,bytes,64784955.0,ns,227890
256bit,sse,4096,4096,bytes,64801197.0,ns,231396
256bit,sse,4096,4096,bytes,65669083.0,ns,234902
256bit,sse,4096,4096,bytes,66802885.0,ns,238408
256bit,sse,4096,4096,bytes,67643399.0,ns,241914
256bit,sse,4096,4096,bytes,68451250.0,ns,245420
256bit,sse,4096,4096,bytes,69683542.0,ns,248926
256bit,sse,4096,4096,bytes,70580393.0,ns,252432
256bit,sse,4096,4096,bytes,71718705.0,ns,255938
256bit,sse,4096,4096,bytes,73315601.0,ns,259444
256bit,sse,4096,4096,bytes,73970551.0,ns,262950
256bit,sse,4096,4096,bytes,74585063.0,ns,266456
256bit,sse,4096,4096,bytes,75509186.0,ns,269962
256bit,sse,4096,4096,bytes,77680359.0,ns,273468
256bit,sse,4096,4096,bytes,78082175.0,ns,276974
256bit,sse,4096,4096,bytes,78707719.0,ns,280480
256bit,sse,4096,4096,bytes,79426210.0,ns,283986
256bit,sse,4096,4096,bytes,81373405.0,ns,287492
256bit,sse,4096,4096,bytes,82255629.0,ns,290998
256bit,sse,4096,4096,bytes,83305461.0,ns,294504
256bit,sse,4096,4096,bytes,84215438.0,ns,298010
256bit,sse,4096,4096,bytes,85306829.0,ns,301516
256bit,sse,4096,4096,bytes,86364568.0,ns,305022
256bit,sse,4096,4096,bytes,87552624.0,ns,308528
256bit,sse,4096,4096,bytes,88196448.0,ns,312034
256bit,sse,4096,4096,bytes,89986608.0,ns,315540
256bit,sse,4096,4096,bytes,90671575.0,ns,319046
256bit,sse,4096,4096,bytes,91386370.0,ns,322552
256bit,sse,4096,4096,bytes,92083198.0,ns,326058
256bit,sse,4096,4096,bytes,93024374.0,ns,329564
256bit,sse,4096,4096,bytes,94140053.0,ns,333070
256bit,sse,4096,4096,bytes,95072893.0,ns,336576
256bit,sse,4096,4096,bytes,95937292.0,ns,340082
256bit,sse,4096,4096,bytes,96748109.0,ns,343588
256bit,sse,4096,4096,bytes,98232160.0,ns,347094
256bit,sse,4096,4096,bytes,98714581.0,ns,350600
256bit,sse,256,256,bytes,1015688.0,ns,21137
256bit,sse,256,256,bytes,1981050.0,ns,42274
256bit,sse,256,256,bytes,2955889.0,ns,63411
256bit,sse,256,256,bytes,3932322.0,ns,84548
256bit,sse,256,256,bytes,4919536.0,ns,105685
256bit,sse,256,256,bytes,5936437.0,ns,126822
256bit,sse,256,256,bytes,6929902.0,ns,147959
256bit,sse,256,256,bytes,7913488.0,ns,169096
256bit,sse,256,256,bytes,9136452.0,ns,190233
256bit,sse,256,256,bytes,9949473.0,ns,211370
256bit,sse,256,256,bytes,10949161.0,ns,232507
256bit,sse,256,256,bytes,11872683.0,ns,253644
256bit,sse,256,256,bytes,12870055.0,ns,274781
256bit,sse,256,256,bytes,13854143.0,ns,295918
256bit,sse,256,256,bytes,14808494.0,ns,317055
256bit,sse,256,256,bytes,15782562.0,ns,338192
256bit,sse,256,256,bytes,16745890.0,ns,359329
256bit,sse,256,256,bytes,18026173.0,ns,380466
256bit,sse,256,256,bytes,18913076.0,ns,401603
256bit,sse,256,256,bytes,19933453.0,ns,422740
256bit,sse,256,256,bytes,20989497.0,ns,443877
256bit,sse,256,256,bytes,21994895.0,ns,465014
256bit,sse,256,256,bytes,22957732.0,ns,486151
256bit,sse,256,256,bytes,23949204.0,ns,507288
256bit,sse,256,256,bytes,25540871.0,ns,528425
256bit,sse,256,256,bytes,27122548.0,ns,549562
256bit,sse,256,256,bytes,27013731.0,ns,570699
256bit,sse,256,256,bytes,27935881.0,ns,591836
256bit,sse,256,256,bytes,28933103.0,ns,612973
256bit,sse,256,256,bytes,29941106.0,ns,634110
256bit,sse,256,256,bytes,30896268.0,ns,655247
256bit,sse,256,256,bytes,31877451.0,ns,676384
256bit,sse,256,256,bytes,32930309.0,ns,697521
256bit,sse,256,256,bytes,33541095.0,ns,718658
256bit,sse,256,256,bytes,34524832.0,ns,739795
256bit,sse,256,256,bytes,35632996.0,ns,760932
256bit,sse,256,256,bytes,36527012.0,ns,782069
256bit,sse,256,256,bytes,37473728.0,ns,803206
256bit,sse,256,256,bytes,38467794.0,ns,824343
256bit,sse,256,256,bytes,39449137.0,ns,845480
256bit,sse,256,256,bytes,40412084.0,ns,866617
256bit,sse,256,256,bytes,41469141.0,ns,887754
256bit,sse,256,256,bytes,42396009.0,ns,908891
256bit,sse,256,256,bytes,43370078.0,ns,930028
256bit,sse,256,256,bytes,44395745.0,ns,951165
256bit,sse,256,256,bytes,45455156.0,ns,972302
256bit,sse,256,256,bytes,46461837.0,ns,993439
256bit,sse,256,256,bytes,47288814.0,ns,1014576
256bit,sse,256,256,bytes,48300565.0,ns,1035713
256bit,sse,256,256,bytes,50665377.0,ns,1056850
256bit,sse,256,256,bytes,51812406.0,ns,1077987
256bit,sse,256,256,bytes,53992946.0,ns,1099124
256bit,sse,256,256,bytes,53586651.0,ns,1120261
256bit,sse,256,256,bytes,54639830.0,ns,1141398
256bit,sse,256,256,bytes,55610703.0,ns,1162535
256bit,sse,256,256,bytes,56699830.0,ns,1183672
256bit,sse,256,256,bytes,58158324.0,ns,1204809
256bit,sse,256,256,bytes,58377381.0,ns,1225946
256bit,sse,256,256,bytes,59671060.0,ns,1247083
256bit,sse,256,256,bytes,60496214.0,ns,1268220
256bit,sse,256,256,bytes,61548371.0,ns,1289357
256bit,sse,256,256,bytes,62854303.0,ns,1310494
256bit,sse,256,256,bytes,63593393.0,ns,1331631
256bit,sse,256,256,bytes,66167695.0,ns,1352768
256bit,sse,256,256,bytes,69295172.0,ns,1373905
256bit,sse,256,256,bytes,68105361.0,ns,1395042
256bit,sse,256,256,bytes,66233851.0,ns,1416179
256bit,sse,256,256,bytes,68942990.0,ns,1437316
256bit,sse,256,256,bytes,68065756.0,ns,1458453
256bit,sse,256,256,bytes,69082827.0,ns,1479590
256bit,sse,256,256,bytes,69953317.0,ns,1500727
256bit,sse,256,256,bytes,70969526.0,ns,1521864
256bit,sse,256,256,bytes,72224761.0,ns,1543001
256bit,sse,256,256,bytes,72991474.0,ns,1564138
256bit,sse,256,256,bytes,73895049.0,ns,1585275
256bit,sse,256,256,bytes,74897070.0,ns,1606412
256bit,sse,256,256,bytes,75807738.0,ns,1627549
256bit,sse,256,256,bytes,77814987.0,ns,1648686
256bit,sse,256,256,bytes,79865008.0,ns,1669823
256bit,sse,256,256,bytes,79009966.0,ns,1690960
256bit,sse,256,256,bytes,79956583.0,ns,1712097
256bit,sse,256,256,bytes,83744831.0,ns,1733234
256bit,sse,256,256,bytes,82774269.0,ns,1754371
256bit,sse,256,256,bytes,83703863.0,ns,1775508
256bit,sse,256,256,bytes,84705043.0,ns,1796645
256bit,sse,256,256,bytes,85893640.0,ns,1817782
256bit,sse,256,256,bytes,86654342.0,ns,1838919
256bit,sse,256,256,bytes,88165346.0,ns,1860056
256bit,sse,256,256,bytes,88908262.0,ns,1881193
256bit,sse,256,256,bytes,93944992.0,ns,1902330
256bit,sse,256,256,bytes,92501879.0,ns,1923467
256bit,sse,256,256,bytes,91866347.0,ns,1944604
256bit,sse,256,256,bytes,94236168.0,ns,1965741
256bit,sse,256,256,bytes,94992391.0,ns,1986878
256bit,sse,256,256,bytes,95793730.0,ns,2008015
256bit,sse,256,256,bytes,95805882.0,ns,2029152
256bit,sse,256,256,bytes,97032123.0,ns,2050289
256bit,sse,256,256,bytes,96650495.0,ns,2071426
256bit,sse,256,256,bytes,97535693.0,ns,2092563
256bit,sse,256,256,bytes,98502828.0,ns,2113700
256bit,blake2b_simd,4096,4096,bytes,984909.0,ns,345
256bit,blake2b_simd,4096,4096,bytes,1966973.0,ns,690
256bit,blake2b_simd,4096,4096,bytes,2945188.0,ns,1035
256bit,blake2b_simd,4096,4096,bytes,3922214.0,ns,1380
256bit,blake2b_simd,4096,4096,bytes,4978990.0,ns,1725
256bit,blake2b_simd,4096,4096,bytes,5896230.0,ns,2070
256bit,blake2b_simd,4096,4096,bytes,6887541.0,ns,2415
256bit,blake2b_simd,4096,4096,bytes,7868272.0,ns,2760
256bit,blake2b_simd,4096,4096,bytes,8925429.0,ns,3105
256bit,blake2b_simd,4096,4096,bytes,9818804.0,ns,3450
256bit,blake2b_simd,4096,4096,bytes,10823601.0,ns,3795
256bit,blake2b_simd,4096,4096,bytes,11808811.0,ns,4140
256bit,blake2b_simd,4096,4096,bytes,12820631.0,ns,4485
256bit,blake2b_simd,4096,4096,bytes,13923325.0,ns,4830
256bit,blake2b_simd,4096,4096,bytes,14746586.0,ns,5175
256bit,blake2b_simd,4096,4096,bytes,15738829.0,ns,5520
256bit,blake2b_simd,4096,4096,bytes,16718338.0,ns,5865
256bit,blake2b_simd,4096,4096,bytes,17730087.0,ns,6210
256bit,blake2b_simd,4096,4096,bytes,18722331.0,ns,6555
256bit,blake2b_simd,4096,4096,bytes,19696980.0,ns,6900
256bit,blake2b_simd,4096,4096,bytes,20647224.0,ns,7245
256bit,blake2b_simd,4096,4096,bytes,21693179.0,ns,7590
256bit,blake2b_simd,4096,4096,bytes,22652810.0,ns,7935
256bit,blake2b_simd,4096,4096,bytes,23624765.0,ns,8280
256bit,blake2b_simd,4096,4096,bytes,24657575.0,ns,8625
256bit,blake2b_simd,4096,4096,bytes,25579574.0,ns,8970
256bit,blake2b_simd,4096,4096,bytes,26587277.0,ns,9315
256bit,blake2b_simd,4096,4096,bytes,27566074.0,ns,9660
256bit,blake2b_simd,4096,4096,bytes,28538189.0,ns,10005
256bit,blake2b_simd,4096,4096,bytes,29488763.0,ns,10350
256bit,blake2b_simd,4096,4096,bytes,30752554.0,ns,10695
256bit,blake2b_simd,4096,4096,bytes,32629595.0,ns,11040
256bit,blake2b_simd,4096,4096,bytes,32612502.0,ns,11385
256bit,blake2b_simd,4096,4096,bytes,33500177.0,ns,11730
256bit,blake2b_simd,4096,4096,bytes,34422716.0,ns,12075
256bit,blake2b_simd,4096,4096,bytes,35489061.0,ns,12420
256bit,blake2b_simd,4096,4096,bytes,36461086.0,ns,12765
256bit,blake2b_simd,4096,4096,bytes,37418241.0,ns,13110
256bit,blake2b_simd,4096,4096,bytes,38392420.0,ns,13455
256bit,blake2b_simd,4096,4096,bytes,39480146.0,ns,13800
256bit,blake2b_simd,4096,4096,bytes,40387136.0,ns,14145
256bit,blake2b_simd,4096,4096,bytes,41315928.0,ns,14490
256bit,blake2b_simd,4096,4096,bytes,42342737.0,ns,14835
256bit,blake2b_simd,4096,4096,bytes,43267241.0,ns,15180
256bit,blake2b_simd,4096,4096,bytes,44509351.0,ns,15525
256bit,blake2b_simd,4096,4096,bytes,45285191.0,ns,15870
256bit,blake2b_simd,4096,4096,bytes,46402733.0,ns,16215
256bit,blake2b_simd,4096,4096,bytes,47255180.0,ns,16560
256bit,blake2b_simd,4096,4096,bytes,48323288.0,ns,16905
256bit,blake2b_simd,4096,4096,bytes,49243663.0,ns,17250
256bit,blake2b_simd,4096,4096,bytes,50191452.0,ns,17595
256bit,blake2b_simd,4096,4096,bytes,51154309.0,ns,17940
256bit,blake2b_simd,4096,4096,bytes,52154417.0,ns,18285
256bit,blake2b_simd,4096,4096,bytes,53126012.0,ns,18630
256bit,blake2b_simd,4096,4096,bytes,55511953.0,ns,18975
256bit,blake2b_simd,4096,4096,bytes,55517944.0,ns,19320
256bit,blake2b_simd,4096,4096,bytes,56293796.0,ns,19665
256bit,blake2b_simd,4096,4096,bytes,57092289.0,ns,20010
256bit,blake2b_simd,4096,4096,bytes,58093919.0,ns,20355
256bit,blake2b_simd,4096,4096,bytes,59070603.0,ns,20700
256bit,blake2b_simd,4096,4096,bytes,60270924.0,ns,21045
256bit,blake2b_simd,4096,4096,bytes,60678771.0,ns,21390
256bit,blake2b_simd,4096,4096,bytes,62234239.0,ns,21735
256bit,blake2b_simd,4096,4096,bytes,63391617.0,ns,22080
256bit,blake2b_simd,4096,4096,bytes,64049132.0,ns,22425
256bit,blake2b_simd,4096,4096,bytes,64955401.0,ns,22770
256bit,blake2b_simd,4096,4096,bytes,66035120.0,ns,23115
256bit,blake2b_simd,4096,4096,bytes,66866006.0,ns,23460
256bit,blake2b_simd,4096,4096,bytes,68036645.0,ns,23805
256bit,blake2b_simd,4096,4096,bytes,68853278.0,ns,24150
256bit,blake2b_simd,4096,4096,bytes,71194053.0,ns,24495
256bit,blake2b_simd,4096,4096,bytes,71532830.0,ns,24840
256bit,blake2b_simd,4096,4096,bytes,71951839.0,ns,25185
256bit,blake2b_simd,4096,4096,bytes,72727099.0,ns,25530
256bit,blake2b_simd,4096,4096,bytes,73771090.0,ns,25875
256bit,blake2b_simd,4096,4096,bytes,74676839.0,ns,26220
256bit,blake2b_simd,4096,4096,bytes,75651568.0,ns,26565
256bit,blake2b_simd,4096,4096,bytes,76693366.0,ns,26910
256bit,blake2b_simd,4096,4096,bytes,77805778.0,ns,27255
256bit,blake2b_simd,4096,4096,bytes,78843860.0,ns,27600
256bit,blake2b_simd,4096,4096,bytes,79749337.0,ns,27945
256bit,blake2b_simd,4096,4096,bytes,80575323.0,ns,28290
256bit,blake2b_simd,4096,4096,bytes,81549581.0,ns,28635
256bit,blake2b_simd,4096,4096,bytes,84236869.0,ns,28980
256bit,blake2b_simd,4096,4096,bytes,83871321.0,ns,29325
256bit,blake2b_simd,4096,4096,bytes,84520950.0,ns,29670
256bit,blake2b_simd,4096,4096,bytes,85528343.0,ns,30015
256bit,blake2b_simd,4096,4096,bytes,86375649.0,ns,30360
256bit,blake2b_simd,4096,4096,bytes,87417968.0,ns,30705
256bit,blake2b_simd,4096,4096,bytes,88384482.0,ns,31050
256bit,blake2b_simd,4096,4096,bytes,89564143.0,ns,31395
256bit,blake2b_simd,4096,4096,bytes,90553140.0,ns,31740
256bit,blake2b_simd,4096,4096,bytes,91369567.0,ns,32085
256bit,blake2b_simd,4096,4096,bytes,92441092.0,ns,32430
256bit,blake2b_simd,4096,4096,bytes,93313185.0,ns,32775
256bit,blake2b_simd,4096,4096,bytes,96083792.0,ns,33120
256bit,blake2b_simd,4096,4096,bytes,96768368.0,ns,33465
256bit,blake2b_simd,4096,4096,bytes,96383975.0,ns,33810
256bit,blake2b_simd,4096,4096,bytes,97252682.0,ns,34155
256bit,blake2b_simd,4096,4096,bytes,98385553.0,ns,34500
256bit,blake2b_simd,256,256,bytes,986792.0,ns,3522
256bit,blake2b_simd,256,256,bytes,1964468.0,ns,7044
256bit,blake2b_simd,256,256,bytes,2945279.0,ns,10566
256bit,blake2b_simd,256,256,bytes,3972169.0,ns,14088
256bit,blake2b_simd,256,256,bytes,4929305.0,ns,17610
256bit,blake2b_simd,256,256,bytes,5896320.0,ns,21132
256bit,blake2b_simd,256,256,bytes,6899284.0,ns,24654
256bit,blake2b_simd,256,256,bytes,7909541.0,ns,28176
256bit,blake2b_simd,256,256,bytes,8861908.0,ns,31698
256bit,blake2b_simd,256,256,bytes,9833852.0,ns,35220
256bit,blake2b_simd,256,256,bytes,10831676.0,ns,38742
256bit,blake2b_simd,256,256,bytes,11872963.0,ns,42264
256bit,blake2b_simd,256,256,bytes,12776126.0,ns,45786
256bit,blake2b_simd,256,256,bytes,13778589.0,ns,49308
256bit,blake2b_simd,256,256,bytes,14744261.0,ns,52830
256bit,blake2b_simd,256,256,bytes,15739300.0,ns,56352
256bit,blake2b_simd,256,256,bytes,16759587.0,ns,59874
256bit,blake2b_simd,256,256,bytes,18011074.0,ns,63396
256bit,blake2b_simd,256,256,bytes,19586861.0,ns,66918
256bit,blake2b_simd,256,256,bytes,20639319.0,ns,70440
256bit,blake2b_simd,256,256,bytes,21625691.0,ns,73962
256bit,blake2b_simd,256,256,bytes,22647871.0,ns,77484
256bit,blake2b_simd,256,256,bytes,23399516.0,ns,81006
256bit,blake2b_simd,256,256,bytes,23496230.0,ns,84528
256bit,blake2b_simd,256,256,bytes,24485808.0,ns,88050
256bit,blake2b_simd,256,256,bytes,25435940.0,ns,91572
256bit,blake2b_simd,256,256,bytes,26453603.0,ns,95094
256bit,blake2b_simd,256,256,bytes,27462017.0,ns,98616
256bit,blake2b_simd,256,256,bytes,28446194.0,ns,102138
256bit,blake2b_simd,256,256,bytes,29379014.0,ns,105660
256bit,blake2b_simd,256,256,bytes,30607848.0,ns,109182
256bit,blake2b_simd,256,256,bytes,31656078.0,ns,112704
256bit,blake2b_simd,256,256,bytes,32329844.0,ns,116226
256bit,blake2b_simd,256,256,bytes,33473887.0,ns,119748
256bit,blake2b_simd,256,256,bytes,34484435.0,ns,123270
256bit,blake2b_simd,256,256,bytes,35439598.0,ns,126792
256bit,blake2b_simd,256,256,bytes,36501734.0,ns,130314
256bit,blake2b_simd,256,256,bytes,38676493.0,ns,133836
256bit,blake2b_simd,256,256,bytes,38894288.0,ns,137358
256bit,blake2b_simd,256,256,bytes,39595867.0,ns,140880
256bit,blake2b_simd,256,256,bytes,40623498.0,ns,144402
256bit,blake2b_simd,256,256,bytes,41490151.0,ns,147924
256bit,blake2b_simd,256,256,bytes,42370681.0,ns,151446
256bit,blake2b_simd,256,256,bytes,43399213.0,ns,154968
256bit,blake2b_simd,256,256,bytes,44386167.0,ns,158490
256bit,blake2b_simd,256,256,bytes,45830302.0,ns,162012
256bit,blake2b_simd,256,256,bytes,46360103.0,ns,165534
256bit,blake2b_simd,256,256,bytes,47393244.0,ns,169056
256bit,blake2b_simd,256,256,bytes,48328749.0,ns,172578
256bit,blake2b_simd,256,256,bytes,48958420.0,ns,176100
256bit,blake2b_simd,256,256,bytes,50100209.0,ns,179622
256bit,blake2b_simd,256,256,bytes,50931815.0,ns,183144
256bit,blake2b_simd,256,256,bytes,52006726.0,ns,186666
256bit,blake2b_simd,256,256,bytes,53008578.0,ns,190188
256bit,blake2b_simd,256,256,bytes,54074271.0,ns,193710
256bit,blake2b_simd,256,256,bytes,54864699.0,ns,197232
256bit,blake2b_simd,256,256,bytes,55796377.0,ns,200754
256bit,blake2b_simd,256,256,bytes,57076169.0,ns,204276
256bit,blake2b_simd,256,256,bytes,59370366.0,ns,207798
256bit,blake2b_simd,256,256,bytes,59072137.0,ns,211320
256bit,blake2b_simd,256,256,bytes,59973828.0,ns,214842
256bit,blake2b_simd,256,256,bytes,60782660.0,ns,218364
256bit,blake2b_simd,256,256,bytes,61742843.0,ns,221886
256bit,blake2b_simd,256,256,bytes,62904048.0,ns,225408
256bit,blake2b_simd,256,256,bytes,63705908.0,ns,228930
256bit,blake2b_simd,256,256,bytes,65290101.0,ns,232452
256bit,blake2b_simd,256,256,bytes,66039500.0,ns,235974
256bit,blake2b_simd,256,256,bytes,67071079.0,ns,239496
256bit,blake2b_simd,256,256,bytes,68024979.0,ns,243018
256bit,blake2b_simd,256,256,bytes,69051657.0,ns,246540
256bit,blake2b_simd,256,256,bytes,70293417.0,ns,250062
256bit,blake2b_simd,256,256,bytes,72291188.0,ns,253584
256bit,blake2b_simd,256,256,bytes,71985635.0,ns,257106
256bit,blake2b_simd,256,256,bytes,74061927.0,ns,260628
256bit,blake2b_simd,256,256,bytes,74897591.0,ns,264150
256bit,blake2b_simd,256,256,bytes,77085250.0,ns,267672
256bit,blake2b_simd,256,256,bytes,75773934.0,ns,271194
256bit,blake2b_simd,256,256,bytes,76749925.0,ns,274716
256bit,blake2b_simd,256,256,bytes,77766886.0,ns,278238
256bit,blake2b_simd,256,256,bytes,78680518.0,ns,281760
256bit,blake2b_simd,256,256,bytes,79764246.0,ns,285282
256bit,blake2b_simd,256,256,bytes,80059490.0,ns,288804
256bit,blake2b_simd,256,256,bytes,81137717.0,ns,292326
256bit,blake2b_simd,256,256,bytes,82158655.0,ns,295848
256bit,blake2b_simd,256,256,bytes,83318869.0,ns,299370
256bit,blake2b_simd,256,256,bytes,84077687.0,ns,302892
256bit,blake2b_simd,256,256,bytes,87049366.0,ns,306414
256bit,blake2b_simd,256,256,bytes,86287643.0,ns,309936
256bit,blake2b_simd,256,256,bytes,87129760.0,ns,313458
256bit,blake2b_simd,256,256,bytes,88064523.0,ns,316980
256bit,blake2b_simd,256,256,bytes,88959591.0,ns,320502
256bit,blake2b_simd,256,256,bytes,90023581.0,ns,324024
256bit,blake2b_simd,256,256,bytes,90868102.0,ns,327546
256bit,blake2b_simd,256,256,bytes,91798878.0,ns,331068
256bit,blake2b_simd,256,256,bytes,92904467.0,ns,334590
256bit,blake2b_simd,256,256,bytes,94656089.0,ns,338112
256bit,blake2b_simd,256,256,bytes,95061193.0,ns,341634
256bit,blake2b_simd,256,256,bytes,98348575.0,ns,345156
256bit,blake2b_simd,256,256,bytes,97885762.0,ns,348678
256bit,blake2b_simd,256,256,bytes,98612007.0,ns,352200
256bit,portable,4096,4096,bytes,977455.0,ns,444
256bit,portable,4096,4096,bytes,1947345.0,ns,888
256bit,portable,4096,4096,bytes,2902748.0,ns,1332
256bit,portable,4096,4096,bytes,3879402.0,ns,1776
256bit,portable,4096,4096,bytes,4880111.0,ns,2220
256bit,portable,4096,4096,bytes,5823060.0,ns,2664
256bit,portable,4096,4096,bytes,6778663.0,ns,3108
256bit,portable,4096,4096,bytes,7798208.0,ns,3552
256bit,portable,4096,4096,bytes,8717011.0,ns,3996
256bit,portable,4096,4096,bytes,9715306.0,ns,4440
256bit,portable,4096,4096,bytes,10703381.0,ns,4884
256bit,portable,4096,4096,bytes,11624408.0,ns,5328
256bit,portable,4096,4096,bytes,12613105.0,ns,5772
256bit,portable,4096,4096,bytes,13588195.0,ns,6216
256bit,portable,4096,4096,bytes,14586661.0,ns,6660
256bit,portable,4096,4096,bytes,15543717.0,ns,7104
256bit,portable,4096,4096,bytes,16535068.0,ns,7548
256bit,portable,4096,4096,bytes,17511741.0,ns,7992
256bit,portable,4096,4096,bytes,18443269.0,ns,8436
256bit,portable,4096,4096,bytes,19397188.0,ns,8880
256bit,portable,4096,4096,bytes,20383862.0,ns,9324
256bit,portable,4096,4096,bytes,21361657.0,ns,9768
256bit,portable,4096,4096,bytes,22331817.0,ns,10212
256bit,portable,4096,4096,bytes,23322568.0,ns,10656
256bit,portable,4096,4096,bytes,24354678.0,ns,11100
256bit,portable,4096,4096,bytes,25336150.0,ns,11544
256bit,portable,4096,4096,bytes,26201441.0,ns,11988
256bit,portable,4096,4096,bytes,27157805.0,ns,12432
256bit,portable,4096,4096,bytes,28130151.0,ns,12876
256bit,portable,4096,4096,bytes,29201885.0,ns,13320
256bit,portable,4096,4096,bytes,30229997.0,ns,13764
256bit,portable,4096,4096,bytes,32572817.0,ns,14208
256bit,portable,4096,4096,bytes,32173424.0,ns,14652
256bit,portable,4096,4096,bytes,33374337.0,ns,15096
256bit,portable,4096,4096,bytes,34360858.0,ns,15540
256bit,portable,4096,4096,bytes,35498128.0,ns,15984
256bit,portable,4096,4096,bytes,36122810.0,ns,16428
256bit,portable,4096,4096,bytes,37529835.0,ns,16872
256bit,portable,4096,4096,bytes,38274857.0,ns,17316
256bit,portable,4096,4096,bytes,39208678.0,ns,17760
256bit,portable,4096,4096,bytes,40165494.0,ns,18204
256bit,portable,4096,4096,bytes,41327580.0,ns,18648
256bit,portable,4096,4096,bytes,42302190.0,ns,19092
256bit,portable,4096,4096,bytes,43208850.0,ns,19536
256bit,portable,4096,4096,bytes,44087146.0,ns,19980
256bit,portable,4096,4096,bytes,45001070.0,ns,20424
256bit,portable,4096,4096,bytes,45951993.0,ns,20868
256bit,portable,4096,4096,bytes,47014671.0,ns,21312
256bit,portable,4096,4096,bytes,47930889.0,ns,21756
256bit,portable,4096,4096,bytes,48911290.0,ns,22200
256bit,portable,4096,4096,bytes,49949400.0,ns,22644
256bit,portable,4096,4096,bytes,51072003.0,ns,23088
256bit,portable,4096,4096,bytes,51909210.0,ns,23532
256bit,portable,4096,4096,bytes,52845265.0,ns,23976
256bit,portable,4096,4096,bytes,55214065.0,ns,24420
256bit,portable,4096,4096,bytes,54956513.0,ns,24864
256bit,portable,4096,4096,bytes,55783131.0,ns,25308
256bit,portable,4096,4096,bytes,56800031.0,ns,25752
256bit,portable,4096,4096,bytes,60046025.0,ns,26196
256bit,portable,4096,4096,bytes,58843540.0,ns,26640
256bit,portable,4096,4096,bytes,59719722.0,ns,27084
256bit,portable,4096,4096,bytes,60963274.0,ns,27528
256bit,portable,4096,4096,bytes,61631339.0,ns,27972
256bit,portable,4096,4096,bytes,62722130.0,ns,28416
256bit,portable,4096,4096,bytes,63563936.0,ns,28860
256bit,portable,4096,4096,bytes,64100600.0,ns,29304
256bit,portable,4096,4096,bytes,65071342.0,ns,29748
256bit,portable,4096,4096,bytes,66000024.0,ns,30192
256bit,portable,4096,4096,bytes,66941300.0,ns,30636
256bit,portable,4096,4096,bytes,67982536.0,ns,31080
256bit,portable,4096,4096,bytes,70001088.0,ns,31524
256bit,portable,4096,4096,bytes,70502134.0,ns,31968
256bit,portable,4096,4096,bytes,71020853.0,ns,32412
256bit,portable,4096,4096,bytes,71861337.0,ns,32856
256bit,portable,4096,4096,bytes,73268572.0,ns,33300
256bit,portable,4096,4096,bytes,74069931.0,ns,33744
256bit,portable,4096,4096,bytes,75121988.0,ns,34188
256bit,portable,4096,4096,bytes,75843265.0,ns,34632
256bit,portable,4096,4096,bytes,76631769.0,ns,35076
256bit,portable,4096,4096,bytes,77771764.0,ns,35520
256bit,portable,4096,4096,bytes,80290629.0,ns,35964
256bit,portable,4096,4096,bytes,82704755.0,ns,36408
256bit,portable,4096,4096,bytes,81681243.0,ns,36852
256bit,portable,4096,4096,bytes,85982219.0,ns,37296
256bit,portable,4096,4096,bytes,84645989.0,ns,37740
256bit,portable,4096,4096,bytes,83877343.0,ns,38184
256bit,portable,4096,4096,bytes,84965750.0,ns,38628
256bit,portable,4096,4096,bytes,85620879.0,ns,39072
256bit,portable,4096,4096,bytes,86741648.0,ns,39516
256bit,portable,4096,4096,bytes,87769208.0,ns,39960
256bit,portable,4096,4096,bytes,88644008.0,ns,40404
256bit,portable,4096,4096,bytes,89345235.0,ns,40848
256bit,portable,4096,4096,bytes,90315016.0,ns,41292
256bit,portable,4096,4096,bytes,91224721.0,ns,41736
256bit,portable,4096,4096,bytes,92167360.0,ns,42180
256bit,portable,4096,4096,bytes,94981169.0,ns,42624
256bit,portable,4096,4096,bytes,94270022.0,ns,43068
256bit,portable,4096,4096,bytes,96102969.0,ns,43512
256bit,portable,4096,4096,bytes,96860003.0,ns,43956
256bit,portable,4096,4096,bytes,98149153.0,ns,44400
256bit,portable,256,256,bytes,981002.0,ns,3311
256bit,portable,256,256,bytes,1963977.0,ns,6622
256bit,portable,256,256,bytes,2980286.0,ns,9933
256bit,portable,256,256,bytes,3939987.0,ns,13244
256bit,portable,256,256,bytes,4918955.0,ns,16555
256bit,portable,256,256,bytes,5908924.0,ns,19866
256bit,portable,256,256,bytes,6901197.0,ns,23177
256bit,portable,256,256,bytes,7858663.0,ns,26488
256bit,portable,256,256,bytes,8844545.0,ns,29799
256bit,portable,256,256,bytes,9828673.0,ns,33110
256bit,portable,256,256,bytes,10810887.0,ns,36421
256bit,portable,256,256,bytes,11784996.0,ns,39732
256bit,portable,256,256,bytes,12786837.0,ns,43043
256bit,portable,256,256,bytes,13733443.0,ns,46354
256bit,portable,256,256,bytes,14757487.0,ns,49665
256bit,portable,256,256,bytes,15727327.0,ns,52976
256bit,portable,256,256,bytes,16679885.0,ns,56287
256bit,portable,256,256,bytes,17658402.0,ns,59598
256bit,portable,256,256,bytes,18971016.0,ns,62909
256bit,portable,256,256,bytes,19650212.0,ns,66220
256bit,portable,256,256,bytes,20590956.0,ns,69531
256bit,portable,256,256,bytes,21595613.0,ns,72842
256bit,portable,256,256,bytes,22603517.0,ns,76153
256bit,portable,256,256,bytes,23526909.0,ns,79464
256bit,portable,256,256,bytes,24766414.0,ns,82775
256bit,portable,256,256,bytes,25633999.0,ns,86086
256bit,portable,256,256,bytes,26588260.0,ns,89397
256bit,portable,256,256,bytes,27568008.0,ns,92708
256bit,portable,256,256,bytes,28576793.0,ns,96019
256bit,portable,256,256,bytes,29481530.0,ns,99330
256bit,portable,256,256,bytes,30441160.0,ns,102641
256bit,portable,256,256,bytes,31569874.0,ns,105952
256bit,portable,256,256,bytes,32562598.0,ns,109263
256bit,portable,256,256,bytes,34136631.0,ns,112574
256bit,portable,256,256,bytes,34808483.0,ns,115885
256bit,portable,256,256,bytes,36846752.0,ns,119196
256bit,portable,256,256,bytes,36887360.0,ns,122507
256bit,portable,256,256,bytes,37678509.0,ns,125818
256bit,portable,256,256,bytes,38768168.0,ns,129129
256bit,portable,256,256,bytes,39627728.0,ns,132440
256bit,portable,256,256,bytes,41033881.0,ns,135751
256bit,portable,256,256,bytes,41853615.0,ns,139062
256bit,portable,256,256,bytes,42481774.0,ns,142373
256bit,portable,256,256,bytes,43466332.0,ns,145684
256bit,portable,256,256,bytes,44454217.0,ns,148995
256bit,portable,256,256,bytes,45442042.0,ns,152306
256bit,portable,256,256,bytes,46388718.0,ns,155617
256bit,portable,256,256,bytes,47335584.0,ns,158928
256bit,portable,256,256,bytes,48643169.0,ns,162239
256bit,portable,256,256,bytes,49340309.0,ns,165550
256bit,portable,256,256,bytes,50273340.0,ns,168861
256bit,portable,256,256,bytes,51780103.0,ns,172172
256bit,portable,256,256,bytes,52535366.0,ns,175483
256bit,portable,256,256,bytes,53487342.0,ns,178794
256bit,portable,256,256,bytes,54454817.0,ns,182105
256bit,portable,256,256,bytes,55513418.0,ns,185416
256bit,portable,256,256,bytes,56793450.0,ns,188727
256bit,portable,256,256,bytes,58307569.0,ns,192038
256bit,portable,256,256,bytes,59334909.0,ns,195349
256bit,portable,256,256,bytes,60443444.0,ns,198660
256bit,portable,256,256,bytes,60611975.0,ns,201971
256bit,portable,256,256,bytes,61466536.0,ns,205282
256bit,portable,256,256,bytes,62410837.0,ns,208593
256bit,portable,256,256,bytes,63449299.0,ns,211904
256bit,portable,256,256,bytes,64391196.0,ns,215215
256bit,portable,256,256,bytes,64790618.0,ns,218526
256bit,portable,256,256,bytes,65980097.0,ns,221837
256bit,portable,256,256,bytes,66976840.0,ns,225148
256bit,portable,256,256,bytes,69003226.0,ns,228459
256bit,portable,256,256,bytes,70945922.0,ns,231770
256bit,portable,256,256,bytes,71541759.0,ns,235081
256bit,portable,256,256,bytes,73812662.0,ns,238392
256bit,portable,256,256,bytes,73329009.0,ns,241703
256bit,portable,256,256,bytes,72929035.0,ns,245014
256bit,portable,256,256,bytes,73882895.0,ns,248325
256bit,portable,256,256,bytes,74811959.0,ns,251636
256bit,portable,256,256,bytes,75615651.0,ns,254947
256bit,portable,256,256,bytes,76652089.0,ns,258258
256bit,portable,256,256,bytes,77617642.0,ns,261569
256bit,portable,256,256,bytes,78672874.0,ns,264880
256bit,portable,256,256,bytes,79734340.0,ns,268191
256bit,portable,256,256,bytes,80576066.0,ns,271502
256bit,portable,256,256,bytes,81525608.0,ns,274813
256bit,portable,256,256,bytes,82465420.0,ns,278124
256bit,portable,256,256,bytes,83625003.0,ns,281435
256bit,portable,256,256,bytes,86082812.0,ns,284746
256bit,portable,256,256,bytes,85601705.0,ns,288057
256bit,portable,256,256,bytes,86500600.0,ns,291368
256bit,portable,256,256,bytes,87110634.0,ns,294679
256bit,portable,256,256,bytes,88235379.0,ns,297990
256bit,portable,256,256,bytes,88984478.0,ns,301301
256bit,portable,256,256,bytes,90075310.0,ns,304612
256bit,portable,256,256,bytes,91127096.0,ns,307923
256bit,portable,256,256,bytes,91933115.0,ns,311234
256bit,portable,256,256,bytes,92899028.0,ns,314545
256bit,portable,256,256,bytes,93897432.0,ns,317856
256bit,portable,256,256,bytes,96497654.0,ns,321167
256bit,portable,256,256,bytes,96677737.0,ns,324478
256bit,portable,256,256,bytes,97548178.0,ns,327789
256bit,portable,256,256,bytes,98173662.0,ns,331100
256bit,sse,1024,1024,bytes,1004377.0,ns,10530
256bit,sse,1024,1024,bytes,1976872.0,ns,21060
256bit,sse,1024,1024,bytes,2956571.0,ns,31590
256bit,sse,1024,1024,bytes,3959745.0,ns,42120
256bit,sse,1024,1024,bytes,4934545.0,ns,52650
256bit,sse,1024,1024,bytes,5927169.0,ns,63180
256bit,sse,1024,1024,bytes,6917719.0,ns,73710
256bit,sse,1024,1024,bytes,7875095.0,ns,84240
256bit,sse,1024,1024,bytes,8879892.0,ns,94770
256bit,sse,1024,1024,bytes,9876624.0,ns,105300
256bit,sse,1024,1024,bytes,10893645.0,ns,115830
256bit,sse,1024,1024,bytes,11838247.0,ns,126360
256bit,sse,1024,1024,bytes,12824418.0,ns,136890
256bit,sse,1024,1024,bytes,13815740.0,ns,147420
256bit,sse,1024,1024,bytes,14775411.0,ns,157950
256bit,sse,1024,1024,bytes,15798953.0,ns,168480
256bit,sse,1024,1024,bytes,16806296.0,ns,179010
256bit,sse,1024,1024,bytes,17854174.0,ns,189540
256bit,sse,1024,1024,bytes,18867609.0,ns,200070
256bit,sse,1024,1024,bytes,19824965.0,ns,210600
256bit,sse,1024,1024,bytes,20823941.0,ns,221130
256bit,sse,1024,1024,bytes,21824950.0,ns,231660
256bit,sse,1024,1024,bytes,22802827.0,ns,242190
256bit,sse,1024,1024,bytes,23838923.0,ns,252720
256bit,sse,1024,1024,bytes,24790318.0,ns,263250
256bit,sse,1024,1024,bytes,25766912.0,ns,273780
256bit,sse,1024,1024,bytes,26785114.0,ns,284310
256bit,sse,1024,1024,bytes,27734296.0,ns,294840
256bit,sse,1024,1024,bytes,28859973.0,ns,305370
256bit,sse,1024,1024,bytes,29851906.0,ns,315900
256bit,sse,1024,1024,bytes,30740862.0,ns,326430
256bit,sse,1024,1024,bytes,32603285.0,ns,336960
256bit,sse,1024,1024,bytes,33491340.0,ns,347490
256bit,sse,1024,1024,bytes,33664169.0,ns,358020
256bit,sse,1024,1024,bytes,34643969.0,ns,368550
256bit,sse,1024,1024,bytes,35662441.0,ns,379080
256bit,sse,1024,1024,bytes,36853144.0,ns,389610
256bit,sse,1024,1024,bytes,37509366.0,ns,400140
256bit,sse,1024,1024,bytes,38564659.0,ns,410670
256bit,sse,1024,1024,bytes,39593432.0,ns,421200
256bit,sse,1024,1024,bytes,40592628.0,ns,431730
256bit,sse,1024,1024,bytes,41529957.0,ns,442260
256bit,sse,1024,1024,bytes,42730668.0,ns,452790
256bit,sse,1024,1024,bytes,43474456.0,ns,463320
256bit,sse,1024,1024,bytes,44482300.0,ns,473850
256bit,sse,1024,1024,bytes,45421672.0,ns,484380
256bit,sse,1024,1024,bytes,46368078.0,ns,494910
256bit,sse,1024,1024,bytes,47338620.0,ns,505440
256bit,sse,1024,1024,bytes,48340972.0,ns,515970
256bit,sse,1024,1024,bytes,49938569.0,ns,526500
256bit,sse,1024,1024,bytes,51083855.0,ns,537030
256bit,sse,1024,1024,bytes,51978843.0,ns,547560
256bit,sse,1024,1024,bytes,52938845.0,ns,558090
256bit,sse,1024,1024,bytes,53972756.0,ns,568620
256bit,sse,1024,1024,bytes,55695433.0,ns,579150
256bit,sse,1024,1024,bytes,56719458.0,ns,589680
256bit,sse,1024,1024,bytes,57078081.0,ns,600210
256bit,sse,1024,1024,bytes,58197568.0,ns,610740
256bit,sse,1024,1024,bytes,59235588.0,ns,621270
256bit,sse,1024,1024,bytes,60597717.0,ns,631800
256bit,sse,1024,1024,bytes,62127696.0,ns,642330
256bit,sse,1024,1024,bytes,62281810.0,ns,652860
256bit,sse,1024,1024,bytes,63132333.0,ns,663390
256bit,sse,1024,1024,bytes,63896852.0,ns,673920
256bit,sse,1024,1024,bytes,64959398.0,ns,684450
256bit,sse,1024,1024,bytes,65102903.0,ns,694980
256bit,sse,1024,1024,bytes,66170058.0,ns,705510
256bit,sse,1024,1024,bytes,67065918.0,ns,716040
256bit,sse,1024,1024,bytes,68163362.0,ns,726570
256bit,sse,1024,1024,bytes,69112032.0,ns,737100
256bit,sse,1024,1024,bytes,71052264.0,ns,747630
256bit,sse,1024,1024,bytes,71764503.0,ns,758160
256bit,sse,1024,1024,bytes,72128106.0,ns,768690
256bit,sse,1024,1024,bytes,73291736.0,ns,779220
256bit,sse,1024,1024,bytes,74109106.0,ns,789750
256bit,sse,1024,1024,bytes,76205345.0,ns,800280
256bit,sse,1024,1024,bytes,76450373.0,ns,810810
256bit,sse,1024,1024,bytes,77139908.0,ns,821340
256bit,sse,1024,1024,bytes,77984300.0,ns,831870
256bit,sse,1024,1024,bytes,78937098.0,ns,842400
256bit,sse,1024,1024,bytes,79931234.0,ns,852930
256bit,sse,1024,1024,bytes,81276541.0,ns,863460
256bit,sse,1024,1024,bytes,82415153.0,ns,873990
256bit,sse,1024,1024,bytes,84182054.0,ns,884520
256bit,sse,1024,1024,bytes,85008361.0,ns,895050
256bit,sse,1024,1024,bytes,85611902.0,ns,905580
256bit,sse,1024,1024,bytes,86487292.0,ns,916110
256bit,sse,1024,1024,bytes,87432266.0,ns,926640
256bit,sse,1024,1024,bytes,88485265.0,ns,937170
256bit,sse,1024,1024,bytes,89423585.0,ns,947700
256bit,sse,1024,1024,bytes,90337228.0,ns,958230
256bit,sse,1024,1024,bytes,91285387.0,ns,968760
256bit,sse,1024,1024,bytes,92256850.0,ns,979290
256bit,sse,1024,1024,bytes,93127863.0,ns,989820
256bit,sse,1024,1024,bytes,94399629.0,ns,1000350
256bit,sse,1024,1024,bytes,97741324.0,ns,1010880
256bit,sse,1024,1024,bytes,96358868.0,ns,1021410
256bit,sse,1024,1024,bytes,97189873.0,ns,1031940
256bit,sse,1024,1024,bytes,98858566.0,ns,1042470
256bit,sse,1024,1024,bytes,99035554.0,ns,1053000
256bit,sse,4,4,bytes,973488.0,ns,26524
256bit,sse,4,4,bytes,1952205.0,ns,53048
256bit,sse,4,4,bytes,2936513.0,ns,79572
256bit,sse,4,4,bytes,3893338.0,ns,106096
256bit,sse,4,4,bytes,4857768.0,ns,132620
256bit,sse,4,4,bytes,5863788.0,ns,159144
256bit,sse,4,4,bytes,6827176.0,ns,185668
256bit,sse,4,4,bytes,7809230.0,ns,212192
256bit,sse,4,4,bytes,8780463.0,ns,238716
256bit,sse,4,4,bytes,9789328.0,ns,265240
256bit,sse,4,4,bytes,10725694.0,ns,291764
256bit,sse,4,4,bytes,11699352.0,ns,318288
256bit,sse,4,4,bytes,12724499.0,ns,344812
256bit,sse,4,4,bytes,13646066.0,ns,371336
256bit,sse,4,4,bytes,14665091.0,ns,397860
256bit,sse,4,4,bytes,15599233.0,ns,424384
256bit,sse,4,4,bytes,16611164.0,ns,450908
256bit,sse,4,4,bytes,17891226.0,ns,477432
256bit,sse,4,4,bytes,18814418.0,ns,503956
256bit,sse,4,4,bytes,19750634.0,ns,530480
256bit,sse,4,4,bytes,21117311.0,ns,557004
256bit,sse,4,4,bytes,21813179.0,ns,583528
256bit,sse,4,4,bytes,22605782.0,ns,610052
256bit,sse,4,4,bytes,23592955.0,ns,636576
256bit,sse,4,4,bytes,25113807.0,ns,663100
256bit,sse,4,4,bytes,25951195.0,ns,689624
256bit,sse,4,4,bytes,26819832.0,ns,716148
256bit,sse,4,4,bytes,27842864.0,ns,742672
256bit,sse,4,4,bytes,28655404.0,ns,769196
256bit,sse,4,4,bytes,29436064.0,ns,795720
256bit,sse,4,4,bytes,30502478.0,ns,822244
256bit,sse,4,4,bytes,33301709.0,ns,848768
256bit,sse,4,4,bytes,32809560.0,ns,875292
256bit,sse,4,4,bytes,33663610.0,ns,901816
256bit,sse,4,4,bytes,34639362.0,ns,928340
256bit,sse,4,4,bytes,35801809.0,ns,954864
256bit,sse,4,4,bytes,36516042.0,ns,981388
256bit,sse,4,4,bytes,37364100.0,ns,1007912
256bit,sse,4,4,bytes,38383325.0,ns,1034436
256bit,sse,4,4,bytes,39419652.0,ns,1060960
256bit,sse,4,4,bytes,40306475.0,ns,1087484
256bit,sse,4,4,bytes,41320549.0,ns,1114008
256bit,sse,4,4,bytes,42234563.0,ns,1140532
256bit,sse,4,4,bytes,43254870.0,ns,1167056
256bit,sse,4,4,bytes,44463356.0,ns,1193580
256bit,sse,4,4,bytes,45190042.0,ns,1220104
256bit,sse,4,4,bytes,46197885.0,ns,1246628
256bit,sse,4,4,bytes,47214715.0,ns,1273152
256bit,sse,4,4,bytes,48124531.0,ns,1299676
256bit,sse,4,4,bytes,48713946.0,ns,1326200
256bit,sse,4,4,bytes,49662866.0,ns,1352724
256bit,sse,4,4,bytes,50660440.0,ns,1379248
256bit,sse,4,4,bytes,51611585.0,ns,1405772
256bit,sse,4,4,bytes,52616302.0,ns,1432296
256bit,sse,4,4,bytes,54891041.0,ns,1458820
256bit,sse,4,4,bytes,55223826.0,ns,1485344
256bit,sse,4,4,bytes,55780388.0,ns,1511868
256bit,sse,4,4,bytes,56899875.0,ns,1538392
256bit,sse,4,4,bytes,57478658.0,ns,1564916
256bit,sse,4,4,bytes,58398764.0,ns,1591440
256bit,sse,4,4,bytes,59364056.0,ns,1617964
256bit,sse,4,4,bytes,60311273.0,ns,1644488
256bit,sse,4,4,bytes,61317163.0,ns,1671012
256bit,sse,4,4,bytes,62554854.0,ns,1697536
256bit,sse,4,4,bytes,63250351.0,ns,1724060
256bit,sse,4,4,bytes,64467724.0,ns,1750584
256bit,sse,4,4,bytes,65447643.0,ns,1777108
256bit,sse,4,4,bytes,66461308.0,ns,1803632
256bit,sse,4,4,bytes,67372846.0,ns,1830156
256bit,sse,4,4,bytes,68275128.0,ns,1856680
256bit,sse,4,4,bytes,69750994.0,ns,1883204
256bit,sse,4,4,bytes,71753215.0,ns,1909728
256bit,sse,4,4,bytes,71646170.0,ns,1936252
256bit,sse,4,4,bytes,72407016.0,ns,1962776
256bit,sse,4,4,bytes,73876395.0,ns,1989300
256bit,sse,4,4,bytes,77807876.0,ns,2015824
256bit,sse,4,4,bytes,77773000.0,ns,2042348
256bit,sse,4,4,bytes,79796941.0,ns,2068872
256bit,sse,4,4,bytes,77428332.0,ns,2095396
256bit,sse,4,4,bytes,78457065.0,ns,2121920
256bit,sse,4,4,bytes,79448647.0,ns,2148444
256bit,sse,4,4,bytes,82112780.0,ns,2174968
256bit,sse,4,4,bytes,81779986.0,ns,2201492
256bit,sse,4,4,bytes,83156441.0,ns,2228016
256bit,sse,4,4,bytes,85169292.0,ns,2254540
256bit,sse,4,4,bytes,84956296.0,ns,2281064
256bit,sse,4,4,bytes,85591588.0,ns,2307588
256bit,sse,4,4,bytes,86593810.0,ns,2334112
256bit,sse,4,4,bytes,87503646.0,ns,2360636
256bit,sse,4,4,bytes,88504987.0,ns,2387160
256bit,sse,4,4,bytes,89759580.0,ns,2413684
256bit,sse,4,4,bytes,90514742.0,ns,2440208
256bit,sse,4,4,bytes,91472028.0,ns,2466732
256bit,sse,4,4,bytes,92481573.0,ns,2493256
256bit,sse,4,4,bytes,93479108.0,ns,2519780
256bit,sse,4,4,bytes,96026247.0,ns,2546304
256bit,sse,4,4,bytes,95800125.0,ns,2572828
256bit,sse,4,4,bytes,96908811.0,ns,2599352
256bit,sse,4,4,bytes,97528132.0,ns,2625876
256bit,sse,4,4,bytes,98379988.0,ns,2652400
256bit,sse,16384,16384,bytes,992574.0,ns,956
256bit,sse,16384,16384,bytes,1970089.0,ns,1912
256bit,sse,16384,16384,bytes,2956040.0,ns,2868
256bit,sse,16384,16384,bytes,3989341.0,ns,3824
256bit,sse,16384,16384,bytes,5002775.0,ns,4780
256bit,sse,16384,16384,bytes,5927139.0,ns,5736
256bit,sse,16384,16384,bytes,6913250.0,ns,6692
256bit,sse,16384,16384,bytes,7914299.0,ns,7648
256bit,sse,16384,16384,bytes,8910511.0,ns,8604
256bit,sse,16384,16384,bytes,9875552.0,ns,9560
256bit,sse,16384,16384,bytes,10844460.0,ns,10516
256bit,sse,16384,16384,bytes,11823308.0,ns,11472
256bit,sse,16384,16384,bytes,12816252.0,ns,12428
256bit,sse,16384,16384,bytes,13804999.0,ns,13384
256bit,sse,16384,16384,bytes,14824193.0,ns,14340
256bit,sse,16384,16384,bytes,15761522.0,ns,15296
256bit,sse,16384,16384,bytes,16731122.0,ns,16252
256bit,sse,16384,16384,bytes,17767279.0,ns,17208
256bit,sse,16384,16384,bytes,18889560.0,ns,18164
256bit,sse,16384,16384,bytes,19824534.0,ns,19120
256bit,sse,16384,16384,bytes,20798763.0,ns,20076
256bit,sse,16384,16384,bytes,22526087.0,ns,21032
256bit,sse,16384,16384,bytes,23906191.0,ns,21988
256bit,sse,16384,16384,bytes,24390385.0,ns,22944
256bit,sse,16384,16384,bytes,24681461.0,ns,23900
256bit,sse,16384,16384,bytes,25659185.0,ns,24856
256bit,sse,16384,16384,bytes,26682258.0,ns,25812
256bit,sse,16384,16384,bytes,27638202.0,ns,26768
256bit,sse,16384,16384,bytes,28601269.0,ns,27724
256bit,sse,16384,16384,bytes,29589064.0,ns,28680
256bit,sse,16384,16384,bytes,30619590.0,ns,29636
256bit,sse,16384,16384,bytes,31639475.0,ns,30592
256bit,sse,16384,16384,bytes,33422377.0,ns,31548
256bit,sse,16384,16384,bytes,34010148.0,ns,32504
256bit,sse,16384,16384,bytes,34625854.0,ns,33460
256bit,sse,16384,16384,bytes,35492126.0,ns,34416
256bit,sse,16384,16384,bytes,36580222.0,ns,35372
256bit,sse,16384,16384,bytes,37497703.0,ns,36328
256bit,sse,16384,16384,bytes,38569318.0,ns,37284
256bit,sse,16384,16384,bytes,39520472.0,ns,38240
256bit,sse,16384,16384,bytes,40503548.0,ns,39196
256bit,sse,16384,16384,bytes,41520849.0,ns,40152
256bit,sse,16384,16384,bytes,42472785.0,ns,41108
256bit,sse,16384,16384,bytes,43428959.0,ns,42064
256bit,sse,16384,16384,bytes,44443024.0,ns,43020
256bit,sse,16384,16384,bytes,45480544.0,ns,43976
256bit,sse,16384,16384,bytes,46441367.0,ns,44932
256bit,sse,16384,16384,bytes,47501720.0,ns,45888
256bit,sse,16384,16384,bytes,48503721.0,ns,46844
256bit,sse,16384,16384,bytes,50034953.0,ns,47800
256bit,sse,16384,16384,bytes,52005713.0,ns,48756
256bit,sse,16384,16384,bytes,51577616.0,ns,49712
256bit,sse,16384,16384,bytes,52475710.0,ns,50668
256bit,sse,16384,16384,bytes,53445761.0,ns,51624
256bit,sse,16384,16384,bytes,54931776.0,ns,52580
256bit,sse,16384,16384,bytes,56162304.0,ns,53536
256bit,sse,16384,16384,bytes,57968760.0,ns,54492
256bit,sse,16384,16384,bytes,57441735.0,ns,55448
256bit,sse,16384,16384,bytes,58342483.0,ns,56404
256bit,sse,16384,16384,bytes,59317653.0,ns,57360
256bit,sse,16384,16384,bytes,60372486.0,ns,58316
256bit,sse,16384,16384,bytes,61326075.0,ns,59272
256bit,sse,16384,16384,bytes,62515264.0,ns,60228
256bit,sse,16384,16384,bytes,63465207.0,ns,61184
256bit,sse,16384,16384,bytes,64247730.0,ns,62140
256bit,sse,16384,16384,bytes,65267946.0,ns,63096
256bit,sse,16384,16384,bytes,66534483.0,ns,64052
256bit,sse,16384,16384,bytes,69340616.0,ns,65008
256bit,sse,16384,16384,bytes,68227523.0,ns,65964
256bit,sse,16384,16384,bytes,69143761.0,ns,66920
256bit,sse,16384,16384,bytes,70192602.0,ns,67876
256bit,sse,16384,16384,bytes,71599908.0,ns,68832
256bit,sse,16384,16384,bytes,72236813.0,ns,69788
256bit,sse,16384,16384,bytes,73125848.0,ns,70744
256bit,sse,16384,16384,bytes,74216680.0,ns,71700
256bit,sse,16384,16384,bytes,75075719.0,ns,72656
256bit,sse,16384,16384,bytes,76402806.0,ns,73612
256bit,sse,16384,16384,bytes,77049425.0,ns,74568
256bit,sse,16384,16384,bytes,78017111.0,ns,75524
256bit,sse,16384,16384,bytes,79218764.0,ns,76480
256bit,sse,16384,16384,bytes,82266518.0,ns,77436
256bit,sse,16384,16384,bytes,81274816.0,ns,78392
256bit,sse,16384,16384,bytes,82110891.0,ns,79348
256bit,sse,16384,16384,bytes,83027981.0,ns,80304
256bit,sse,16384,16384,bytes,84455144.0,ns,81260
256bit,sse,16384,16384,bytes,84970928.0,ns,82216
256bit,sse,16384,16384,bytes,86049315.0,ns,83172
256bit,sse,16384,16384,bytes,87049183.0,ns,84128
256bit,sse,16384,16384,bytes,87929302.0,ns,85084
256bit,sse,16384,16384,bytes,88966847.0,ns,86040
256bit,sse,16384,16384,bytes,89928146.0,ns,86996
256bit,sse,16384,16384,bytes,90927543.0,ns,87952
256bit,sse,16384,16384,bytes,93928389.0,ns,88908
256bit,sse,16384,16384,bytes,93049721.0,ns,89864
256bit,sse,16384,16384,bytes,93969988.0,ns,90820
256bit,sse,16384,16384,bytes,95058675.0,ns,91776
256bit,sse,16384,16384,bytes,96153874.0,ns,92732
256bit,sse,16384,16384,bytes,96884618.0,ns,93688
256bit,sse,16384,16384,bytes,97859669.0,ns,94644
256bit,sse,16384,16384,bytes,98755518.0,ns,95600
256bit,sse,1,1,bytes,965583.0,ns,26329
256bit,sse,1,1,bytes,2035414.0,ns,52658
256bit,sse,1,1,bytes,3076490.0,ns,78987
256bit,sse,1,1,bytes,4100163.0,ns,105316
256bit,sse,1,1,bytes,5112314.0,ns,131645
256bit,sse,1,1,bytes,6136869.0,ns,157974
256bit,sse,1,1,bytes,7144001.0,ns,184303
256bit,sse,1,1,bytes,8210746.0,ns,210632
256bit,sse,1,1,bytes,9207899.0,ns,236961
256bit,sse,1,1,bytes,10387730.0,ns,263290
256bit,sse,1,1,bytes,11264823.0,ns,289619
256bit,sse,1,1,bytes,12258579.0,ns,315948
256bit,sse,1,1,bytes,13279267.0,ns,342277
256bit,sse,1,1,bytes,14338337.0,ns,368606
256bit,sse,1,1,bytes,15327335.0,ns,394935
256bit,sse,1,1,bytes,16383109.0,ns,421264
256bit,sse,1,1,bytes,17403286.0,ns,447593
256bit,sse,1,1,bytes,17588399.0,ns,473922
256bit,sse,1,1,bytes,18535005.0,ns,500251
256bit,sse,1,1,bytes,19510195.0,ns,526580
256bit,sse,1,1,bytes,20451933.0,ns,552909
256bit,sse,1,1,bytes,21443114.0,ns,579238
256bit,sse,1,1,bytes,22661138.0,ns,605567
256bit,sse,1,1,bytes,24420033.0,ns,631896
256bit,sse,1,1,bytes,24867648.0,ns,658225
256bit,sse,1,1,bytes,25430271.0,ns,684554
256bit,sse,1,1,bytes,26555528.0,ns,710883
256bit,sse,1,1,bytes,27361246.0,ns,737212
256bit,sse,1,1,bytes,28342157.0,ns,763541
256bit,sse,1,1,bytes,29353146.0,ns,789870
256bit,sse,1,1,bytes,30275486.0,ns,816199
256bit,sse,1,1,bytes,31229696.0,ns,842528
256bit,sse,1,1,bytes,32159190.0,ns,868857
256bit,sse,1,1,bytes,33536488.0,ns,895186
256bit,sse,1,1,bytes,34409603.0,ns,921515
256bit,sse,1,1,bytes,35329419.0,ns,947844
256bit,sse,1,1,bytes,36399109.0,ns,974173
256bit,sse,1,1,bytes,37380723.0,ns,1000502
256bit,sse,1,1,bytes,38385260.0,ns,1026831
256bit,sse,1,1,bytes,39340621.0,ns,1053160
256bit,sse,1,1,bytes,40431759.0,ns,1079489
256bit,sse,1,1,bytes,41433054.0,ns,1105818
256bit,sse,1,1,bytes,42306511.0,ns,1132147
256bit,sse,1,1,bytes,43259490.0,ns,1158476
256bit,sse,1,1,bytes,44264016.0,ns,1184805
256bit,sse,1,1,bytes,45361400.0,ns,1211134
256bit,sse,1,1,bytes,46220519.0,ns,1237463
256bit,sse,1,1,bytes,47141366.0,ns,1263792
256bit,sse,1,1,bytes,48130052.0,ns,1290121
256bit,sse,1,1,bytes,48608525.0,ns,1316450
256bit,sse,1,1,bytes,51350046.0,ns,1342779
256bit,sse,1,1,bytes,51129485.0,ns,1369108
256bit,sse,1,1,bytes,51896138.0,ns,1395437
256bit,sse,1,1,bytes,52667800.0,ns,1421766
256bit,sse,1,1,bytes,53678960.0,ns,1448095
256bit,sse,1,1,bytes,54716509.0,ns,1474424
256bit,sse,1,1,bytes,55478954.0,ns,1500753
256bit,sse,1,1,bytes,56480174.0,ns,1527082
256bit,sse,1,1,bytes,57568110.0,ns,1553411
256bit,sse,1,1,bytes,58496802.0,ns,1579740
256bit,sse,1,1,bytes,59520084.0,ns,1606069
256bit,sse,1,1,bytes,60323488.0,ns,1632398
256bit,sse,1,1,bytes,61294631.0,ns,1658727
256bit,sse,1,1,bytes,62435797.0,ns,1685056
256bit,sse,1,1,bytes,65140719.0,ns,1711385
256bit,sse,1,1,bytes,69462404.0,ns,1737714
256bit,sse,1,1,bytes,69318660.0,ns,1764043
256bit,sse,1,1,bytes,73913478.0,ns,1790372
256bit,sse,1,1,bytes,73519876.0,ns,1816701
256bit,sse,1,1,bytes,72091832.0,ns,1843030
256bit,sse,1,1,bytes,72875207.0,ns,1869359
256bit,sse,1,1,bytes,75583564.0,ns,1895688
256bit,sse,1,1,bytes,74826810.0,ns,1922017
256bit,sse,1,1,bytes,75831938.0,ns,1948346
256bit,sse,1,1,bytes,76962504.0,ns,1974675
256bit,sse,1,1,bytes,77739076.0,ns,2001004
256bit,sse,1,1,bytes,78846450.0,ns,2027333
256bit,sse,1,1,bytes,79789578.0,ns,2053662
256bit,sse,1,1,bytes,81021960.0,ns,2079991
256bit,sse,1,1,bytes,81895036.0,ns,2106320
256bit,sse,1,1,bytes,84561324.0,ns,2132649
256bit,sse,1,1,bytes,80195282.0,ns,2158978
256bit,sse,1,1,bytes,81090051.0,ns,2185307
256bit,sse,1,1,bytes,82425067.0,ns,2211636
256bit,sse,1,1,bytes,82912998.0,ns,2237965
256bit,sse,1,1,bytes,83690542.0,ns,2264294
256bit,sse,1,1,bytes,84747088.0,ns,2290623
256bit,sse,1,1,bytes,86072156.0,ns,2316952
256bit,sse,1,1,bytes,86795526.0,ns,2343281
256bit,sse,1,1,bytes,87827836.0,ns,2369610
256bit,sse,1,1,bytes,88803157.0,ns,2395939
256bit,sse,1,1,bytes,89623823.0,ns,2422268
256bit,sse,1,1,bytes,92266314.0,ns,2448597
256bit,sse,1,1,bytes,91913862.0,ns,2474926
256bit,sse,1,1,bytes,92713197.0,ns,2501255
256bit,sse,1,1,bytes,93610780.0,ns,2527584
256bit,sse,1,1,bytes,94570901.0,ns,2553913
256bit,sse,1,1,bytes,96697460.0,ns,2580242
256bit,sse,1,1,bytes,97354523.0,ns,2606571
256bit,sse,1,1,bytes,98192692.0,ns,2632900
256bit,sse,64,64,bytes,1034564.0,ns,28593
256bit,sse,64,64,bytes,1992010.0,ns,57186
256bit,sse,64,64,bytes,2969656.0,ns,85779
256bit,sse,64,64,bytes,3942813.0,ns,114372
256bit,sse,64,64,bytes,4935707.0,ns,142965
256bit,sse,64,64,bytes,5937298.0,ns,171558
256bit,sse,64,64,bytes,6920344.0,ns,200151
256bit,sse,64,64,bytes,7886136.0,ns,228744
256bit,sse,64,64,bytes,8892307.0,ns,257337
256bit,sse,64,64,bytes,9855244.0,ns,285930
256bit,sse,64,64,bytes,10965572.0,ns,314523
256bit,sse,64,64,bytes,11922458.0,ns,343116
256bit,sse,64,64,bytes,13359840.0,ns,371709
256bit,sse,64,64,bytes,14544099.0,ns,400302
256bit,sse,64,64,bytes,15265235.0,ns,428895
256bit,sse,64,64,bytes,15864449.0,ns,457488
256bit,sse,64,64,bytes,16801767.0,ns,486081
256bit,sse,64,64,bytes,17986457.0,ns,514674
256bit,sse,64,64,bytes,19128146.0,ns,543267
256bit,sse,64,64,bytes,20069411.0,ns,571860
256bit,sse,64,64,bytes,21022590.0,ns,600453
256bit,sse,64,64,bytes,23184425.0,ns,629046
256bit,sse,64,64,bytes,23459600.0,ns,657639
256bit,sse,64,64,bytes,24000552.0,ns,686232
256bit,sse,64,64,bytes,24986734.0,ns,714825
256bit,sse,64,64,bytes,25993274.0,ns,743418
256bit,sse,64,64,bytes,27053267.0,ns,772011
256bit,sse,64,64,bytes,27998981.0,ns,800604
256bit,sse,64,64,bytes,28990473.0,ns,829197
256bit,sse,64,64,bytes,29978919.0,ns,857790
256bit,sse,64,64,bytes,30936576.0,ns,886383
256bit,sse,64,64,bytes,32268937.0,ns,914976
256bit,sse,64,64,bytes,33008850.0,ns,943569
256bit,sse,64,64,bytes,33486541.0,ns,972162
256bit,sse,64,64,bytes,34525644.0,ns,1000755
256bit,sse,64,64,bytes,35471117.0,ns,1029348
256bit,sse,64,64,bytes,36517915.0,ns,1057941
256bit,sse,64,64,bytes,37412041.0,ns,1086534
256bit,sse,64,64,bytes,38420284.0,ns,1115127
256bit,sse,64,64,bytes,39415293.0,ns,1143720
256bit,sse,64,64,bytes,40551831.0,ns,1172313
256bit,sse,64,64,bytes,41352950.0,ns,1200906
256bit,sse,64,64,bytes,42355262.0,ns,1229499
256bit,sse,64,64,bytes,43364788.0,ns,1258092
256bit,sse,64,64,bytes,44488963.0,ns,1286685
256bit,sse,64,64,bytes,45380815.0,ns,1315278
256bit,sse,64,64,bytes,48244960.0,ns,1343871
256bit,sse,64,64,bytes,47394347.0,ns,1372464
256bit,sse,64,64,bytes,49020941.0,ns,1401057
256bit,sse,64,64,bytes,51702135.0,ns,1429650
256bit,sse,64,64,bytes,53682875.0,ns,1458243
256bit,sse,64,64,bytes,55885879.0,ns,1486836
256bit,sse,64,64,bytes,55665508.0,ns,1515429
256bit,sse,64,64,bytes,55001531.0,ns,1544022
256bit,sse,64,64,bytes,56283788.0,ns,1572615
256bit,sse,64,64,bytes,57045069.0,ns,1601208
256bit,sse,64,64,bytes,58212147.0,ns,1629801
256bit,sse,64,64,bytes,58818413.0,ns,1658394
256bit,sse,64,64,bytes,60022430.0,ns,1686987
256bit,sse,64,64,bytes,61598994.0,ns,1715580
256bit,sse,64,64,bytes,62157594.0,ns,1744173
256bit,sse,64,64,bytes,63159396.0,ns,1772766
256bit,sse,64,64,bytes,64333145.0,ns,1801359
256bit,sse,64,64,bytes,65833007.0,ns,1829952
256bit,sse,64,64,bytes,67311878.0,ns,1858545
256bit,sse,64,64,bytes,66374380.0,ns,1887138
256bit,sse,64,64,bytes,66984053.0,ns,1915731
256bit,sse,64,64,bytes,67556044.0,ns,1944324
256bit,sse,64,64,bytes,68413380.0,ns,1972917
256bit,sse,64,64,bytes,69279363.0,ns,2001510
256bit,sse,64,64,bytes,70522564.0,ns,2030103
256bit,sse,64,64,bytes,71373729.0,ns,2058696
256bit,sse,64,64,bytes,72306789.0,ns,2087289
256bit,sse,64,64,bytes,73254577.0,ns,2115882
256bit,sse,64,64,bytes,74226501.0,ns,2144475
256bit,sse,64,64,bytes,75345777.0,ns,2173068
256bit,sse,64,64,bytes,76713887.0,ns,2201661
256bit,sse,64,64,bytes,78765622.0,ns,2230254
256bit,sse,64,64,bytes,80070031.0,ns,2258847
256bit,sse,64,64,bytes,83389484.0,ns,2287440
256bit,sse,64,64,bytes,81336758.0,ns,2316033
256bit,sse,64,64,bytes,82803024.0,ns,2344626
256bit,sse,64,64,bytes,84404631.0,ns,2373219
256bit,sse,64,64,bytes,84631674.0,ns,2401812
256bit,sse,64,64,bytes,86373537.0,ns,2430405
256bit,sse,64,64,bytes,86245193.0,ns,2458998
256bit,sse,64,64,bytes,87197630.0,ns,2487591
256bit,sse,64,64,bytes,88166839.0,ns,2516184
256bit,sse,64,64,bytes,89331030.0,ns,2544777
256bit,sse,64,64,bytes,91618384.0,ns,2573370
256bit,sse,64,64,bytes,91579240.0,ns,2601963
256bit,sse,64,64,bytes,92161350.0,ns,2630556
256bit,sse,64,64,bytes,93807291.0,ns,2659149
256bit,sse,64,64,bytes,96761067.0,ns,2687742
256bit,sse,64,64,bytes,98819664.0,ns,2716335
256bit,sse,64,64,bytes,99502697.0,ns,2744928
256bit,sse,64,64,bytes,97431034.0,ns,2773521
256bit,sse,64,64,bytes,97164325.0,ns,2802114
256bit,sse,64,64,bytes,97891593.0,ns,2830707
256bit,sse,64,64,bytes,99056216.0,ns,2859300
256bit,sse,16,16,bytes,975702.0,ns,26052
256bit,sse,16,16,bytes,1992611.0,ns,52104
256bit,sse,16,16,bytes,3015874.0,ns,78156
256bit,sse,16,16,bytes,4052491.0,ns,104208
256bit,sse,16,16,bytes,5014898.0,ns,130260
256bit,sse,16,16,bytes,5980100.0,ns,156312
256bit,sse,16,16,bytes,7038640.0,ns,182364
256bit,sse,16,16,bytes,7993161.0,ns,208416
256bit,sse,16,16,bytes,9017606.0,ns,234468
256bit,sse,16,16,bytes,10029466.0,ns,260520
256bit,sse,16,16,bytes,11069560.0,ns,286572
256bit,sse,16,16,bytes,12030303.0,ns,312624
256bit,sse,16,16,bytes,13082671.0,ns,338676
256bit,sse,16,16,bytes,14058534.0,ns,364728
256bit,sse,16,16,bytes,15030989.0,ns,390780
256bit,sse,16,16,bytes,16077746.0,ns,416832
256bit,sse,16,16,bytes,17061183.0,ns,442884
256bit,sse,16,16,bytes,17549354.0,ns,468936
256bit,sse,16,16,bytes,18534133.0,ns,494988
256bit,sse,16,16,bytes,19545562.0,ns,521040
256bit,sse,16,16,bytes,20447323.0,ns,547092
256bit,sse,16,16,bytes,21586757.0,ns,573144
256bit,sse,16,16,bytes,22694300.0,ns,599196
256bit,sse,16,16,bytes,23443109.0,ns,625248
256bit,sse,16,16,bytes,24438679.0,ns,651300
256bit,sse,16,16,bytes,25532145.0,ns,677352
256bit,sse,16,16,bytes,26400631.0,ns,703404
256bit,sse,16,16,bytes,27342238.0,ns,729456
256bit,sse,16,16,bytes,28300437.0,ns,755508
256bit,sse,16,16,bytes,29353816.0,ns,781560
256bit,sse,16,16,bytes,30328706.0,ns,807612
256bit,sse,16,16,bytes,31213785.0,ns,833664
256bit,sse,16,16,bytes,32170200.0,ns,859716
256bit,sse,16,16,bytes,33313782.0,ns,885768
256bit,sse,16,16,bytes,34271018.0,ns,911820
256bit,sse,16,16,bytes,35502247.0,ns,937872
256bit,sse,16,16,bytes,36274300.0,ns,963924
256bit,sse,16,16,bytes,37231256.0,ns,989976
256bit,sse,16,16,bytes,38203281.0,ns,1016028
256bit,sse,16,16,bytes,41432252.0,ns,1042080
256bit,sse,16,16,bytes,40569626.0,ns,1068132
256bit,sse,16,16,bytes,41230747.0,ns,1094184
256bit,sse,16,16,bytes,42141545.0,ns,1120236
256bit,sse,16,16,bytes,43103671.0,ns,1146288
256bit,sse,16,16,bytes,44104590.0,ns,1172340
256bit,sse,16,16,bytes,45101061.0,ns,1198392
256bit,sse,16,16,bytes,46037358.0,ns,1224444
256bit,sse,16,16,bytes,47030573.0,ns,1250496
256bit,sse,16,16,bytes,48009762.0,ns,1276548
256bit,sse,16,16,bytes,48610417.0,ns,1302600
256bit,sse,16,16,bytes,49676391.0,ns,1328652
256bit,sse,16,16,bytes,50709522.0,ns,1354704
256bit,sse,16,16,bytes,51546680.0,ns,1380756
256bit,sse,16,16,bytes,52393265.0,ns,1406808
256bit,sse,16,16,bytes,53524769.0,ns,1432860
256bit,sse,16,16,bytes,54412999.0,ns,1458912
256bit,sse,16,16,bytes,55559546.0,ns,1484964
256bit,sse,16,16,bytes,56598338.0,ns,1511016
256bit,sse,16,16,bytes,57371123.0,ns,1537068
256bit,sse,16,16,bytes,58782135.0,ns,1563120
256bit,sse,16,16,bytes,60704473.0,ns,1589172
256bit,sse,16,16,bytes,60528807.0,ns,1615224
256bit,sse,16,16,bytes,61522534.0,ns,1641276
256bit,sse,16,16,bytes,62436837.0,ns,1667328
256bit,sse,16,16,bytes,63445222.0,ns,1693380
256bit,sse,16,16,bytes,66345316.0,ns,1719432
256bit,sse,16,16,bytes,67448871.0,ns,1745484
256bit,sse,16,16,bytes,68341343.0,ns,1771536
256bit,sse,16,16,bytes,69704905.0,ns,1797588
256bit,sse,16,16,bytes,70166396.0,ns,1823640
256bit,sse,16,16,bytes,71230957.0,ns,1849692
256bit,sse,16,16,bytes,72176561.0,ns,1875744
256bit,sse,16,16,bytes,73271570.0,ns,1901796
256bit,sse,16,16,bytes,74255469.0,ns,1927848
256bit,sse,16,16,bytes,75420871.0,ns,1953900
256bit,sse,16,16,bytes,77908688.0,ns,1979952
256bit,sse,16,16,bytes,77255472.0,ns,2006004
256bit,sse,16,16,bytes,78132325.0,ns,2032056
256bit,sse,16,16,bytes,79100792.0,ns,2058108
256bit,sse,16,16,bytes,80365034.0,ns,2084160
256bit,sse,16,16,bytes,81310669.0,ns,2110212
256bit,sse,16,16,bytes,80129986.0,ns,2136264
256bit,sse,16,16,bytes,80920625.0,ns,2162316
256bit,sse,16,16,bytes,81915492.0,ns,2188368
256bit,sse,16,16,bytes,82905101.0,ns,2214420
256bit,sse,16,16,bytes,84321363.0,ns,2240472
256bit,sse,16,16,bytes,86077493.0,ns,2266524
256bit,sse,16,16,bytes,91368138.0,ns,2292576
256bit,sse,16,16,bytes,88711489.0,ns,2318628
256bit,sse,16,16,bytes,92196799.0,ns,2344680
256bit,sse,16,16,bytes,90415711.0,ns,2370732
256bit,sse,16,16,bytes,90138121.0,ns,2396784
256bit,sse,16,16,bytes,92349530.0,ns,2422836
256bit,sse,16,16,bytes,91881929.0,ns,2448888
256bit,sse,16,16,bytes,92741348.0,ns,2474940
256bit,sse,16,16,bytes,93836217.0,ns,2500992
256bit,sse,16,16,bytes,94891500.0,ns,2527044
256bit,sse,16,16,bytes,95977273.0,ns,2553096
256bit,sse,16,16,bytes,98981584.0,ns,2579148
256bit,sse,16,16,bytes,98165778.0,ns,2605200
256bit,sse,65536,65536,bytes,991021.0,ns,245
256bit,sse,65536,65536,bytes,1976131.0,ns,490
256bit,sse,65536,65536,bytes,2962091.0,ns,735
256bit,sse,65536,65536,bytes,3962089.0,ns,980
256bit,sse,65536,65536,bytes,4966946.0,ns,1225
256bit,sse,65536,65536,bytes,5938540.0,ns,1470
256bit,sse,65536,65536,bytes,6937196.0,ns,1715
256bit,sse,65536,65536,bytes,7901455.0,ns,1960
256bit,sse,65536,65536,bytes,8918445.0,ns,2205
256bit,sse,65536,65536,bytes,9876564.0,ns,2450
256bit,sse,65536,65536,bytes,10931998.0,ns,2695
256bit,sse,65536,65536,bytes,11879264.0,ns,2940
256bit,sse,65536,65536,bytes,12899020.0,ns,3185
256bit,sse,65536,65536,bytes,13849313.0,ns,3430
256bit,sse,65536,65536,bytes,14852086.0,ns,3675
256bit,sse,65536,65536,bytes,16094176.0,ns,3920
256bit,sse,65536,65536,bytes,16881719.0,ns,4165
256bit,sse,65536,65536,bytes,17838034.0,ns,4410
256bit,sse,65536,65536,bytes,18802373.0,ns,4655
256bit,sse,65536,65536,bytes,19878055.0,ns,4900
256bit,sse,65536,65536,bytes,20827277.0,ns,5145
256bit,sse,65536,65536,bytes,21803499.0,ns,5390
256bit,sse,65536,65536,bytes,22806263.0,ns,5635
256bit,sse,65536,65536,bytes,23745444.0,ns,5880
256bit,sse,65536,65536,bytes,24760391.0,ns,6125
256bit,sse,65536,65536,bytes,25784014.0,ns,6370
256bit,sse,65536,65536,bytes,26841170.0,ns,6615
256bit,sse,65536,65536,bytes,27741318.0,ns,6860
256bit,sse,65536,65536,bytes,28698946.0,ns,7105
256bit,sse,65536,65536,bytes,29880650.0,ns,7350
256bit,sse,65536,65536,bytes,30675466.0,ns,7595
256bit,sse,65536,65536,bytes,31702957.0,ns,7840
256bit,sse,65536,65536,bytes,32652218.0,ns,8085
256bit,sse,65536,65536,bytes,33638860.0,ns,8330
256bit,sse,65536,65536,bytes,34617337.0,ns,8575
256bit,sse,65536,65536,bytes,36760797.0,ns,8820
256bit,sse,65536,65536,bytes,37055569.0,ns,9065
256bit,sse,65536,65536,bytes,37707242.0,ns,9310
256bit,sse,65536,65536,bytes,38699185.0,ns,9555
256bit,sse,65536,65536,bytes,39626514.0,ns,9800
256bit,sse,65536,65536,bytes,40609149.0,ns,10045
256bit,sse,65536,65536,bytes,41578678.0,ns,10290
256bit,sse,65536,65536,bytes,42559580.0,ns,10535
256bit,sse,65536,65536,bytes,43591970.0,ns,10780
256bit,sse,65536,65536,bytes,44556440.0,ns,11025
256bit,sse,65536,65536,bytes,45599681.0,ns,11270
256bit,sse,65536,65536,bytes,46620779.0,ns,11515
256bit,sse,65536,65536,bytes,47517329.0,ns,11760
256bit,sse,65536,65536,bytes,48611818.0,ns,12005
256bit,sse,65536,65536,bytes,49680326.0,ns,12250
256bit,sse,65536,65536,bytes,50622724.0,ns,12495
256bit,sse,65536,65536,bytes,51677246.0,ns,12740
256bit,sse,65536,65536,bytes,52504785.0,ns,12985
256bit,sse,65536,65536,bytes,53724051.0,ns,13230
256bit,sse,65536,65536,bytes,54531302.0,ns,13475
256bit,sse,65536,65536,bytes,55547951.0,ns,13720
256bit,sse,65536,65536,bytes,56578708.0,ns,13965
256bit,sse,65536,65536,bytes,59909974.0,ns,14210
256bit,sse,65536,65536,bytes,58525451.0,ns,14455
256bit,sse,65536,65536,bytes,59440357.0,ns,14700
256bit,sse,65536,65536,bytes,60371213.0,ns,14945
256bit,sse,65536,65536,bytes,61437888.0,ns,15190
256bit,sse,65536,65536,bytes,62409282.0,ns,15435
256bit,sse,65536,65536,bytes,63615142.0,ns,15680
256bit,sse,65536,65536,bytes,64622034.0,ns,15925
256bit,sse,65536,65536,bytes,65652790.0,ns,16170
256bit,sse,65536,65536,bytes,66358647.0,ns,16415
256bit,sse,65536,65536,bytes,67367502.0,ns,16660
256bit,sse,65536,65536,bytes,68337041.0,ns,16905
256bit,sse,65536,65536,bytes,69232630.0,ns,17150
256bit,sse,65536,65536,bytes,70421980.0,ns,17395
256bit,sse,65536,65536,bytes,71164927.0,ns,17640
256bit,sse,65536,65536,bytes,74174268.0,ns,17885
256bit,sse,65536,65536,bytes,75229993.0,ns,18130
256bit,sse,65536,65536,bytes,75622382.0,ns,18375
256bit,sse,65536,65536,bytes,75195316.0,ns,18620
256bit,sse,65536,65536,bytes,76327907.0,ns,18865
256bit,sse,65536,65536,bytes,77130979.0,ns,19110
256bit,sse,65536,65536,bytes,78177276.0,ns,19355
256bit,sse,65536,65536,bytes,79119002.0,ns,19600
256bit,sse,65536,65536,bytes,80171792.0,ns,19845
256bit,sse,65536,65536,bytes,81064274.0,ns,20090
256bit,sse,65536,65536,bytes,82333786.0,ns,20335
256bit,sse,65536,65536,bytes,83370715.0,ns,20580
256bit,sse,65536,65536,bytes,84200698.0,ns,20825
256bit,sse,65536,65536,bytes,87010669.0,ns,21070
256bit,sse,65536,65536,bytes,86154786.0,ns,21315
256bit,sse,65536,65536,bytes,87121109.0,ns,21560
256bit,sse,65536,65536,bytes,88013713.0,ns,21805
256bit,sse,65536,65536,bytes,88927988.0,ns,22050
256bit,sse,65536,65536,bytes,89964685.0,ns,22295
256bit,sse,65536,65536,bytes,91181086.0,ns,22540
256bit,sse,65536,65536,bytes,92085512.0,ns,22785
256bit,sse,65536,65536,bytes,93138871.0,ns,23030
256bit,sse,65536,65536,bytes,93892820.0,ns,23275
256bit,sse,65536,65536,bytes,95355991.0,ns,23520
256bit,sse,65536,65536,bytes,97363271.0,ns,23765
256bit,sse,65536,65536,bytes,98209195.0,ns,24010
256bit,sse,65536,65536,bytes,98175510.0,ns,24255
256bit,sse,65536,65536,bytes,99084886.0,ns,24500
256bit,avx,4096,4096,bytes,983566.0,ns,4161
256bit,avx,4096,4096,bytes,1975439.0,ns,8322
256bit,avx,4096,4096,bytes,2944588.0,ns,12483
256bit,avx,4096,4096,bytes,3927604.0,ns,16644
256bit,avx,4096,4096,bytes,4931659.0,ns,20805
256bit,avx,4096,4096,bytes,5914845.0,ns,24966
256bit,avx,4096,4096,bytes,6903171.0,ns,29127
256bit,avx,4096,4096,bytes,7863012.0,ns,33288
256bit,avx,4096,4096,bytes,8932983.0,ns,37449
256bit,avx,4096,4096,bytes,9855654.0,ns,41610
256bit,avx,4096,4096,bytes,10859659.0,ns,45771
256bit,avx,4096,4096,bytes,11871610.0,ns,49932
256bit,avx,4096,4096,bytes,12738971.0,ns,54093
256bit,avx,4096,4096,bytes,13651205.0,ns,58254
256bit,avx,4096,4096,bytes,14638419.0,ns,62415
256bit,avx,4096,4096,bytes,15956524.0,ns,66576
256bit,avx,4096,4096,bytes,17630398.0,ns,70737
256bit,avx,4096,4096,bytes,18398002.0,ns,74898
256bit,avx,4096,4096,bytes,18657106.0,ns,79059
256bit,avx,4096,4096,bytes,19769980.0,ns,83220
256bit,avx,4096,4096,bytes,20753937.0,ns,87381
256bit,avx,4096,4096,bytes,23144728.0,ns,91542
256bit,avx,4096,4096,bytes,22629837.0,ns,95703
256bit,avx,4096,4096,bytes,23657498.0,ns,99864
256bit,avx,4096,4096,bytes,24620293.0,ns,104025
256bit,avx,4096,4096,bytes,25581939.0,ns,108186
256bit,avx,4096,4096,bytes,26515520.0,ns,112347
256bit,avx,4096,4096,bytes,27570562.0,ns,116508
256bit,avx,4096,4096,bytes,28508893.0,ns,120669
256bit,avx,4096,4096,bytes,29514992.0,ns,124830
256bit,avx,4096,4096,bytes,30458744.0,ns,128991
256bit,avx,4096,4096,bytes,31468570.0,ns,133152
256bit,avx,4096,4096,bytes,32403724.0,ns,137313
256bit,avx,4096,4096,bytes,33463856.0,ns,141474
256bit,avx,4096,4096,bytes,34392830.0,ns,145635
256bit,avx,4096,4096,bytes,35388038.0,ns,149796
256bit,avx,4096,4096,bytes,36334003.0,ns,153957
256bit,avx,4096,4096,bytes,37369989.0,ns,158118
256bit,avx,4096,4096,bytes,38598403.0,ns,162279
256bit,avx,4096,4096,bytes,39264154.0,ns,166440
256bit,avx,4096,4096,bytes,40468090.0,ns,170601
256bit,avx,4096,4096,bytes,41324745.0,ns,174762
256bit,avx,4096,4096,bytes,42284847.0,ns,178923
256bit,avx,4096,4096,bytes,43246471.0,ns,183084
256bit,avx,4096,4096,bytes,44264184.0,ns,187245
256bit,avx,4096,4096,bytes,45236949.0,ns,191406
256bit,avx,4096,4096,bytes,46192302.0,ns,195567
256bit,avx,4096,4096,bytes,48695358.0,ns,199728
256bit,avx,4096,4096,bytes,48397109.0,ns,203889
256bit,avx,4096,4096,bytes,49305181.0,ns,208050
256bit,avx,4096,4096,bytes,50196352.0,ns,212211
256bit,avx,4096,4096,bytes,51140993.0,ns,216372
256bit,avx,4096,4096,bytes,52248046.0,ns,220533
256bit,avx,4096,4096,bytes,53110291.0,ns,224694
256bit,avx,4096,4096,bytes,54066355.0,ns,228855
256bit,avx,4096,4096,bytes,55004936.0,ns,233016
256bit,avx,4096,4096,bytes,56072072.0,ns,237177
256bit,avx,4096,4096,bytes,57109631.0,ns,241338
256bit,avx,4096,4096,bytes,58000000.0,ns,245499
256bit,avx,4096,4096,bytes,59188197.0,ns,249660
256bit,avx,4096,4096,bytes,60095459.0,ns,253821
256bit,avx,4096,4096,bytes,61001347.0,ns,257982
256bit,avx,4096,4096,bytes,62061820.0,ns,262143
256bit,avx,4096,4096,bytes,64211040.0,ns,266304
256bit,avx,4096,4096,bytes,64231439.0,ns,270465
256bit,avx,4096,4096,bytes,66729906.0,ns,274626
256bit,avx,4096,4096,bytes,65975637.0,ns,278787
256bit,avx,4096,4096,bytes,66938545.0,ns,282948
256bit,avx,4096,4096,bytes,67997105.0,ns,287109
256bit,avx,4096,4096,bytes,68976172.0,ns,291270
256bit,avx,4096,4096,bytes,69843556.0,ns,295431
256bit,avx,4096,4096,bytes,70758953.0,ns,299592
256bit,avx,4096,4096,bytes,71725508.0,ns,303753
256bit,avx,4096,4096,bytes,72725255.0,ns,307914
256bit,avx,4096,4096,bytes,73947146.0,ns,312075
256bit,avx,4096,4096,bytes,74958276.0,ns,316236
256bit,avx,4096,4096,bytes,75811007.0,ns,320397
256bit,avx,4096,4096,bytes,76655103.0,ns,324558
256bit,avx,4096,4096,bytes,77926759.0,ns,328719
256bit,avx,4096,4096,bytes,81097098.0,ns,332880
256bit,avx,4096,4096,bytes,79791437.0,ns,337041
256bit,avx,4096,4096,bytes,80680884.0,ns,341202
256bit,avx,4096,4096,bytes,81790872.0,ns,345363
256bit,avx,4096,4096,bytes,82799075.0,ns,349524
256bit,avx,4096,4096,bytes,83578793.0,ns,353685
256bit,avx,4096,4096,bytes,84661629.0,ns,357846
256bit,avx,4096,4096,bytes,85885464.0,ns,362007
256bit,avx,4096,4096,bytes,86794378.0,ns,366168
256bit,avx,4096,4096,bytes,87759489.0,ns,370329
256bit,avx,4096,4096,bytes,88462881.0,ns,374490
256bit,avx,4096,4096,bytes,89590628.0,ns,378651
256bit,avx,4096,4096,bytes,92407577.0,ns,382812
256bit,avx,4096,4096,bytes,91663598.0,ns,386973
256bit,avx,4096,4096,bytes,92626665.0,ns,391134
256bit,avx,4096,4096,bytes,93519610.0,ns,395295
256bit,avx,4096,4096,bytes,94497435.0,ns,399456
256bit,avx,4096,4096,bytes,95527480.0,ns,403617
256bit,avx,4096,4096,bytes,96455281.0,ns,407778
256bit,avx,4096,4096,bytes,97636374.0,ns,411939
256bit,avx,4096,4096,bytes,98616514.0,ns,416100
256bit,avx,256,256,bytes,988326.0,ns,23949
256bit,avx,256,256,bytes,1973005.0,ns,47898
256bit,avx,256,256,bytes,2967863.0,ns,71847
256bit,avx,256,256,bytes,3945958.0,ns,95796
256bit,avx,256,256,bytes,4928403.0,ns,119745
256bit,avx,256,256,bytes,5919154.0,ns,143694
256bit,avx,256,256,bytes,6896088.0,ns,167643
256bit,avx,256,256,bytes,7943085.0,ns,191592
256bit,avx,256,256,bytes,9015942.0,ns,215541
256bit,avx,256,256,bytes,9866725.0,ns,239490
256bit,avx,256,256,bytes,10842788.0,ns,263439
256bit,avx,256,256,bytes,11847053.0,ns,287388
256bit,avx,256,256,bytes,12818227.0,ns,311337
256bit,avx,256,256,bytes,13822202.0,ns,335286
256bit,avx,256,256,bytes,14853990.0,ns,359235
256bit,avx,256,256,bytes,15867204.0,ns,383184
256bit,avx,256,256,bytes,16829640.0,ns,407133
256bit,avx,256,256,bytes,17740338.0,ns,431082
256bit,avx,256,256,bytes,18760314.0,ns,455031
256bit,avx,256,256,bytes,19750303.0,ns,478980
256bit,avx,256,256,bytes,20694795.0,ns,502929
256bit,avx,256,256,bytes,21709661.0,ns,526878
256bit,avx,256,256,bytes,22709248.0,ns,550827
256bit,avx,256,256,bytes,23656666.0,ns,574776
256bit,avx,256,256,bytes,24659880.0,ns,598725
256bit,avx,256,256,bytes,25651351.0,ns,622674
256bit,avx,256,256,bytes,26613186.0,ns,646623
256bit,avx,256,256,bytes,27689510.0,ns,670572
256bit,avx,256,256,bytes,28598585.0,ns,694521
256bit,avx,256,256,bytes,29566942.0,ns,718470
256bit,avx,256,256,bytes,30565838.0,ns,742419
256bit,avx,256,256,bytes,31547040.0,ns,766368
256bit,avx,256,256,bytes,32536639.0,ns,790317
256bit,avx,256,256,bytes,33612592.0,ns,814266
256bit,avx,256,256,bytes,34588874.0,ns,838215
256bit,avx,256,256,bytes,35513659.0,ns,862164
256bit,avx,256,256,bytes,36484350.0,ns,886113
256bit,avx,256,256,bytes,37500048.0,ns,910062
256bit,avx,256,256,bytes,38780872.0,ns,934011
256bit,avx,256,256,bytes,39446943.0,ns,957960
256bit,avx,256,256,bytes,40736934.0,ns,981909
256bit,avx,256,256,bytes,42769563.0,ns,1005858
256bit,avx,256,256,bytes,42513524.0,ns,1029807
256bit,avx,256,256,bytes,43680290.0,ns,1053756
256bit,avx,256,256,bytes,44395585.0,ns,1077705
256bit,avx,256,256,bytes,45576378.0,ns,1101654
256bit,avx,256,256,bytes,46357838.0,ns,1125603
256bit,avx,256,256,bytes,47558730.0,ns,1149552
256bit,avx,256,256,bytes,48472924.0,ns,1173501
256bit,avx,256,256,bytes,49314330.0,ns,1197450
256bit,avx,256,256,bytes,50316932.0,ns,1221399
256bit,avx,256,256,bytes,51303034.0,ns,1245348
256bit,avx,256,256,bytes,52247756.0,ns,1269297
256bit,avx,256,256,bytes,53353476.0,ns,1293246
256bit,avx,256,256,bytes,54301876.0,ns,1317195
256bit,avx,256,256,bytes,55404489.0,ns,1341144
256bit,avx,256,256,bytes,57538315.0,ns,1365093
256bit,avx,256,256,bytes,57797605.0,ns,1389042
256bit,avx,256,256,bytes,58415504.0,ns,1412991
256bit,avx,256,256,bytes,59478412.0,ns,1436940
256bit,avx,256,256,bytes,61622543.0,ns,1460889
256bit,avx,256,256,bytes,61511962.0,ns,1484838
256bit,avx,256,256,bytes,62188694.0,ns,1508787
256bit,avx,256,256,bytes,62890151.0,ns,1532736
256bit,avx,256,256,bytes,64136319.0,ns,1556685
256bit,avx,256,256,bytes,64971984.0,ns,1580634
256bit,avx,256,256,bytes,65891267.0,ns,1604583
256bit,avx,256,256,bytes,66928356.0,ns,1628532
256bit,avx,256,256,bytes,68130850.0,ns,1652481
256bit,avx,256,256,bytes,69410362.0,ns,1676430
256bit,avx,256,256,bytes,70536580.0,ns,1700379
256bit,avx,256,256,bytes,71186671.0,ns,1724328
256bit,avx,256,256,bytes,71946690.0,ns,1748277
256bit,avx,256,256,bytes,72987858.0,ns,1772226
256bit,avx,256,256,bytes,74259153.0,ns,1796175
256bit,avx,256,256,bytes,76427420.0,ns,1820124
256bit,avx,256,256,bytes,76052515.0,ns,1844073
256bit,avx,256,256,bytes,77066238.0,ns,1868022
256bit,avx,256,256,bytes,77909868.0,ns,1891971
256bit,avx,256,256,bytes,78981082.0,ns,1915920
256bit,avx,256,256,bytes,79724922.0,ns,1939869
256bit,avx,256,256,bytes,80713718.0,ns,1963818
256bit,avx,256,256,bytes,81689790.0,ns,1987767
256bit,avx,256,256,bytes,82685600.0,ns,2011716
256bit,avx,256,256,bytes,83736285.0,ns,2035665
256bit,avx,256,256,bytes,84648826.0,ns,2059614
256bit,avx,256,256,bytes,85998101.0,ns,2083563
256bit,avx,256,256,bytes,87773868.0,ns,2107512
256bit,avx,256,256,bytes,88196194.0,ns,2131461
256bit,avx,256,256,bytes,88725765.0,ns,2155410
256bit,avx,256,256,bytes,90621291.0,ns,2179359
256bit,avx,256,256,bytes,90924159.0,ns,2203308
256bit,avx,256,256,bytes,91580521.0,ns,2227257
256bit,avx,256,256,bytes,92567605.0,ns,2251206
256bit,avx,256,256,bytes,93492109.0,ns,2275155
256bit,avx,256,256,bytes,94928799.0,ns,2299104
256bit,avx,256,256,bytes,95593448.0,ns,2323053
256bit,avx,256,256,bytes,96776084.0,ns,2347002
256bit,avx,256,256,bytes,99509941.0,ns,2370951
256bit,avx,256,256,bytes,98806999.0,ns,2394900
256bit,portable,4,4,bytes,981503.0,ns,4924
256bit,portable,4,4,bytes,1944600.0,ns,9848
256bit,portable,4,4,bytes,2936503.0,ns,14772
256bit,portable,4,4,bytes,3922855.0,ns,19696
256bit,portable,4,4,bytes,4861947.0,ns,24620
256bit,portable,4,4,bytes,5856354.0,ns,29544
256bit,portable,4,4,bytes,6844039.0,ns,34468
256bit,portable,4,4,bytes,7821724.0,ns,39392
256bit,portable,4,4,bytes,8769913.0,ns,44316
256bit,portable,4,4,bytes,9798145.0,ns,49240
256bit,portable,4,4,bytes,10751484.0,ns,54164
256bit,portable,4,4,bytes,11686027.0,ns,59088
256bit,portable,4,4,bytes,12703488.0,ns,64012
256bit,portable,4,4,bytes,13673439.0,ns,68936
256bit,portable,4,4,bytes,14635905.0,ns,73860
256bit,portable,4,4,bytes,15609493.0,ns,78784
256bit,portable,4,4,bytes,16583051.0,ns,83708
256bit,portable,4,4,bytes,17575234.0,ns,88632
256bit,portable,4,4,bytes,18594478.0,ns,93556
256bit,portable,4,4,bytes,19542007.0,ns,98480
256bit,portable,4,4,bytes,20469055.0,ns,103404
256bit,portable,4,4,bytes,21427874.0,ns,108328
256bit,portable,4,4,bytes,22405410.0,ns,113252
256bit,portable,4,4,bytes,23391110.0,ns,118176
256bit,portable,4,4,bytes,24351312.0,ns,123100
256bit,portable,4,4,bytes,25339949.0,ns,128024
256bit,portable,4,4,bytes,26520531.0,ns,132948
256bit,portable,4,4,bytes,27323183.0,ns,137872
256bit,portable,4,4,bytes,28271612.0,ns,142796
256bit,portable,4,4,bytes,29252664.0,ns,147720
256bit,portable,4,4,bytes,30299552.0,ns,152644
256bit,portable,4,4,bytes,31257690.0,ns,157568
256bit,portable,4,4,bytes,33302381.0,ns,162492
256bit,portable,4,4,bytes,33877549.0,ns,167416
256bit,portable,4,4,bytes,34562565.0,ns,172340
256bit,portable,4,4,bytes,35437254.0,ns,177264
256bit,portable,4,4,bytes,36514099.0,ns,182188
256bit,portable,4,4,bytes,37676657.0,ns,187112
256bit,portable,4,4,bytes,38286321.0,ns,192036
256bit,portable,4,4,bytes,39372494.0,ns,196960
256bit,portable,4,4,bytes,40231502.0,ns,201884
256bit,portable,4,4,bytes,41276475.0,ns,206808
256bit,portable,4,4,bytes,42301982.0,ns,211732
256bit,portable,4,4,bytes,43228610.0,ns,216656
256bit,portable,4,4,bytes,44241473.0,ns,221580
256bit,portable,4,4,bytes,45237653.0,ns,226504
256bit,portable,4,4,bytes,46397306.0,ns,231428
256bit,portable,4,4,bytes,47146817.0,ns,236352
256bit,portable,4,4,bytes,48129061.0,ns,241276
256bit,portable,4,4,bytes,49205484.0,ns,246200
256bit,portable,4,4,bytes,50182177.0,ns,251124
256bit,portable,4,4,bytes,51007953.0,ns,256048
256bit,portable,4,4,bytes,52245825.0,ns,260972
256bit,portable,4,4,bytes,53015444.0,ns,265896
256bit,portable,4,4,bytes,54095945.0,ns,270820
256bit,portable,4,4,bytes,57780946.0,ns,275744
256bit,portable,4,4,bytes,56248853.0,ns,280668
256bit,portable,4,4,bytes,57239974.0,ns,285592
256bit,portable,4,4,bytes,58979844.0,ns,290516
256bit,portable,4,4,bytes,59287290.0,ns,295440
256bit,portable,4,4,bytes,59958371.0,ns,300364
256bit,portable,4,4,bytes,60937700.0,ns,305288
256bit,portable,4,4,bytes,61880899.0,ns,310212
256bit,portable,4,4,bytes,63063575.0,ns,315136
256bit,portable,4,4,bytes,64791613.0,ns,320060
256bit,portable,4,4,bytes,64562415.0,ns,324984
256bit,portable,4,4,bytes,65516646.0,ns,329908
256bit,portable,4,4,bytes,66335628.0,ns,334832
256bit,portable,4,4,bytes,67387245.0,ns,339756
256bit,portable,4,4,bytes,68323381.0,ns,344680
256bit,portable,4,4,bytes,69344189.0,ns,349604
256bit,portable,4,4,bytes,71985809.0,ns,354528
256bit,portable,4,4,bytes,71579524.0,ns,359452
256bit,portable,4,4,bytes,72676116.0,ns,364376
256bit,portable,4,4,bytes,73489438.0,ns,369300
256bit,portable,4,4,bytes,74133296.0,ns,374224
256bit,portable,4,4,bytes,75198639.0,ns,379148
256bit,portable,4,4,bytes,76177277.0,ns,384072
256bit,portable,4,4,bytes,77060322.0,ns,388996
256bit,portable,4,4,bytes,78362976.0,ns,393920
256bit,portable,4,4,bytes,79157533.0,ns,398844
256bit,portable,4,4,bytes,80022724.0,ns,403768
256bit,portable,4,4,bytes,81179060.0,ns,408692
256bit,portable,4,4,bytes,81905867.0,ns,413616
256bit,portable,4,4,bytes,84480038.0,ns,418540
256bit,portable,4,4,bytes,84320794.0,ns,423464
256bit,portable,4,4,bytes,85144657.0,ns,428388
256bit,portable,4,4,bytes,87271714.0,ns,433312
256bit,portable,4,4,bytes,86817057.0,ns,438236
256bit,portable,4,4,bytes,87808428.0,ns,443160
256bit,portable,4,4,bytes,88865996.0,ns,448084
256bit,portable,4,4,bytes,90011873.0,ns,453008
256bit,portable,4,4,bytes,90943601.0,ns,457932
256bit,portable,4,4,bytes,91840092.0,ns,462856
256bit,portable,4,4,bytes,92872641.0,ns,467780
256bit,portable,4,4,bytes,94611649.0,ns,472704
256bit,portable,4,4,bytes,95202436.0,ns,477628
256bit,portable,4,4,bytes,96826064.0,ns,482552
256bit,portable,4,4,bytes,97479591.0,ns,487476
256bit,portable,4,4,bytes,98439342.0,ns,492400
256bit,portable,16384,16384,bytes,986112.0,ns,119
256bit,portable,16384,16384,bytes,1954960.0,ns,238
256bit,portable,16384,16384,bytes,2938095.0,ns,357
256bit,portable,16384,16384,bytes,3924277.0,ns,476
256bit,portable,16384,16384,bytes,4884159.0,ns,595
256bit,portable,16384,16384,bytes,5871152.0,ns,714
256bit,portable,16384,16384,bytes,6864277.0,ns,833
256bit,portable,16384,16384,bytes,7822855.0,ns,952
256bit,portable,16384,16384,bytes,8837301.0,ns,1071
256bit,portable,16384,16384,bytes,9789778.0,ns,1190
256bit,portable,16384,16384,bytes,10770029.0,ns,1309
256bit,portable,16384,16384,bytes,11808470.0,ns,1428
256bit,portable,16384,16384,bytes,13329221.0,ns,1547
256bit,portable,16384,16384,bytes,14153228.0,ns,1666
256bit,portable,16384,16384,bytes,14787033.0,ns,1785
256bit,portable,16384,16384,bytes,16141216.0,ns,1904
256bit,portable,16384,16384,bytes,17018020.0,ns,2023
256bit,portable,16384,16384,bytes,17772439.0,ns,2142
256bit,portable,16384,16384,bytes,18868209.0,ns,2261
256bit,portable,16384,16384,bytes,19769158.0,ns,2380
256bit,portable,16384,16384,bytes,20712699.0,ns,2499
256bit,portable,16384,16384,bytes,21751670.0,ns,2618
256bit,portable,16384,16384,bytes,24378082.0,ns,2737
256bit,portable,16384,16384,bytes,25067387.0,ns,2856
256bit,portable,16384,16384,bytes,27023669.0,ns,2975
256bit,portable,16384,16384,bytes,25992572.0,ns,3094
256bit,portable,16384,16384,bytes,26895144.0,ns,3213
256bit,portable,16384,16384,bytes,27939718.0,ns,3332
256bit,portable,16384,16384,bytes,28747609.0,ns,3451
256bit,portable,16384,16384,bytes,29887033.0,ns,3570
256bit,portable,16384,16384,bytes,30696036.0,ns,3689
256bit,portable,16384,16384,bytes,31588730.0,ns,3808
256bit,portable,16384,16384,bytes,32559151.0,ns,3927
256bit,portable,16384,16384,bytes,33725055.0,ns,4046
256bit,portable,16384,16384,bytes,34720344.0,ns,4165
256bit,portable,16384,16384,bytes,35700294.0,ns,4284
256bit,portable,16384,16384,bytes,36658181.0,ns,4403
256bit,portable,16384,16384,bytes,37760395.0,ns,4522
256bit,portable,16384,16384,bytes,38670671.0,ns,4641
256bit,portable,16384,16384,bytes,40205389.0,ns,4760
256bit,portable,16384,16384,bytes,40950722.0,ns,4879
256bit,portable,16384,16384,bytes,41591945.0,ns,4998
256bit,portable,16384,16384,bytes,42576202.0,ns,5117
256bit,portable,16384,16384,bytes,43612711.0,ns,5236
256bit,portable,16384,16384,bytes,44578543.0,ns,5355
256bit,portable,16384,16384,bytes,45580284.0,ns,5474
256bit,portable,16384,16384,bytes,46776386.0,ns,5593
256bit,portable,16384,16384,bytes,47729645.0,ns,5712
256bit,portable,16384,16384,bytes,48485578.0,ns,5831
256bit,portable,16384,16384,bytes,49638486.0,ns,5950
256bit,portable,16384,16384,bytes,51451336.0,ns,6069
256bit,portable,16384,16384,bytes,51609537.0,ns,6188
256bit,portable,16384,16384,bytes,52562726.0,ns,6307
256bit,portable,16384,16384,bytes,53492760.0,ns,6426
256bit,portable,16384,16384,bytes,54535240.0,ns,6545
256bit,portable,16384,16384,bytes,55478710.0,ns,6664
256bit,portable,16384,16384,bytes,56469310.0,ns,6783
256bit,portable,16384,16384,bytes,57427247.0,ns,6902
256bit,portable,16384,16384,bytes,58432505.0,ns,7021
256bit,portable,16384,16384,bytes,59430960.0,ns,7140
256bit,portable,16384,16384,bytes,60417603.0,ns,7259
256bit,portable,16384,16384,bytes,61383866.0,ns,7378
256bit,portable,16384,16384,bytes,62434231.0,ns,7497
256bit,portable,16384,16384,bytes,63380225.0,ns,7616
256bit,portable,16384,16384,bytes,64787370.0,ns,7735
256bit,portable,16384,16384,bytes,65135574.0,ns,7854
256bit,portable,16384,16384,bytes,65908859.0,ns,7973
256bit,portable,16384,16384,bytes,68538487.0,ns,8092
256bit,portable,16384,16384,bytes,68017433.0,ns,8211
256bit,portable,16384,16384,bytes,69099227.0,ns,8330
256bit,portable,16384,16384,bytes,71106346.0,ns,8449
256bit,portable,16384,16384,bytes,73801558.0,ns,8568
256bit,portable,16384,16384,bytes,72281078.0,ns,8687
256bit,portable,16384,16384,bytes,74371175.0,ns,8806
256bit,portable,16384,16384,bytes,77053733.0,ns,8925
256bit,portable,16384,16384,bytes,75398325.0,ns,9044
256bit,portable,16384,16384,bytes,76028427.0,ns,9163
256bit,portable,16384,16384,bytes,76965946.0,ns,9282
256bit,portable,16384,16384,bytes,78157960.0,ns,9401
256bit,portable,16384,16384,bytes,78843729.0,ns,9520
256bit,portable,16384,16384,bytes,80215045.0,ns,9639
256bit,portable,16384,16384,bytes,81773138.0,ns,9758
256bit,portable,16384,16384,bytes,81770873.0,ns,9877
256bit,portable,16384,16384,bytes,83078618.0,ns,9996
256bit,portable,16384,16384,bytes,83826656.0,ns,10115
256bit,portable,16384,16384,bytes,84589391.0,ns,10234
256bit,portable,16384,16384,bytes,85614937.0,ns,10353
256bit,portable,16384,16384,bytes,86656675.0,ns,10472
256bit,portable,16384,16384,bytes,87663365.0,ns,10591
256bit,portable,16384,16384,bytes,88516754.0,ns,10710
256bit,portable,16384,16384,bytes,89881172.0,ns,10829
256bit,portable,16384,16384,bytes,90842491.0,ns,10948
256bit,portable,16384,16384,bytes,92968628.0,ns,11067
256bit,portable,16384,16384,bytes,92705315.0,ns,11186
256bit,portable,16384,16384,bytes,93755148.0,ns,11305
256bit,portable,16384,16384,bytes,94558972.0,ns,11424
256bit,portable,16384,16384,bytes,95523102.0,ns,11543
256bit,portable,16384,16384,bytes,97048421.0,ns,11662
256bit,portable,16384,16384,bytes,98021328.0,ns,11781
256bit,portable,16384,16384,bytes,98993623.0,ns,11900
256bit,portable,1024,1024,bytes,981312.0,ns,1450
256bit,portable,1024,1024,bytes,1953648.0,ns,2900
256bit,portable,1024,1024,bytes,2925943.0,ns,4350
256bit,portable,1024,1024,bytes,3918757.0,ns,5800
256bit,portable,1024,1024,bytes,4902183.0,ns,7250
256bit,portable,1024,1024,bytes,5850813.0,ns,8700
256bit,portable,1024,1024,bytes,6847705.0,ns,10150
256bit,portable,1024,1024,bytes,7804641.0,ns,11600
256bit,portable,1024,1024,bytes,8779231.0,ns,13050
256bit,portable,1024,1024,bytes,9755072.0,ns,14500
256bit,portable,1024,1024,bytes,10763737.0,ns,15950
256bit,portable,1024,1024,bytes,11715032.0,ns,17400
256bit,portable,1024,1024,bytes,12622673.0,ns,18850
256bit,portable,1024,1024,bytes,13642629.0,ns,20300
256bit,portable,1024,1024,bytes,14599144.0,ns,21750
256bit,portable,1024,1024,bytes,15702088.0,ns,23200
256bit,portable,1024,1024,bytes,16499119.0,ns,24650
256bit,portable,1024,1024,bytes,17563530.0,ns,26100
256bit,portable,1024,1024,bytes,18577545.0,ns,27550
256bit,portable,1024,1024,bytes,19567675.0,ns,29000
256bit,portable,1024,1024,bytes,21783783.0,ns,30450
256bit,portable,1024,1024,bytes,22133880.0,ns,31900
256bit,portable,1024,1024,bytes,22653542.0,ns,33350
256bit,portable,1024,1024,bytes,23463076.0,ns,34800
256bit,portable,1024,1024,bytes,24517819.0,ns,36250
256bit,portable,1024,1024,bytes,25428817.0,ns,37700
256bit,portable,1024,1024,bytes,26536160.0,ns,39150
256bit,portable,1024,1024,bytes,27424094.0,ns,40600
256bit,portable,1024,1024,bytes,28340622.0,ns,42050
256bit,portable,1024,1024,bytes,29268543.0,ns,43500
256bit,portable,1024,1024,bytes,30411393.0,ns,44950
256bit,portable,1024,1024,bytes,31258891.0,ns,46400
256bit,portable,1024,1024,bytes,32350553.0,ns,47850
256bit,portable,1024,1024,bytes,33716409.0,ns,49300
256bit,portable,1024,1024,bytes,34516666.0,ns,50750
256bit,portable,1024,1024,bytes,35474624.0,ns,52200
256bit,portable,1024,1024,bytes,36461897.0,ns,53650
256bit,portable,1024,1024,bytes,37519485.0,ns,55100
256bit,portable,1024,1024,bytes,38474327.0,ns,56550
256bit,portable,1024,1024,bytes,39440179.0,ns,58000
256bit,portable,1024,1024,bytes,40458333.0,ns,59450
256bit,portable,1024,1024,bytes,41510440.0,ns,60900
256bit,portable,1024,1024,bytes,42427809.0,ns,62350
256bit,portable,1024,1024,bytes,43456643.0,ns,63800
256bit,portable,1024,1024,bytes,44898284.0,ns,65250
256bit,portable,1024,1024,bytes,45432754.0,ns,66700
256bit,portable,1024,1024,bytes,46467357.0,ns,68150
256bit,portable,1024,1024,bytes,47305296.0,ns,69600
256bit,portable,1024,1024,bytes,48328168.0,ns,71050
256bit,portable,1024,1024,bytes,50786317.0,ns,72500
256bit,portable,1024,1024,bytes,50517625.0,ns,73950
256bit,portable,1024,1024,bytes,51345915.0,ns,75400
256bit,portable,1024,1024,bytes,52301709.0,ns,76850
256bit,portable,1024,1024,bytes,53202488.0,ns,78300
256bit,portable,1024,1024,bytes,54164995.0,ns,79750
256bit,portable,1024,1024,bytes,55351549.0,ns,81200
256bit,portable,1024,1024,bytes,55901226.0,ns,82650
256bit,portable,1024,1024,bytes,57098380.0,ns,84100
256bit,portable,1024,1024,bytes,58226624.0,ns,85550
256bit,portable,1024,1024,bytes,59017332.0,ns,87000
256bit,portable,1024,1024,bytes,59963707.0,ns,88450
256bit,portable,1024,1024,bytes,62060679.0,ns,89900
256bit,portable,1024,1024,bytes,61934347.0,ns,91350
256bit,portable,1024,1024,bytes,62944185.0,ns,92800
256bit,portable,1024,1024,bytes,63956305.0,ns,94250
256bit,portable,1024,1024,bytes,64432114.0,ns,95700
256bit,portable,1024,1024,bytes,65593719.0,ns,97150
256bit,portable,1024,1024,bytes,67702233.0,ns,98600
256bit,portable,1024,1024,bytes,67369408.0,ns,100050
256bit,portable,1024,1024,bytes,68560830.0,ns,101500
256bit,portable,1024,1024,bytes,69699503.0,ns,102950
256bit,portable,1024,1024,bytes,70278448.0,ns,104400
256bit,portable,1024,1024,bytes,71075128.0,ns,105850
256bit,portable,1024,1024,bytes,72116786.0,ns,107300
256bit,portable,1024,1024,bytes,73031661.0,ns,108750
256bit,portable,1024,1024,bytes,73973338.0,ns,110200
256bit,portable,1024,1024,bytes,75268830.0,ns,111650
256bit,portable,1024,1024,bytes,76149850.0,ns,113100
256bit,portable,1024,1024,bytes,77035580.0,ns,114550
256bit,portable,1024,1024,bytes,77953892.0,ns,116000
256bit,portable,1024,1024,bytes,79498830.0,ns,117450
256bit,portable,1024,1024,bytes,81538030.0,ns,118900
256bit,portable,1024,1024,bytes,81372124.0,ns,120350
256bit,portable,1024,1024,bytes,84126038.0,ns,121800
256bit,portable,1024,1024,bytes,83864278.0,ns,123250
256bit,portable,1024,1024,bytes,87396358.0,ns,124700
256bit,portable,1024,1024,bytes,86946320.0,ns,126150
256bit,portable,1024,1024,bytes,86044629.0,ns,127600
256bit,portable,1024,1024,bytes,87072239.0,ns,129050
256bit,portable,1024,1024,bytes,87665381.0,ns,130500
256bit,portable,1024,1024,bytes,88640522.0,ns,131950
256bit,portable,1024,1024,bytes,89717335.0,ns,133400
256bit,portable,1024,1024,bytes,92091095.0,ns,134850
256bit,portable,1024,1024,bytes,92011453.0,ns,136300
256bit,portable,1024,1024,bytes,92590438.0,ns,137750
256bit,portable,1024,1024,bytes,93581659.0,ns,139200
256bit,portable,1024,1024,bytes,94688712.0,ns,140650
256bit,portable,1024,1024,bytes,96197249.0,ns,142100
256bit,portable,1024,1024,bytes,97351021.0,ns,143550
256bit,portable,1024,1024,bytes,98592610.0,ns,145000
256bit,portable,1,1,bytes,975311.0,ns,4852
256bit,portable,1,1,bytes,1963787.0,ns,9704
256bit,portable,1,1,bytes,2926213.0,ns,14556
256bit,portable,1,1,bytes,3912055.0,ns,19408
256bit,portable,1,1,bytes,4887225.0,ns,24260
256bit,portable,1,1,bytes,5890108.0,ns,29112
256bit,portable,1,1,bytes,6853307.0,ns,33964
256bit,portable,1,1,bytes,7797879.0,ns,38816
256bit,portable,1,1,bytes,8789851.0,ns,43668
256bit,portable,1,1,bytes,9760102.0,ns,48520
256bit,portable,1,1,bytes,10779287.0,ns,53372
256bit,portable,1,1,bytes,11678263.0,ns,58224
256bit,portable,1,1,bytes,12660757.0,ns,63076
256bit,portable,1,1,bytes,13638503.0,ns,67928
256bit,portable,1,1,bytes,14629523.0,ns,72780
256bit,portable,1,1,bytes,15629873.0,ns,77632
256bit,portable,1,1,bytes,16563353.0,ns,82484
256bit,portable,1,1,bytes,17525659.0,ns,87336
256bit,portable,1,1,bytes,18500359.0,ns,92188
256bit,portable,1,1,bytes,19481180.0,ns,97040
256bit,portable,1,1,bytes,20475537.0,ns,101892
256bit,portable,1,1,bytes,21463933.0,ns,106744
256bit,portable,1,1,bytes,22441349.0,ns,111596
256bit,portable,1,1,bytes,23413383.0,ns,116448
256bit,portable,1,1,bytes,24368315.0,ns,121300
256bit,portable,1,1,bytes,25381709.0,ns,126152
256bit,portable,1,1,bytes,26284602.0,ns,131004
256bit,portable,1,1,bytes,27638585.0,ns,135856
256bit,portable,1,1,bytes,28979453.0,ns,140708
256bit,portable,1,1,bytes,29264247.0,ns,145560
256bit,portable,1,1,bytes,30280135.0,ns,150412
256bit,portable,1,1,bytes,31995002.0,ns,155264
256bit,portable,1,1,bytes,32152969.0,ns,160116
256bit,portable,1,1,bytes,33325616.0,ns,164968
256bit,portable,1,1,bytes,34319292.0,ns,169820
256bit,portable,1,1,bytes,35348535.0,ns,174672
256bit,portable,1,1,bytes,36262580.0,ns,179524
256bit,portable,1,1,bytes,37513306.0,ns,184376
256bit,portable,1,1,bytes,38311614.0,ns,189228
256bit,portable,1,1,bytes,39406227.0,ns,194080
256bit,portable,1,1,bytes,40375407.0,ns,198932
256bit,portable,1,1,bytes,41874397.0,ns,203784
256bit,portable,1,1,bytes,43238039.0,ns,208636
256bit,portable,1,1,bytes,43408274.0,ns,213488
256bit,portable,1,1,bytes,44332888.0,ns,218340
256bit,portable,1,1,bytes,45336262.0,ns,223192
256bit,portable,1,1,bytes,46221111.0,ns,228044
256bit,portable,1,1,bytes,47283998.0,ns,232896
256bit,portable,1,1,bytes,48678459.0,ns,237748
256bit,portable,1,1,bytes,49322368.0,ns,242600
256bit,portable,1,1,bytes,50268654.0,ns,247452
256bit,portable,1,1,bytes,51165986.0,ns,252304
256bit,portable,1,1,bytes,52271991.0,ns,257156
256bit,portable,1,1,bytes,53068326.0,ns,262008
256bit,portable,1,1,bytes,54978621.0,ns,266860
256bit,portable,1,1,bytes,55051119.0,ns,271712
256bit,portable,1,1,bytes,55907893.0,ns,276564
256bit,portable,1,1,bytes,56843779.0,ns,281416
256bit,portable,1,1,bytes,58086089.0,ns,286268
256bit,portable,1,1,bytes,59110414.0,ns,291120
256bit,portable,1,1,bytes,59918666.0,ns,295972
256bit,portable,1,1,bytes,62424878.0,ns,300824
256bit,portable,1,1,bytes,61941024.0,ns,305676
256bit,portable,1,1,bytes,62948076.0,ns,310528
256bit,portable,1,1,bytes,63796575.0,ns,315380
256bit,portable,1,1,bytes,64394757.0,ns,320232
256bit,portable,1,1,bytes,65384656.0,ns,325084
256bit,portable,1,1,bytes,66541412.0,ns,329936
256bit,portable,1,1,bytes,67257849.0,ns,334788
256bit,portable,1,1,bytes,68682878.0,ns,339640
256bit,portable,1,1,bytes,69563448.0,ns,344492
256bit,portable,1,1,bytes,70215483.0,ns,349344
256bit,portable,1,1,bytes,71127272.0,ns,354196
256bit,portable,1,1,bytes,72041516.0,ns,359048
256bit,portable,1,1,bytes,73387294.0,ns,363900
256bit,portable,1,1,bytes,74374829.0,ns,368752
256bit,portable,1,1,bytes,76569506.0,ns,373604
256bit,portable,1,1,bytes,76329699.0,ns,378456
256bit,portable,1,1,bytes,77397225.0,ns,383308
256bit,portable,1,1,bytes,78239021.0,ns,388160
256bit,portable,1,1,bytes,79266512.0,ns,393012
256bit,portable,1,1,bytes,80416225.0,ns,397864
256bit,portable,1,1,bytes,81194702.0,ns,402716
256bit,portable,1,1,bytes,82363321.0,ns,407568
256bit,portable,1,1,bytes,86092036.0,ns,412420
256bit,portable,1,1,bytes,84102549.0,ns,417272
256bit,portable,1,1,bytes,85365068.0,ns,422124
256bit,portable,1,1,bytes,86283039.0,ns,426976
256bit,portable,1,1,bytes,88002811.0,ns,431828
256bit,portable,1,1,bytes,88514708.0,ns,436680
256bit,portable,1,1,bytes,89099434.0,ns,441532
256bit,portable,1,1,bytes,90155158.0,ns,446384
256bit,portable,1,1,bytes,91031940.0,ns,451236
256bit,portable,1,1,bytes,92099417.0,ns,456088
256bit,portable,1,1,bytes,94097610.0,ns,460940
256bit,portable,1,1,bytes,94201629.0,ns,465792
256bit,portable,1,1,bytes,94832833.0,ns,470644
256bit,portable,1,1,bytes,96676099.0,ns,475496
256bit,portable,1,1,bytes,97495382.0,ns,480348
256bit,portable,1,1,bytes,99885043.0,ns,485200
256bit,portable,64,64,bytes,981954.0,ns,4861
256bit,portable,64,64,bytes,1956673.0,ns,9722
256bit,portable,64,64,bytes,2933106.0,ns,14583
256bit,portable,64,64,bytes,3918366.0,ns,19444
256bit,portable,64,64,bytes,4873469.0,ns,24305
256bit,portable,64,64,bytes,5865952.0,ns,29166
256bit,portable,64,64,bytes,6872152.0,ns,34027
256bit,portable,64,64,bytes,8028849.0,ns,38888
256bit,portable,64,64,bytes,9199893.0,ns,43749
256bit,portable,64,64,bytes,10209720.0,ns,48610
256bit,portable,64,64,bytes,11115919.0,ns,53471
256bit,portable,64,64,bytes,11737335.0,ns,58332
256bit,portable,64,64,bytes,12742042.0,ns,63193
256bit,portable,64,64,bytes,13759513.0,ns,68054
256bit,portable,64,64,bytes,14757927.0,ns,72915
256bit,portable,64,64,bytes,15746364.0,ns,77776
256bit,portable,64,64,bytes,16670787.0,ns,82637
256bit,portable,64,64,bytes,17699229.0,ns,87498
256bit,portable,64,64,bytes,18598285.0,ns,92359
256bit,portable,64,64,bytes,19593473.0,ns,97220
256bit,portable,64,64,bytes,20621656.0,ns,102081
256bit,portable,64,64,bytes,21536852.0,ns,106942
256bit,portable,64,64,bytes,22489690.0,ns,111803
256bit,portable,64,64,bytes,23484008.0,ns,116664
256bit,portable,64,64,bytes,24486620.0,ns,121525
256bit,portable,64,64,bytes,25477671.0,ns,126386
256bit,portable,64,64,bytes,26444064.0,ns,131247
256bit,portable,64,64,bytes,27465623.0,ns,136108
256bit,portable,64,64,bytes,28442217.0,ns,140969
256bit,portable,64,64,bytes,29845595.0,ns,145830
256bit,portable,64,64,bytes,30286375.0,ns,150691
256bit,portable,64,64,bytes,31333944.0,ns,155552
256bit,portable,64,64,bytes,32470823.0,ns,160413
256bit,portable,64,64,bytes,33797785.0,ns,165274
256bit,portable,64,64,bytes,34732940.0,ns,170135
256bit,portable,64,64,bytes,35535140.0,ns,174996
256bit,portable,64,64,bytes,36402024.0,ns,179857
256bit,portable,64,64,bytes,37415147.0,ns,184718
256bit,portable,64,64,bytes,38781143.0,ns,189579
256bit,portable,64,64,bytes,39950284.0,ns,194440
256bit,portable,64,64,bytes,40675517.0,ns,199301
256bit,portable,64,64,bytes,41973024.0,ns,204162
256bit,portable,64,64,bytes,42911444.0,ns,209023
256bit,portable,64,64,bytes,43617160.0,ns,213884
256bit,portable,64,64,bytes,44272911.0,ns,218745
256bit,portable,64,64,bytes,46199768.0,ns,223606
256bit,portable,64,64,bytes,46320148.0,ns,228467
256bit,portable,64,64,bytes,47372625.0,ns,233328
256bit,portable,64,64,bytes,48181450.0,ns,238189
256bit,portable,64,64,bytes,49209310.0,ns,243050
256bit,portable,64,64,bytes,50115739.0,ns,247911
256bit,portable,64,64,bytes,51161665.0,ns,252772
256bit,portable,64,64,bytes,52160221.0,ns,257633
256bit,portable,64,64,bytes,53102078.0,ns,262494
256bit,portable,64,64,bytes,54090593.0,ns,267355
256bit,portable,64,64,bytes,55259042.0,ns,272216
256bit,portable,64,64,bytes,56121158.0,ns,277077
256bit,portable,64,64,bytes,57065680.0,ns,281938
256bit,portable,64,64,bytes,58134098.0,ns,286799
256bit,portable,64,64,bytes,59126441.0,ns,291660
256bit,portable,64,64,bytes,60020177.0,ns,296521
256bit,portable,64,64,bytes,62038969.0,ns,301382
256bit,portable,64,64,bytes,62266874.0,ns,306243
256bit,portable,64,64,bytes,63545202.0,ns,311104
256bit,portable,64,64,bytes,64747296.0,ns,315965
256bit,portable,64,64,bytes,64670670.0,ns,320826
256bit,portable,64,64,bytes,65635631.0,ns,325687
256bit,portable,64,64,bytes,66578139.0,ns,330548
256bit,portable,64,64,bytes,67574350.0,ns,335409
256bit,portable,64,64,bytes,68765543.0,ns,340270
256bit,portable,64,64,bytes,69489685.0,ns,345131
256bit,portable,64,64,bytes,70780888.0,ns,349992
256bit,portable,64,64,bytes,71585083.0,ns,354853
256bit,portable,64,64,bytes,72424864.0,ns,359714
256bit,portable,64,64,bytes,73695289.0,ns,364575
256bit,portable,64,64,bytes,74060526.0,ns,369436
256bit,portable,64,64,bytes,75306843.0,ns,374297
256bit,portable,64,64,bytes,76230486.0,ns,379158
256bit,portable,64,64,bytes,79200983.0,ns,384019
256bit,portable,64,64,bytes,78380558.0,ns,388880
256bit,portable,64,64,bytes,79237383.0,ns,393741
256bit,portable,64,64,bytes,80026528.0,ns,398602
256bit,portable,64,64,bytes,81646750.0,ns,403463
256bit,portable,64,64,bytes,81897718.0,ns,408324
256bit,portable,64,64,bytes,83307117.0,ns,413185
256bit,portable,64,64,bytes,83900300.0,ns,418046
256bit,portable,64,64,bytes,84813061.0,ns,422907
256bit,portable,64,64,bytes,85929441.0,ns,427768
256bit,portable,64,64,bytes,87003150.0,ns,432629
256bit,portable,64,64,bytes,88210053.0,ns,437490
256bit,portable,64,64,bytes,92182051.0,ns,442351
256bit,portable,64,64,bytes,90031568.0,ns,447212
256bit,portable,64,64,bytes,91074177.0,ns,452073
256bit,portable,64,64,bytes,92002768.0,ns,456934
256bit,portable,64,64,bytes,92715058.0,ns,461795
256bit,portable,64,64,bytes,93904887.0,ns,466656
256bit,portable,64,64,bytes,94877043.0,ns,471517
256bit,portable,64,64,bytes,95983063.0,ns,476378
256bit,portable,64,64,bytes,97244360.0,ns,481239
256bit,portable,64,64,bytes,98227064.0,ns,486100
256bit,portable,16,16,bytes,982064.0,ns,4891
256bit,portable,16,16,bytes,1962434.0,ns,9782
256bit,portable,16,16,bytes,2932465.0,ns,14673
256bit,portable,16,16,bytes,3904089.0,ns,19564
256bit,portable,16,16,bytes,4883949.0,ns,24455
256bit,portable,16,16,bytes,5854741.0,ns,29346
256bit,portable,16,16,bytes,6831915.0,ns,34237
256bit,portable,16,16,bytes,7844417.0,ns,39128
256bit,portable,16,16,bytes,8790272.0,ns,44019
256bit,portable,16,16,bytes,9809837.0,ns,48910
256bit,portable,16,16,bytes,10732277.0,ns,53801
256bit,portable,16,16,bytes,11722466.0,ns,58692
256bit,portable,16,16,bytes,12713587.0,ns,63583
256bit,portable,16,16,bytes,13705670.0,ns,68474
256bit,portable,16,16,bytes,14663808.0,ns,73365
256bit,portable,16,16,bytes,15716467.0,ns,78256
256bit,portable,16,16,bytes,16608308.0,ns,83147
256bit,portable,16,16,bytes,17594359.0,ns,88038
256bit,portable,16,16,bytes,18566214.0,ns,92929
256bit,portable,16,16,bytes,19537297.0,ns,97820
256bit,portable,16,16,bytes,20483021.0,ns,102711
256bit,portable,16,16,bytes,21480925.0,ns,107602
256bit,portable,16,16,bytes,22468579.0,ns,112493
256bit,portable,16,16,bytes,23504516.0,ns,117384
256bit,portable,16,16,bytes,24501048.0,ns,122275
256bit,portable,16,16,bytes,25697170.0,ns,127166
256bit,portable,16,16,bytes,26452341.0,ns,132057
256bit,portable,16,16,bytes,27358680.0,ns,136948
256bit,portable,16,16,bytes,28347025.0,ns,141839
256bit,portable,16,16,bytes,29384746.0,ns,146730
256bit,portable,16,16,bytes,30285194.0,ns,151621
256bit,portable,16,16,bytes,31288047.0,ns,156512
256bit,portable,16,16,bytes,32240735.0,ns,161403
256bit,portable,16,16,bytes,33385559.0,ns,166294
256bit,portable,16,16,bytes,34367954.0,ns,171185
256bit,portable,16,16,bytes,35330620.0,ns,176076
256bit,portable,16,16,bytes,36352090.0,ns,180967
256bit,portable,16,16,bytes,37444885.0,ns,185858
256bit,portable,16,16,bytes,38300868.0,ns,190749
256bit,portable,16,16,bytes,40349496.0,ns,195640
256bit,portable,16,16,bytes,40857957.0,ns,200531
256bit,portable,16,16,bytes,41399700.0,ns,205422
256bit,portable,16,16,bytes,42321760.0,ns,210313
256bit,portable,16,16,bytes,43367695.0,ns,215204
256bit,portable,16,16,bytes,44208890.0,ns,220095
256bit,portable,16,16,bytes,45149775.0,ns,224986
256bit,portable,16,16,bytes,46150044.0,ns,229877
256bit,portable,16,16,bytes,47111839.0,ns,234768
256bit,portable,16,16,bytes,48117828.0,ns,239659
256bit,portable,16,16,bytes,49125280.0,ns,244550
256bit,portable,16,16,bytes,50087827.0,ns,249441
256bit,portable,16,16,bytes,51344705.0,ns,254332
256bit,portable,16,16,bytes,52139321.0,ns,259223
256bit,portable,16,16,bytes,53199394.0,ns,264114
256bit,portable,16,16,bytes,54116824.0,ns,269005
256bit,portable,16,16,bytes,55170635.0,ns,273896
256bit,portable,16,16,bytes,56051616.0,ns,278787
256bit,portable,16,16,bytes,56900896.0,ns,283678
256bit,portable,16,16,bytes,58023378.0,ns,288569
256bit,portable,16,16,bytes,59755283.0,ns,293460
256bit,portable,16,16,bytes,60950873.0,ns,298351
256bit,portable,16,16,bytes,61111560.0,ns,303242
256bit,portable,16,16,bytes,62127208.0,ns,308133
256bit,portable,16,16,bytes,62863653.0,ns,313024
256bit,portable,16,16,bytes,63848813.0,ns,317915
256bit,portable,16,16,bytes,64573405.0,ns,322806
256bit,portable,16,16,bytes,65625252.0,ns,327697
256bit,portable,16,16,bytes,67625128.0,ns,332588
256bit,portable,16,16,bytes,69122635.0,ns,337479
256bit,portable,16,16,bytes,68803487.0,ns,342370
256bit,portable,16,16,bytes,69830896.0,ns,347261
256bit,portable,16,16,bytes,70633197.0,ns,352152
256bit,portable,16,16,bytes,71467138.0,ns,357043
256bit,portable,16,16,bytes,72369921.0,ns,361934
256bit,portable,16,16,bytes,73965776.0,ns,366825
256bit,portable,16,16,bytes,75290394.0,ns,371716
256bit,portable,16,16,bytes,75587099.0,ns,376607
256bit,portable,16,16,bytes,76400330.0,ns,381498
256bit,portable,16,16,bytes,77304105.0,ns,386389
256bit,portable,16,16,bytes,78281260.0,ns,391280
256bit,portable,16,16,bytes,79224700.0,ns,396171
256bit,portable,16,16,bytes,80249345.0,ns,401062
256bit,portable,16,16,bytes,81567550.0,ns,405953
256bit,portable,16,16,bytes,82235685.0,ns,410844
256bit,portable,16,16,bytes,83103410.0,ns,415735
256bit,portable,16,16,bytes,84056558.0,ns,420626
256bit,portable,16,16,bytes,84984279.0,ns,425517
256bit,portable,16,16,bytes,87738544.0,ns,430408
256bit,portable,16,16,bytes,87375692.0,ns,435299
256bit,portable,16,16,bytes,88292340.0,ns,440190
256bit,portable,16,16,bytes,89060767.0,ns,445081
256bit,portable,16,16,bytes,90042941.0,ns,449972
256bit,portable,16,16,bytes,91319226.0,ns,454863
256bit,portable,16,16,bytes,92135874.0,ns,459754
256bit,portable,16,16,bytes,92912836.0,ns,464645
256bit,portable,16,16,bytes,95199509.0,ns,469536
256bit,portable,16,16,bytes,94830986.0,ns,474427
256bit,portable,16,16,bytes,96202964.0,ns,479318
256bit,portable,16,16,bytes,98777737.0,ns,484209
256bit,portable,16,16,bytes,98490939.0,ns,489100
256bit,portable,65536,65536,bytes,1011921.0,ns,31
256bit,portable,65536,65536,bytes,2038269.0,ns,62
256bit,portable,65536,65536,bytes,3042505.0,ns,93
256bit,portable,65536,65536,bytes,4031031.0,ns,124
256bit,portable,65536,65536,bytes,5043703.0,ns,155
256bit,portable,65536,65536,bytes,6056034.0,ns,186
256bit,portable,65536,65536,bytes,7076912.0,ns,217
256bit,portable,65536,65536,bytes,8085927.0,ns,248
256bit,portable,65536,65536,bytes,9081917.0,ns,279
256bit,portable,65536,65536,bytes,10097134.0,ns,310
256bit,portable,65536,65536,bytes,11096601.0,ns,341
256bit,portable,65536,65536,bytes,12103563.0,ns,372
256bit,portable,65536,65536,bytes,13115133.0,ns,403
256bit,portable,65536,65536,bytes,14198880.0,ns,434
256bit,portable,65536,65536,bytes,15357351.0,ns,465
256bit,portable,65536,65536,bytes,16309848.0,ns,496
256bit,portable,65536,65536,bytes,17430216.0,ns,527
256bit,portable,65536,65536,bytes,18279265.0,ns,558
256bit,portable,65536,65536,bytes,19207356.0,ns,589
256bit,portable,65536,65536,bytes,20202445.0,ns,620
256bit,portable,65536,65536,bytes,21239252.0,ns,651
256bit,portable,65536,65536,bytes,22285159.0,ns,682
256bit,portable,65536,65536,bytes,23292180.0,ns,713
256bit,portable,65536,65536,bytes,24359126.0,ns,744
256bit,portable,65536,65536,bytes,25279101.0,ns,775
256bit,portable,65536,65536,bytes,26279520.0,ns,806
256bit,portable,65536,65536,bytes,27313753.0,ns,837
256bit,portable,65536,65536,bytes,30024044.0,ns,868
256bit,portable,65536,65536,bytes,30787129.0,ns,899
256bit,portable,65536,65536,bytes,30642133.0,ns,930
256bit,portable,65536,65536,bytes,31586525.0,ns,961
256bit,portable,65536,65536,bytes,32845296.0,ns,992
256bit,portable,65536,65536,bytes,33710247.0,ns,1023
256bit,portable,65536,65536,bytes,35061264.0,ns,1054
256bit,portable,65536,65536,bytes,36771998.0,ns,1085
256bit,portable,65536,65536,bytes,36638163.0,ns,1116
256bit,portable,65536,65536,bytes,37696803.0,ns,1147
256bit,portable,65536,65536,bytes,38734702.0,ns,1178
256bit,portable,65536,65536,bytes,39730894.0,ns,1209
256bit,portable,65536,65536,bytes,40808219.0,ns,1240
256bit,portable,65536,65536,bytes,42490819.0,ns,1271
256bit,portable,65536,65536,bytes,42737139.0,ns,1302
256bit,portable,65536,65536,bytes,43938592.0,ns,1333
256bit,portable,65536,65536,bytes,44962965.0,ns,1364
256bit,portable,65536,65536,bytes,45762762.0,ns,1395
256bit,portable,65536,65536,bytes,46794009.0,ns,1426
256bit,portable,65536,65536,bytes,47749463.0,ns,1457
256bit,portable,65536,65536,bytes,48747486.0,ns,1488
256bit,portable,65536,65536,bytes,49781239.0,ns,1519
256bit,portable,65536,65536,bytes,50799611.0,ns,1550
256bit,portable,65536,65536,bytes,51861778.0,ns,1581
256bit,portable,65536,65536,bytes,52879280.0,ns,1612
256bit,portable,65536,65536,bytes,54022080.0,ns,1643
256bit,portable,65536,65536,bytes,54924852.0,ns,1674
256bit,portable,65536,65536,bytes,56091027.0,ns,1705
256bit,portable,65536,65536,bytes,57902715.0,ns,1736
256bit,portable,65536,65536,bytes,58977755.0,ns,1767
256bit,portable,65536,65536,bytes,59030446.0,ns,1798
256bit,portable,65536,65536,bytes,60046314.0,ns,1829
256bit,portable,65536,65536,bytes,60975717.0,ns,1860
256bit,portable,65536,65536,bytes,61999751.0,ns,1891
256bit,portable,65536,65536,bytes,63437534.0,ns,1922
256bit,portable,65536,65536,bytes,64105658.0,ns,1953
256bit,portable,65536,65536,bytes,65103673.0,ns,1984
256bit,portable,65536,65536,bytes,66110634.0,ns,2015
256bit,portable,65536,65536,bytes,66885653.0,ns,2046
256bit,portable,65536,65536,bytes,67712861.0,ns,2077
256bit,portable,65536,65536,bytes,68652143.0,ns,2108
256bit,portable,65536,65536,bytes,69774946.0,ns,2139
256bit,portable,65536,65536,bytes,70784371.0,ns,2170
256bit,portable,65536,65536,bytes,71964392.0,ns,2201
256bit,portable,65536,65536,bytes,76089573.0,ns,2232
256bit,portable,65536,65536,bytes,76130511.0,ns,2263
256bit,portable,65536,65536,bytes,76929145.0,ns,2294
256bit,portable,65536,65536,bytes,78468051.0,ns,2325
256bit,portable,65536,65536,bytes,77155277.0,ns,2356
256bit,portable,65536,65536,bytes,78072106.0,ns,2387
256bit,portable,65536,65536,bytes,78936074.0,ns,2418
256bit,portable,65536,65536,bytes,79801806.0,ns,2449
256bit,portable,65536,65536,bytes,80809388.0,ns,2480
256bit,portable,65536,65536,bytes,81768889.0,ns,2511
256bit,portable,65536,65536,bytes,82823250.0,ns,2542
256bit,portable,65536,65536,bytes,83953657.0,ns,2573
256bit,portable,65536,65536,bytes,86481500.0,ns,2604
256bit,portable,65536,65536,bytes,86265828.0,ns,2635
256bit,portable,65536,65536,bytes,86958851.0,ns,2666
256bit,portable,65536,65536,bytes,87773565.0,ns,2697
256bit,portable,65536,65536,bytes,88975879.0,ns,2728
256bit,portable,65536,65536,bytes,90110344.0,ns,2759
256bit,portable,65536,65536,bytes,90898617.0,ns,2790
256bit,portable,65536,65536,bytes,91832459.0,ns,2821
256bit,portable,65536,65536,bytes,93490513.0,ns,2852
256bit,portable,65536,65536,bytes,93901697.0,ns,2883
256bit,portable,65536,65536,bytes,94771412.0,ns,2914
256bit,portable,65536,65536,bytes,96225000.0,ns,2945
256bit,portable,65536,65536,bytes,98096471.0,ns,2976
256bit,portable,65536,65536,bytes,97916938.0,ns,3007
256bit,portable,65536,65536,bytes,99260992.0,ns,3038
256bit,portable,65536,65536,bytes,100797183.0,ns,3069
256bit,portable,65536,65536,bytes,101311625.0,ns,3100
256bit,avx,4,4,bytes,979028.0,ns,25182
256bit,avx,4,4,bytes,1972023.0,ns,50364
256bit,avx,4,4,bytes,2949087.0,ns,75546
256bit,avx,4,4,bytes,3934437.0,ns,100728
256bit,avx,4,4,bytes,4936990.0,ns,125910
256bit,avx,4,4,bytes,5920727.0,ns,151092
256bit,avx,4,4,bytes,6914352.0,ns,176274
256bit,avx,4,4,bytes,7890776.0,ns,201456
256bit,avx,4,4,bytes,8860416.0,ns,226638
256bit,avx,4,4,bytes,9860214.0,ns,251820
256bit,avx,4,4,bytes,10836466.0,ns,277002
256bit,avx,4,4,bytes,11862133.0,ns,302184
256bit,avx,4,4,bytes,12829418.0,ns,327366
256bit,avx,4,4,bytes,13784431.0,ns,352548
256bit,avx,4,4,bytes,14796953.0,ns,377730
256bit,avx,4,4,bytes,15755071.0,ns,402912
256bit,avx,4,4,bytes,17068677.0,ns,428094
256bit,avx,4,4,bytes,17753884.0,ns,453276
256bit,avx,4,4,bytes,18694820.0,ns,478458
256bit,avx,4,4,bytes,19806361.0,ns,503640
256bit,avx,4,4,bytes,21401353.0,ns,528822
256bit,avx,4,4,bytes,21688411.0,ns,554004
256bit,avx,4,4,bytes,22707406.0,ns,579186
256bit,avx,4,4,bytes,23612322.0,ns,604368
256bit,avx,4,4,bytes,24806370.0,ns,629550
256bit,avx,4,4,bytes,25598161.0,ns,654732
256bit,avx,4,4,bytes,26603019.0,ns,679914
256bit,avx,4,4,bytes,27561628.0,ns,705096
256bit,avx,4,4,bytes,28540445.0,ns,730278
256bit,avx,4,4,bytes,29522619.0,ns,755460
256bit,avx,4,4,bytes,30540551.0,ns,780642
256bit,avx,4,4,bytes,31519699.0,ns,805824
256bit,avx,4,4,bytes,32523955.0,ns,831006
256bit,avx,4,4,bytes,33468878.0,ns,856188
256bit,avx,4,4,bytes,34507560.0,ns,881370
256bit,avx,4,4,bytes,35571421.0,ns,906552
256bit,avx,4,4,bytes,36431721.0,ns,931734
256bit,avx,4,4,bytes,37498026.0,ns,956916
256bit,avx,4,4,bytes,38596642.0,ns,982098
256bit,avx,4,4,bytes,39409542.0,ns,1007280
256bit,avx,4,4,bytes,41658675.0,ns,1032462
256bit,avx,4,4,bytes,42370193.0,ns,1057644
256bit,avx,4,4,bytes,42468189.0,ns,1082826
256bit,avx,4,4,bytes,43605789.0,ns,1108008
256bit,avx,4,4,bytes,44425774.0,ns,1133190
256bit,avx,4,4,bytes,45283822.0,ns,1158372
256bit,avx,4,4,bytes,46300742.0,ns,1183554
256bit,avx,4,4,bytes,47319235.0,ns,1208736
256bit,avx,4,4,bytes,48279096.0,ns,1233918
256bit,avx,4,4,bytes,49507721.0,ns,1259100
256bit,avx,4,4,bytes,50240398.0,ns,1284282
256bit,avx,4,4,bytes,51210369.0,ns,1309464
256bit,avx,4,4,bytes,52214525.0,ns,1334646
256bit,avx,4,4,bytes,53353969.0,ns,1359828
256bit,avx,4,4,bytes,54180045.0,ns,1385010
256bit,avx,4,4,bytes,55179001.0,ns,1410192
256bit,avx,4,4,bytes,56324115.0,ns,1435374
256bit,avx,4,4,bytes,57139081.0,ns,1460556
256bit,avx,4,4,bytes,58509606.0,ns,1485738
256bit,avx,4,4,bytes,59149056.0,ns,1510920
256bit,avx,4,4,bytes,62039390.0,ns,1536102
256bit,avx,4,4,bytes,61630941.0,ns,1561284
256bit,avx,4,4,bytes,62402233.0,ns,1586466
256bit,avx,4,4,bytes,63147434.0,ns,1611648
256bit,avx,4,4,bytes,64109581.0,ns,1636830
256bit,avx,4,4,bytes,65063471.0,ns,1662012
256bit,avx,4,4,bytes,65986452.0,ns,1687194
256bit,avx,4,4,bytes,67304556.0,ns,1712376
256bit,avx,4,4,bytes,68018849.0,ns,1737558
256bit,avx,4,4,bytes,68899760.0,ns,1762740
256bit,avx,4,4,bytes,69949503.0,ns,1787922
256bit,avx,4,4,bytes,71036717.0,ns,1813104
256bit,avx,4,4,bytes,72013471.0,ns,1838286
256bit,avx,4,4,bytes,73026554.0,ns,1863468
256bit,avx,4,4,bytes,74043515.0,ns,1888650
256bit,avx,4,4,bytes,76572740.0,ns,1913832
256bit,avx,4,4,bytes,76439927.0,ns,1939014
256bit,avx,4,4,bytes,77080539.0,ns,1964196
256bit,avx,4,4,bytes,77855949.0,ns,1989378
256bit,avx,4,4,bytes,79058874.0,ns,2014560
256bit,avx,4,4,bytes,80066366.0,ns,2039742
256bit,avx,4,4,bytes,80807621.0,ns,2064924
256bit,avx,4,4,bytes,81815483.0,ns,2090106
256bit,avx,4,4,bytes,82787328.0,ns,2115288
256bit,avx,4,4,bytes,83682756.0,ns,2140470
256bit,avx,4,4,bytes,84755443.0,ns,2165652
256bit,avx,4,4,bytes,87103804.0,ns,2190834
256bit,avx,4,4,bytes,88977017.0,ns,2216016
256bit,avx,4,4,bytes,88158055.0,ns,2241198
256bit,avx,4,4,bytes,88954885.0,ns,2266380
256bit,avx,4,4,bytes,89717360.0,ns,2291562
256bit,avx,4,4,bytes,90650881.0,ns,2316744
256bit,avx,4,4,bytes,91858285.0,ns,2341926
256bit,avx,4,4,bytes,92524716.0,ns,2367108
256bit,avx,4,4,bytes,93556114.0,ns,2392290
256bit,avx,4,4,bytes,94617028.0,ns,2417472
256bit,avx,4,4,bytes,95659478.0,ns,2442654
256bit,avx,4,4,bytes,96644547.0,ns,2467836
256bit,avx,4,4,bytes,100453344.0,ns,2493018
256bit,avx,4,4,bytes,104126693.0,ns,2518200
256bit,avx,16384,16384,bytes,986282.0,ns,1144
256bit,avx,16384,16384,bytes,2002500.0,ns,2288
256bit,avx,16384,16384,bytes,2955649.0,ns,3432
256bit,avx,16384,16384,bytes,3941630.0,ns,4576
256bit,avx,16384,16384,bytes,4918264.0,ns,5720
256bit,avx,16384,16384,bytes,5909154.0,ns,6864
256bit,avx,16384,16384,bytes,6887109.0,ns,8008
256bit,avx,16384,16384,bytes,7891927.0,ns,9152
256bit,avx,16384,16384,bytes,8865435.0,ns,10296
256bit,avx,16384,16384,bytes,9849281.0,ns,11440
256bit,avx,16384,16384,bytes,10857446.0,ns,12584
256bit,avx,16384,16384,bytes,11802759.0,ns,13728
256bit,avx,16384,16384,bytes,12809359.0,ns,14872
256bit,avx,16384,16384,bytes,13758941.0,ns,16016
256bit,avx,16384,16384,bytes,14764319.0,ns,17160
256bit,avx,16384,16384,bytes,15752605.0,ns,18304
256bit,avx,16384,16384,bytes,16785706.0,ns,19448
256bit,avx,16384,16384,bytes,17718675.0,ns,20592
256bit,avx,16384,16384,bytes,18815710.0,ns,21736
256bit,avx,16384,16384,bytes,19823061.0,ns,22880
256bit,avx,16384,16384,bytes,20692950.0,ns,24024
256bit,avx,16384,16384,bytes,21719740.0,ns,25168
256bit,avx,16384,16384,bytes,22658561.0,ns,26312
256bit,avx,16384,16384,bytes,23663799.0,ns,27456
256bit,avx,16384,16384,bytes,24588643.0,ns,28600
256bit,avx,16384,16384,bytes,25561980.0,ns,29744
256bit,avx,16384,16384,bytes,26553442.0,ns,30888
256bit,avx,16384,16384,bytes,27550414.0,ns,32032
256bit,avx,16384,16384,bytes,28529433.0,ns,33176
256bit,avx,16384,16384,bytes,29548796.0,ns,34320
256bit,avx,16384,16384,bytes,30486396.0,ns,35464
256bit,avx,16384,16384,bytes,31483508.0,ns,36608
256bit,avx,16384,16384,bytes,32441777.0,ns,37752
256bit,avx,16384,16384,bytes,33444690.0,ns,38896
256bit,avx,16384,16384,bytes,34550681.0,ns,40040
256bit,avx,16384,16384,bytes,35399640.0,ns,41184
256bit,avx,16384,16384,bytes,36436138.0,ns,42328
256bit,avx,16384,16384,bytes,37341955.0,ns,43472
256bit,avx,16384,16384,bytes,38329440.0,ns,44616
256bit,avx,16384,16384,bytes,39311493.0,ns,45760
256bit,avx,16384,16384,bytes,40311020.0,ns,46904
256bit,avx,16384,16384,bytes,41371545.0,ns,48048
256bit,avx,16384,16384,bytes,42578697.0,ns,49192
256bit,avx,16384,16384,bytes,45204046.0,ns,50336
256bit,avx,16384,16384,bytes,44458354.0,ns,51480
256bit,avx,16384,16384,bytes,45344744.0,ns,52624
256bit,avx,16384,16384,bytes,46662339.0,ns,53768
256bit,avx,16384,16384,bytes,47432618.0,ns,54912
256bit,avx,16384,16384,bytes,48537516.0,ns,56056
256bit,avx,16384,16384,bytes,49230468.0,ns,57200
256bit,avx,16384,16384,bytes,50203705.0,ns,58344
256bit,avx,16384,16384,bytes,51152264.0,ns,59488
256bit,avx,16384,16384,bytes,52174986.0,ns,60632
256bit,avx,16384,16384,bytes,53139937.0,ns,61776
256bit,avx,16384,16384,bytes,54088707.0,ns,62920
256bit,avx,16384,16384,bytes,55089918.0,ns,64064
256bit,avx,16384,16384,bytes,56104523.0,ns,65208
256bit,avx,16384,16384,bytes,57440452.0,ns,66352
256bit,avx,16384,16384,bytes,58099009.0,ns,67496
256bit,avx,16384,16384,bytes,59056515.0,ns,68640
256bit,avx,16384,16384,bytes,60004695.0,ns,69784
256bit,avx,16384,16384,bytes,61064888.0,ns,70928
256bit,avx,16384,16384,bytes,64239524.0,ns,72072
256bit,avx,16384,16384,bytes,63122633.0,ns,73216
256bit,avx,16384,16384,bytes,64048400.0,ns,74360
256bit,avx,16384,16384,bytes,65005365.0,ns,75504
256bit,avx,16384,16384,bytes,66297130.0,ns,76648
256bit,avx,16384,16384,bytes,67052922.0,ns,77792
256bit,avx,16384,16384,bytes,67973609.0,ns,78936
256bit,avx,16384,16384,bytes,69001189.0,ns,80080
256bit,avx,16384,16384,bytes,70027067.0,ns,81224
256bit,avx,16384,16384,bytes,71056089.0,ns,82368
256bit,avx,16384,16384,bytes,71973039.0,ns,83512
256bit,avx,16384,16384,bytes,72773632.0,ns,84656
256bit,avx,16384,16384,bytes,74111179.0,ns,85800
256bit,avx,16384,16384,bytes,74713508.0,ns,86944
256bit,avx,16384,16384,bytes,77211674.0,ns,88088
256bit,avx,16384,16384,bytes,77352783.0,ns,89232
256bit,avx,16384,16384,bytes,77921739.0,ns,90376
256bit,avx,16384,16384,bytes,78630051.0,ns,91520
256bit,avx,16384,16384,bytes,79998952.0,ns,92664
256bit,avx,16384,16384,bytes,80617081.0,ns,93808
256bit,avx,16384,16384,bytes,81634582.0,ns,94952
256bit,avx,16384,16384,bytes,82736605.0,ns,96096
256bit,avx,16384,16384,bytes,83577509.0,ns,97240
256bit,avx,16384,16384,bytes,84641509.0,ns,98384
256bit,avx,16384,16384,bytes,85600454.0,ns,99528
256bit,avx,16384,16384,bytes,86597622.0,ns,100672
256bit,avx,16384,16384,bytes,88578802.0,ns,101816
256bit,avx,16384,16384,bytes,90167322.0,ns,102960
256bit,avx,16384,16384,bytes,89674042.0,ns,104104
256bit,avx,16384,16384,bytes,90810099.0,ns,105248
256bit,avx,16384,16384,bytes,92582150.0,ns,106392
256bit,avx,16384,16384,bytes,92827317.0,ns,107536
256bit,avx,16384,16384,bytes,93797970.0,ns,108680
256bit,avx,16384,16384,bytes,94607845.0,ns,109824
256bit,avx,16384,16384,bytes,95785061.0,ns,110968
256bit,avx,16384,16384,bytes,96622659.0,ns,112112
256bit,avx,16384,16384,bytes,98711244.0,ns,113256
256bit,avx,16384,16384,bytes,100702273.0,ns,114400
256bit,avx,1,1,bytes,993065.0,ns,23930
256bit,avx,1,1,bytes,1979067.0,ns,47860
256bit,avx,1,1,bytes,2955700.0,ns,71790
256bit,avx,1,1,bytes,3933034.0,ns,95720
256bit,avx,1,1,bytes,5010349.0,ns,119650
256bit,avx,1,1,bytes,6146648.0,ns,143580
256bit,avx,1,1,bytes,6897090.0,ns,167510
256bit,avx,1,1,bytes,7959617.0,ns,191440
256bit,avx,1,1,bytes,8875073.0,ns,215370
256bit,avx,1,1,bytes,9877837.0,ns,239300
256bit,avx,1,1,bytes,10909295.0,ns,263230
256bit,avx,1,1,bytes,11866552.0,ns,287160
256bit,avx,1,1,bytes,12967421.0,ns,311090
256bit,avx,1,1,bytes,13838574.0,ns,335020
256bit,avx,1,1,bytes,14774550.0,ns,358950
256bit,avx,1,1,bytes,15810636.0,ns,382880
256bit,avx,1,1,bytes,16785577.0,ns,406810
256bit,avx,1,1,bytes,17803399.0,ns,430740
256bit,avx,1,1,bytes,18822774.0,ns,454670
256bit,avx,1,1,bytes,19759451.0,ns,478600
256bit,avx,1,1,bytes,21031283.0,ns,502530
256bit,avx,1,1,bytes,21494852.0,ns,526460
256bit,avx,1,1,bytes,22654765.0,ns,550390
256bit,avx,1,1,bytes,23582766.0,ns,574320
256bit,avx,1,1,bytes,24607672.0,ns,598250
256bit,avx,1,1,bytes,25586971.0,ns,622180
256bit,avx,1,1,bytes,26552152.0,ns,646110
256bit,avx,1,1,bytes,27778041.0,ns,670040
256bit,avx,1,1,bytes,28560624.0,ns,693970
256bit,avx,1,1,bytes,29507290.0,ns,717900
256bit,avx,1,1,bytes,30582772.0,ns,741830
256bit,avx,1,1,bytes,31515101.0,ns,765760
256bit,avx,1,1,bytes,32524107.0,ns,789690
256bit,avx,1,1,bytes,33446777.0,ns,813620
256bit,avx,1,1,bytes,34550332.0,ns,837550
256bit,avx,1,1,bytes,35544640.0,ns,861480
256bit,avx,1,1,bytes,38201008.0,ns,885410
256bit,avx,1,1,bytes,37613136.0,ns,909340
256bit,avx,1,1,bytes,38489368.0,ns,933270
256bit,avx,1,1,bytes,39447596.0,ns,957200
256bit,avx,1,1,bytes,40541524.0,ns,981130
256bit,avx,1,1,bytes,41328335.0,ns,1005060
256bit,avx,1,1,bytes,42438733.0,ns,1028990
256bit,avx,1,1,bytes,43360352.0,ns,1052920
256bit,avx,1,1,bytes,44332998.0,ns,1076850
256bit,avx,1,1,bytes,45303319.0,ns,1100780
256bit,avx,1,1,bytes,46345036.0,ns,1124710
256bit,avx,1,1,bytes,47296572.0,ns,1148640
256bit,avx,1,1,bytes,48216397.0,ns,1172570
256bit,avx,1,1,bytes,49261311.0,ns,1196500
256bit,avx,1,1,bytes,50468133.0,ns,1220430
256bit,avx,1,1,bytes,51337813.0,ns,1244360
256bit,avx,1,1,bytes,52475874.0,ns,1268290
256bit,avx,1,1,bytes,53211899.0,ns,1292220
256bit,avx,1,1,bytes,54201126.0,ns,1316150
256bit,avx,1,1,bytes,55200392.0,ns,1340080
256bit,avx,1,1,bytes,56175463.0,ns,1364010
256bit,avx,1,1,bytes,58665073.0,ns,1387940
256bit,avx,1,1,bytes,58880720.0,ns,1411870
256bit,avx,1,1,bytes,59342806.0,ns,1435800
256bit,avx,1,1,bytes,60338536.0,ns,1459730
256bit,avx,1,1,bytes,61616941.0,ns,1483660
256bit,avx,1,1,bytes,62174189.0,ns,1507590
256bit,avx,1,1,bytes,63140141.0,ns,1531520
256bit,avx,1,1,bytes,64090987.0,ns,1555450
256bit,avx,1,1,bytes,65053904.0,ns,1579380
256bit,avx,1,1,bytes,66034575.0,ns,1603310
256bit,avx,1,1,bytes,67071512.0,ns,1627240
256bit,avx,1,1,bytes,68031365.0,ns,1651170
256bit,avx,1,1,bytes,69148927.0,ns,1675100
256bit,avx,1,1,bytes,70052921.0,ns,1699030
256bit,avx,1,1,bytes,71029475.0,ns,1722960
256bit,avx,1,1,bytes,71883675.0,ns,1746890
256bit,avx,1,1,bytes,75106954.0,ns,1770820
256bit,avx,1,1,bytes,74224130.0,ns,1794750
256bit,avx,1,1,bytes,75058061.0,ns,1818680
256bit,avx,1,1,bytes,75998638.0,ns,1842610
256bit,avx,1,1,bytes,78314033.0,ns,1866540
256bit,avx,1,1,bytes,77950820.0,ns,1890470
256bit,avx,1,1,bytes,79435965.0,ns,1914400
256bit,avx,1,1,bytes,79900070.0,ns,1938330
256bit,avx,1,1,bytes,80855022.0,ns,1962260
256bit,avx,1,1,bytes,81858767.0,ns,1986190
256bit,avx,1,1,bytes,82818197.0,ns,2010120
256bit,avx,1,1,bytes,83738574.0,ns,2034050
256bit,avx,1,1,bytes,85561432.0,ns,2057980
256bit,avx,1,1,bytes,87372327.0,ns,2081910
256bit,avx,1,1,bytes,86793363.0,ns,2105840
256bit,avx,1,1,bytes,87792759.0,ns,2129770
256bit,avx,1,1,bytes,88677728.0,ns,2153700
256bit,avx,1,1,bytes,89637669.0,ns,2177630
256bit,avx,1,1,bytes,93155431.0,ns,2201560
256bit,avx,1,1,bytes,91710584.0,ns,2225490
256bit,avx,1,1,bytes,92728607.0,ns,2249420
256bit,avx,1,1,bytes,93714298.0,ns,2273350
256bit,avx,1,1,bytes,94701450.0,ns,2297280
256bit,avx,1,1,bytes,95872396.0,ns,2321210
256bit,avx,1,1,bytes,98534604.0,ns,2345140
256bit,avx,1,1,bytes,97695373.0,ns,2369070
256bit,avx,1,1,bytes,98667999.0,ns,2393000
256bit,avx,64,64,bytes,992524.0,ns,32592
256bit,avx,64,64,bytes,1971152.0,ns,65184
256bit,avx,64,64,bytes,2948235.0,ns,97776
256bit,avx,64,64,bytes,3956449.0,ns,130368
256bit,avx,64,64,bytes,4921400.0,ns,162960
256bit,avx,64,64,bytes,5904495.0,ns,195552
256bit,avx,64,64,bytes,6903481.0,ns,228144
256bit,avx,64,64,bytes,7868042.0,ns,260736
256bit,avx,64,64,bytes,8860896.0,ns,293328
256bit,avx,64,64,bytes,9844022.0,ns,325920
256bit,avx,64,64,bytes,11137761.0,ns,358512
256bit,avx,64,64,bytes,12458421.0,ns,391104
256bit,avx,64,64,bytes,13636047.0,ns,423696
256bit,avx,64,64,bytes,13994611.0,ns,456288
256bit,avx,64,64,bytes,14851636.0,ns,488880
256bit,avx,64,64,bytes,15818571.0,ns,521472
256bit,avx,64,64,bytes,16777200.0,ns,554064
256bit,avx,64,64,bytes,17776738.0,ns,586656
256bit,avx,64,64,bytes,18766196.0,ns,619248
256bit,avx,64,64,bytes,19799146.0,ns,651840
256bit,avx,64,64,bytes,20741995.0,ns,684432
256bit,avx,64,64,bytes,21796496.0,ns,717024
256bit,avx,64,64,bytes,22680834.0,ns,749616
256bit,avx,64,64,bytes,23646226.0,ns,782208
256bit,avx,64,64,bytes,24615506.0,ns,814800
256bit,avx,64,64,bytes,25632857.0,ns,847392
256bit,avx,64,64,bytes,26581227.0,ns,879984
256bit,avx,64,64,bytes,27809069.0,ns,912576
256bit,avx,64,64,bytes,28544521.0,ns,945168
256bit,avx,64,64,bytes,29584306.0,ns,977760
256bit,avx,64,64,bytes,30566820.0,ns,1010352
256bit,avx,64,64,bytes,31697813.0,ns,1042944
256bit,avx,64,64,bytes,32312812.0,ns,1075536
256bit,avx,64,64,bytes,33420074.0,ns,1108128
256bit,avx,64,64,bytes,34372472.0,ns,1140720
256bit,avx,64,64,bytes,35367120.0,ns,1173312
256bit,avx,64,64,bytes,36364983.0,ns,1205904
256bit,avx,64,64,bytes,37394127.0,ns,1238496
256bit,avx,64,64,bytes,38379607.0,ns,1271088
256bit,avx,64,64,bytes,39310603.0,ns,1303680
256bit,avx,64,64,bytes,40317073.0,ns,1336272
256bit,avx,64,64,bytes,41665196.0,ns,1368864
256bit,avx,64,64,bytes,42261093.0,ns,1401456
256bit,avx,64,64,bytes,43250821.0,ns,1434048
256bit,avx,64,64,bytes,44219169.0,ns,1466640
256bit,avx,64,64,bytes,45651561.0,ns,1499232
256bit,avx,64,64,bytes,47575082.0,ns,1531824
256bit,avx,64,64,bytes,47279237.0,ns,1564416
256bit,avx,64,64,bytes,48296669.0,ns,1597008
256bit,avx,64,64,bytes,49312746.0,ns,1629600
256bit,avx,64,64,bytes,50196403.0,ns,1662192
256bit,avx,64,64,bytes,51199747.0,ns,1694784
256bit,avx,64,64,bytes,52713566.0,ns,1727376
256bit,avx,64,64,bytes,53401178.0,ns,1759968
256bit,avx,64,64,bytes,54451882.0,ns,1792560
256bit,avx,64,64,bytes,55119816.0,ns,1825152
256bit,avx,64,64,bytes,56232520.0,ns,1857744
256bit,avx,64,64,bytes,57075248.0,ns,1890336
256bit,avx,64,64,bytes,58061419.0,ns,1922928
256bit,avx,64,64,bytes,59029727.0,ns,1955520
256bit,avx,64,64,bytes,59935454.0,ns,1988112
256bit,avx,64,64,bytes,61373058.0,ns,2020704
256bit,avx,64,64,bytes,61963925.0,ns,2053296
256bit,avx,64,64,bytes,62907685.0,ns,2085888
256bit,avx,64,64,bytes,65860790.0,ns,2118480
256bit,avx,64,64,bytes,65030666.0,ns,2151072
256bit,avx,64,64,bytes,66056684.0,ns,2183664
256bit,avx,64,64,bytes,67958994.0,ns,2216256
256bit,avx,64,64,bytes,68218498.0,ns,2248848
256bit,avx,64,64,bytes,69170876.0,ns,2281440
256bit,avx,64,64,bytes,69920946.0,ns,2314032
256bit,avx,64,64,bytes,70872793.0,ns,2346624
256bit,avx,64,64,bytes,72129741.0,ns,2379216
256bit,avx,64,64,bytes,73475549.0,ns,2411808
256bit,avx,64,64,bytes,74262931.0,ns,2444400
256bit,avx,64,64,bytes,74787312.0,ns,2476992
256bit,avx,64,64,bytes,76015355.0,ns,2509584
256bit,avx,64,64,bytes,76689401.0,ns,2542176
256bit,avx,64,64,bytes,79433717.0,ns,2574768
256bit,avx,64,64,bytes,78796320.0,ns,2607360
256bit,avx,64,64,bytes,79865951.0,ns,2639952
256bit,avx,64,64,bytes,80656159.0,ns,2672544
256bit,avx,64,64,bytes,81857231.0,ns,2705136
256bit,avx,64,64,bytes,82623022.0,ns,2737728
256bit,avx,64,64,bytes,83602120.0,ns,2770320
256bit,avx,64,64,bytes,84552564.0,ns,2802912
256bit,avx,64,64,bytes,85652672.0,ns,2835504
256bit,avx,64,64,bytes,86521430.0,ns,2868096
256bit,avx,64,64,bytes,87675702.0,ns,2900688
256bit,avx,64,64,bytes,88524261.0,ns,2933280
256bit,avx,64,64,bytes,91303043.0,ns,2965872
256bit,avx,64,64,bytes,90724399.0,ns,2998464
256bit,avx,64,64,bytes,91593246.0,ns,3031056
256bit,avx,64,64,bytes,92634143.0,ns,3063648
256bit,avx,64,64,bytes,93597170.0,ns,3096240
256bit,avx,64,64,bytes,94522406.0,ns,3128832
256bit,avx,64,64,bytes,95515159.0,ns,3161424
256bit,avx,64,64,bytes,97219457.0,ns,3194016
256bit,avx,64,64,bytes,97413322.0,ns,3226608
256bit,avx,64,64,bytes,98664248.0,ns,3259200
256bit,avx,16,16,bytes,982314.0,ns,24847
256bit,avx,16,16,bytes,1969137.0,ns,49694
256bit,avx,16,16,bytes,2957383.0,ns,74541
256bit,avx,16,16,bytes,3945388.0,ns,99388
256bit,avx,16,16,bytes,4908275.0,ns,124235
256bit,avx,16,16,bytes,5916358.0,ns,149082
256bit,avx,16,16,bytes,6893763.0,ns,173929
256bit,avx,16,16,bytes,7886598.0,ns,198776
256bit,avx,16,16,bytes,8845226.0,ns,223623
256bit,avx,16,16,bytes,9832570.0,ns,248470
256bit,avx,16,16,bytes,10812991.0,ns,273317
256bit,avx,16,16,bytes,11778293.0,ns,298164
256bit,avx,16,16,bytes,12765336.0,ns,323011
256bit,avx,16,16,bytes,13741859.0,ns,347858
256bit,avx,16,16,bytes,14754050.0,ns,372705
256bit,avx,16,16,bytes,15701768.0,ns,397552
256bit,avx,16,16,bytes,16718438.0,ns,422399
256bit,avx,16,16,bytes,17656588.0,ns,447246
256bit,avx,16,16,bytes,18670453.0,ns,472093
256bit,avx,16,16,bytes,19632628.0,ns,496940
256bit,avx,16,16,bytes,20725694.0,ns,521787
256bit,avx,16,16,bytes,22746921.0,ns,546634
256bit,avx,16,16,bytes,23429843.0,ns,571481
256bit,avx,16,16,bytes,23621780.0,ns,596328
256bit,avx,16,16,bytes,24618742.0,ns,621175
256bit,avx,16,16,bytes,25577822.0,ns,646022
256bit,avx,16,16,bytes,26582108.0,ns,670869
256bit,avx,16,16,bytes,27555405.0,ns,695716
256bit,avx,16,16,bytes,28499447.0,ns,720563
256bit,avx,16,16,bytes,29463285.0,ns,745410
256bit,avx,16,16,bytes,30463143.0,ns,770257
256bit,avx,16,16,bytes,31531011.0,ns,795104
256bit,avx,16,16,bytes,32407724.0,ns,819951
256bit,avx,16,16,bytes,33409395.0,ns,844798
256bit,avx,16,16,bytes,34539179.0,ns,869645
256bit,avx,16,16,bytes,35404812.0,ns,894492
256bit,avx,16,16,bytes,36473050.0,ns,919339
256bit,avx,16,16,bytes,37302964.0,ns,944186
256bit,avx,16,16,bytes,38331787.0,ns,969033
256bit,avx,16,16,bytes,39379025.0,ns,993880
256bit,avx,16,16,bytes,40423427.0,ns,1018727
256bit,avx,16,16,bytes,41261546.0,ns,1043574
256bit,avx,16,16,bytes,42242047.0,ns,1068421
256bit,avx,16,16,bytes,43272733.0,ns,1093268
256bit,avx,16,16,bytes,44597200.0,ns,1118115
256bit,avx,16,16,bytes,45375977.0,ns,1142962
256bit,avx,16,16,bytes,46201391.0,ns,1167809
256bit,avx,16,16,bytes,47197482.0,ns,1192656
256bit,avx,16,16,bytes,48866025.0,ns,1217503
256bit,avx,16,16,bytes,52344017.0,ns,1242350
256bit,avx,16,16,bytes,51228052.0,ns,1267197
256bit,avx,16,16,bytes,51744167.0,ns,1292044
256bit,avx,16,16,bytes,52191450.0,ns,1316891
256bit,avx,16,16,bytes,53147956.0,ns,1341738
256bit,avx,16,16,bytes,54189202.0,ns,1366585
256bit,avx,16,16,bytes,55027962.0,ns,1391432
256bit,avx,16,16,bytes,56219896.0,ns,1416279
256bit,avx,16,16,bytes,57076290.0,ns,1441126
256bit,avx,16,16,bytes,58001125.0,ns,1465973
256bit,avx,16,16,bytes,59106344.0,ns,1490820
256bit,avx,16,16,bytes,60194650.0,ns,1515667
256bit,avx,16,16,bytes,61252899.0,ns,1540514
256bit,avx,16,16,bytes,61975508.0,ns,1565361
256bit,avx,16,16,bytes,63377363.0,ns,1590208
256bit,avx,16,16,bytes,63949043.0,ns,1615055
256bit,avx,16,16,bytes,64871523.0,ns,1639902
256bit,avx,16,16,bytes,66636030.0,ns,1664749
256bit,avx,16,16,bytes,68205344.0,ns,1689596
256bit,avx,16,16,bytes,67878661.0,ns,1714443
256bit,avx,16,16,bytes,68914628.0,ns,1739290
256bit,avx,16,16,bytes,70095801.0,ns,1764137
256bit,avx,16,16,bytes,70767643.0,ns,1788984
256bit,avx,16,16,bytes,71937244.0,ns,1813831
256bit,avx,16,16,bytes,72879923.0,ns,1838678
256bit,avx,16,16,bytes,73815909.0,ns,1863525
256bit,avx,16,16,bytes,74951515.0,ns,1888372
256bit,avx,16,16,bytes,76534156.0,ns,1913219
256bit,avx,16,16,bytes,77671465.0,ns,1938066
256bit,avx,16,16,bytes,77861387.0,ns,1962913
256bit,avx,16,16,bytes,79029537.0,ns,1987760
256bit,avx,16,16,bytes,81133691.0,ns,2012607
256bit,avx,16,16,bytes,80691828.0,ns,2037454
256bit,avx,16,16,bytes,81583420.0,ns,2062301
256bit,avx,16,16,bytes,82626881.0,ns,2087148
256bit,avx,16,16,bytes,83563948.0,ns,2111995
256bit,avx,16,16,bytes,84826497.0,ns,2136842
256bit,avx,16,16,bytes,85501735.0,ns,2161689
256bit,avx,16,16,bytes,86669143.0,ns,2186536
256bit,avx,16,16,bytes,87408794.0,ns,2211383
256bit,avx,16,16,bytes,88707222.0,ns,2236230
256bit,avx,16,16,bytes,89405213.0,ns,2261077
256bit,avx,16,16,bytes,90520270.0,ns,2285924
256bit,avx,16,16,bytes,93749202.0,ns,2310771
256bit,avx,16,16,bytes,92470251.0,ns,2335618
256bit,avx,16,16,bytes,93596720.0,ns,2360465
256bit,avx,16,16,bytes,94318207.0,ns,2385312
256bit,avx,16,16,bytes,95616174.0,ns,2410159
256bit,avx,16,16,bytes,97748501.0,ns,2435006
256bit,avx,16,16,bytes,97895934.0,ns,2459853
256bit,avx,16,16,bytes,98322958.0,ns,2484700
256bit,avx,1024,1024,bytes,1041146.0,ns,12289
256bit,avx,1024,1024,bytes,2079447.0,ns,24578
256bit,avx,1024,1024,bytes,3114422.0,ns,36867
256bit,avx,1024,1024,bytes,4024308.0,ns,49156
256bit,avx,1024,1024,bytes,4959783.0,ns,61445
256bit,avx,1024,1024,bytes,5929533.0,ns,73734
256bit,avx,1024,1024,bytes,6890857.0,ns,86023
256bit,avx,1024,1024,bytes,7901366.0,ns,98312
256bit,avx,1024,1024,bytes,8885382.0,ns,110601
256bit,avx,1024,1024,bytes,9898676.0,ns,122890
256bit,avx,1024,1024,bytes,10849270.0,ns,135179
256bit,avx,1024,1024,bytes,11832035.0,ns,147468
256bit,avx,1024,1024,bytes,12828516.0,ns,159757
256bit,avx,1024,1024,bytes,13836379.0,ns,172046
256bit,avx,1024,1024,bytes,14776753.0,ns,184335
256bit,avx,1024,1024,bytes,15777613.0,ns,196624
256bit,avx,1024,1024,bytes,16835711.0,ns,208913
256bit,avx,1024,1024,bytes,17993380.0,ns,221202
256bit,avx,1024,1024,bytes,18776364.0,ns,233491
256bit,avx,1024,1024,bytes,19721998.0,ns,245780
256bit,avx,1024,1024,bytes,20778364.0,ns,258069
256bit,avx,1024,1024,bytes,21706545.0,ns,270358
256bit,avx,1024,1024,bytes,22662208.0,ns,282647
256bit,avx,1024,1024,bytes,23693336.0,ns,294936
256bit,avx,1024,1024,bytes,24625113.0,ns,307225
256bit,avx,1024,1024,bytes,25688051.0,ns,319514
256bit,avx,1024,1024,bytes,28137905.0,ns,331803
256bit,avx,1024,1024,bytes,28071619.0,ns,344092
256bit,avx,1024,1024,bytes,28704406.0,ns,356381
256bit,avx,1024,1024,bytes,29693333.0,ns,368670
256bit,avx,1024,1024,bytes,30694924.0,ns,380959
256bit,avx,1024,1024,bytes,31767330.0,ns,393248
256bit,avx,1024,1024,bytes,32702825.0,ns,405537
256bit,avx,1024,1024,bytes,33671183.0,ns,417826
256bit,avx,1024,1024,bytes,34542666.0,ns,430115
256bit,avx,1024,1024,bytes,35538045.0,ns,442404
256bit,avx,1024,1024,bytes,36521901.0,ns,454693
256bit,avx,1024,1024,bytes,37611220.0,ns,466982
256bit,avx,1024,1024,bytes,38492652.0,ns,479271
256bit,avx,1024,1024,bytes,39456651.0,ns,491560
256bit,avx,1024,1024,bytes,40457120.0,ns,503849
256bit,avx,1024,1024,bytes,41408345.0,ns,516138
256bit,avx,1024,1024,bytes,42474679.0,ns,528427
256bit,avx,1024,1024,bytes,43466812.0,ns,540716
256bit,avx,1024,1024,bytes,46098353.0,ns,553005
256bit,avx,1024,1024,bytes,45464844.0,ns,565294
256bit,avx,1024,1024,bytes,46433272.0,ns,577583
256bit,avx,1024,1024,bytes,47401900.0,ns,589872
256bit,avx,1024,1024,bytes,48941548.0,ns,602161
256bit,avx,1024,1024,bytes,49652354.0,ns,614450
256bit,avx,1024,1024,bytes,50428295.0,ns,626739
256bit,avx,1024,1024,bytes,51356194.0,ns,639028
256bit,avx,1024,1024,bytes,52637510.0,ns,651317
256bit,avx,1024,1024,bytes,53269876.0,ns,663606
256bit,avx,1024,1024,bytes,54369274.0,ns,675895
256bit,avx,1024,1024,bytes,55272928.0,ns,688184
256bit,avx,1024,1024,bytes,56225565.0,ns,700473
256bit,avx,1024,1024,bytes,57175237.0,ns,712762
256bit,avx,1024,1024,bytes,58221414.0,ns,725051
256bit,avx,1024,1024,bytes,59137652.0,ns,737340
256bit,avx,1024,1024,bytes,60246867.0,ns,749629
256bit,avx,1024,1024,bytes,61142917.0,ns,761918
256bit,avx,1024,1024,bytes,62501049.0,ns,774207
256bit,avx,1024,1024,bytes,64542283.0,ns,786496
256bit,avx,1024,1024,bytes,64216592.0,ns,798785
256bit,avx,1024,1024,bytes,65269751.0,ns,811074
256bit,avx,1024,1024,bytes,66210105.0,ns,823363
256bit,avx,1024,1024,bytes,67195886.0,ns,835652
256bit,avx,1024,1024,bytes,68315673.0,ns,847941
256bit,avx,1024,1024,bytes,69175222.0,ns,860230
256bit,avx,1024,1024,bytes,70067024.0,ns,872519
256bit,avx,1024,1024,bytes,70998301.0,ns,884808
256bit,avx,1024,1024,bytes,72005653.0,ns,897097
256bit,avx,1024,1024,bytes,72982166.0,ns,909386
256bit,avx,1024,1024,bytes,73955934.0,ns,921675
256bit,avx,1024,1024,bytes,74872112.0,ns,933964
256bit,avx,1024,1024,bytes,76024270.0,ns,946253
256bit,avx,1024,1024,bytes,78616806.0,ns,958542
256bit,avx,1024,1024,bytes,78074332.0,ns,970831
256bit,avx,1024,1024,bytes,79098896.0,ns,983120
256bit,avx,1024,1024,bytes,80057605.0,ns,995409
256bit,avx,1024,1024,bytes,80944498.0,ns,1007698
256bit,avx,1024,1024,bytes,82270507.0,ns,1019987
256bit,avx,1024,1024,bytes,82916591.0,ns,1032276
256bit,avx,1024,1024,bytes,84047618.0,ns,1044565
256bit,avx,1024,1024,bytes,84905395.0,ns,1056854
256bit,avx,1024,1024,bytes,85802416.0,ns,1069143
256bit,avx,1024,1024,bytes,86744594.0,ns,1081432
256bit,avx,1024,1024,bytes,87749431.0,ns,1093721
256bit,avx,1024,1024,bytes,89991939.0,ns,1106010
256bit,avx,1024,1024,bytes,90050241.0,ns,1118299
256bit,avx,1024,1024,bytes,91281049.0,ns,1130588
256bit,avx,1024,1024,bytes,91741006.0,ns,1142877
256bit,avx,1024,1024,bytes,93733238.0,ns,1155166
256bit,avx,1024,1024,bytes,93754458.0,ns,1167455
256bit,avx,1024,1024,bytes,94751801.0,ns,1179744
256bit,avx,1024,1024,bytes,95535847.0,ns,1192033
256bit,avx,1024,1024,bytes,96532759.0,ns,1204322
256bit,avx,1024,1024,bytes,97465058.0,ns,1216611
256bit,avx,1024,1024,bytes,98484062.0,ns,1228900
256bit,avx,65536,65536,bytes,986592.0,ns,293
256bit,avx,65536,65536,bytes,1961683.0,ns,586
256bit,avx,65536,65536,bytes,2981018.0,ns,879
256bit,avx,65536,65536,bytes,3950247.0,ns,1172
256bit,avx,65536,65536,bytes,4924214.0,ns,1465
256bit,avx,65536,65536,bytes,5919524.0,ns,1758
256bit,avx,65536,65536,bytes,6917418.0,ns,2051
256bit,avx,65536,65536,bytes,7891466.0,ns,2344
256bit,avx,65536,65536,bytes,8867458.0,ns,2637
256bit,avx,65536,65536,bytes,9839723.0,ns,2930
256bit,avx,65536,65536,bytes,10825634.0,ns,3223
256bit,avx,65536,65536,bytes,11804903.0,ns,3516
256bit,avx,65536,65536,bytes,12795774.0,ns,3809
256bit,avx,65536,65536,bytes,13787726.0,ns,4102
256bit,avx,65536,65536,bytes,14758698.0,ns,4395
256bit,avx,65536,65536,bytes,15755640.0,ns,4688
256bit,avx,65536,65536,bytes,16712977.0,ns,4981
256bit,avx,65536,65536,bytes,17695221.0,ns,5274
256bit,avx,65536,65536,bytes,18742449.0,ns,5567
256bit,avx,65536,65536,bytes,19708762.0,ns,5860
256bit,avx,65536,65536,bytes,21002211.0,ns,6153
256bit,avx,65536,65536,bytes,22893739.0,ns,6446
256bit,avx,65536,65536,bytes,23158515.0,ns,6739
256bit,avx,65536,65536,bytes,23669250.0,ns,7032
256bit,avx,65536,65536,bytes,24622007.0,ns,7325
256bit,avx,65536,65536,bytes,25620542.0,ns,7618
256bit,avx,65536,65536,bytes,26609438.0,ns,7911
256bit,avx,65536,65536,bytes,27599498.0,ns,8204
256bit,avx,65536,65536,bytes,28628180.0,ns,8497
256bit,avx,65536,65536,bytes,29590707.0,ns,8790
256bit,avx,65536,65536,bytes,30528906.0,ns,9083
256bit,avx,65536,65536,bytes,31517102.0,ns,9376
256bit,avx,65536,65536,bytes,32491491.0,ns,9669
256bit,avx,65536,65536,bytes,33469487.0,ns,9962
256bit,avx,65536,65536,bytes,35861491.0,ns,10255
256bit,avx,65536,65536,bytes,37380489.0,ns,10548
256bit,avx,65536,65536,bytes,38354037.0,ns,10841
256bit,avx,65536,65536,bytes,37974231.0,ns,11134
256bit,avx,65536,65536,bytes,38519472.0,ns,11427
256bit,avx,65536,65536,bytes,39404491.0,ns,11720
256bit,avx,65536,65536,bytes,40381204.0,ns,12013
256bit,avx,65536,65536,bytes,41520728.0,ns,12306
256bit,avx,65536,65536,bytes,42449740.0,ns,12599
256bit,avx,65536,65536,bytes,43872906.0,ns,12892
256bit,avx,65536,65536,bytes,44347802.0,ns,13185
256bit,avx,65536,65536,bytes,45290741.0,ns,13478
256bit,avx,65536,65536,bytes,46285719.0,ns,13771
256bit,avx,65536,65536,bytes,47262834.0,ns,14064
256bit,avx,65536,65536,bytes,48546433.0,ns,14357
256bit,avx,65536,65536,bytes,51091739.0,ns,14650
256bit,avx,65536,65536,bytes,50239202.0,ns,14943
256bit,avx,65536,65536,bytes,51224162.0,ns,15236
256bit,avx,65536,65536,bytes,52230522.0,ns,15529
256bit,avx,65536,65536,bytes,53118156.0,ns,15822
256bit,avx,65536,65536,bytes,54156335.0,ns,16115
256bit,avx,65536,65536,bytes,55157416.0,ns,16408
256bit,avx,65536,65536,bytes,56182041.0,ns,16701
256bit,avx,65536,65536,bytes,57343056.0,ns,16994
256bit,avx,65536,65536,bytes,58117914.0,ns,17287
256bit,avx,65536,65536,bytes,59083367.0,ns,17580
256bit,avx,65536,65536,bytes,60067884.0,ns,17873
256bit,avx,65536,65536,bytes,61308322.0,ns,18166
256bit,avx,65536,65536,bytes,62716729.0,ns,18459
256bit,avx,65536,65536,bytes,63285734.0,ns,18752
256bit,avx,65536,65536,bytes,64331038.0,ns,19045
256bit,avx,65536,65536,bytes,65037106.0,ns,19338
256bit,avx,65536,65536,bytes,67675008.0,ns,19631
256bit,avx,65536,65536,bytes,67088720.0,ns,19924
256bit,avx,65536,65536,bytes,68003275.0,ns,20217
256bit,avx,65536,65536,bytes,68951754.0,ns,20510
256bit,avx,65536,65536,bytes,69946131.0,ns,20803
256bit,avx,65536,65536,bytes,70900051.0,ns,21096
256bit,avx,65536,65536,bytes,72235325.0,ns,21389
256bit,avx,65536,65536,bytes,73376446.0,ns,21682
256bit,avx,65536,65536,bytes,73920905.0,ns,21975
256bit,avx,65536,65536,bytes,75127587.0,ns,22268
256bit,avx,65536,65536,bytes,75838183.0,ns,22561
256bit,avx,65536,65536,bytes,77307948.0,ns,22854
256bit,avx,65536,65536,bytes,78115989.0,ns,23147
256bit,avx,65536,65536,bytes,78760589.0,ns,23440
256bit,avx,65536,65536,bytes,81518160.0,ns,23733
256bit,avx,65536,65536,bytes,81008448.0,ns,24026
256bit,avx,65536,65536,bytes,81724734.0,ns,24319
256bit,avx,65536,65536,bytes,82747666.0,ns,24612
256bit,avx,65536,65536,bytes,83707477.0,ns,24905
256bit,avx,65536,65536,bytes,84871218.0,ns,25198
256bit,avx,65536,65536,bytes,85928550.0,ns,25491
256bit,avx,65536,65536,bytes,86821108.0,ns,25784
256bit,avx,65536,65536,bytes,87968016.0,ns,26077
256bit,avx,65536,65536,bytes,89127047.0,ns,26370
256bit,avx,65536,65536,bytes,89689771.0,ns,26663
256bit,avx,65536,65536,bytes,91108057.0,ns,26956
256bit,avx,65536,65536,bytes,93139192.0,ns,27249
256bit,avx,65536,65536,bytes,92636062.0,ns,27542
256bit,avx,65536,65536,bytes,93634257.0,ns,27835
256bit,avx,65536,65536,bytes,94583047.0,ns,28128
256bit,avx,65536,65536,bytes,95606600.0,ns,28421
256bit,avx,65536,65536,bytes,97880879.0,ns,28714
256bit,avx,65536,65536,bytes,97580505.0,ns,29007
256bit,avx,65536,65536,bytes,98701514.0,ns,29300
256bit,blake2b_simd,4,4,bytes,980030.0,ns,4941
256bit,blake2b_simd,4,4,bytes,1969999.0,ns,9882
256bit,blake2b_simd,4,4,bytes,2953916.0,ns,14823
256bit,blake2b_simd,4,4,bytes,3938946.0,ns,19764
256bit,blake2b_simd,4,4,bytes,4923574.0,ns,24705
256bit,blake2b_simd,4,4,bytes,5908122.0,ns,29646
256bit,blake2b_simd,4,4,bytes,6896067.0,ns,34587
256bit,blake2b_simd,4,4,bytes,7881388.0,ns,39528
256bit,blake2b_simd,4,4,bytes,8864283.0,ns,44469
256bit,blake2b_simd,4,4,bytes,9844744.0,ns,49410
256bit,blake2b_simd,4,4,bytes,10837097.0,ns,54351
256bit,blake2b_simd,4,4,bytes,11795526.0,ns,59292
256bit,blake2b_simd,4,4,bytes,12849327.0,ns,64233
256bit,blake2b_simd,4,4,bytes,13858733.0,ns,69174
256bit,blake2b_simd,4,4,bytes,14806450.0,ns,74115
256bit,blake2b_simd,4,4,bytes,15729892.0,ns,79056
256bit,blake2b_simd,4,4,bytes,16795656.0,ns,83997
256bit,blake2b_simd,4,4,bytes,17500241.0,ns,88938
256bit,blake2b_simd,4,4,bytes,18456185.0,ns,93879
256bit,blake2b_simd,4,4,bytes,19427347.0,ns,98820
256bit,blake2b_simd,4,4,bytes,20424429.0,ns,103761
256bit,blake2b_simd,4,4,bytes,21387297.0,ns,108702
256bit,blake2b_simd,4,4,bytes,22464062.0,ns,113643
256bit,blake2b_simd,4,4,bytes,23379949.0,ns,118584
256bit,blake2b_simd,4,4,bytes,24309092.0,ns,123525
256bit,blake2b_simd,4,4,bytes,25649919.0,ns,128466
256bit,blake2b_simd,4,4,bytes,28057995.0,ns,133407
256bit,blake2b_simd,4,4,bytes,27479080.0,ns,138348
256bit,blake2b_simd,4,4,bytes,28226226.0,ns,143289
256bit,blake2b_simd,4,4,bytes,29259988.0,ns,148230
256bit,blake2b_simd,4,4,bytes,30385004.0,ns,153171
256bit,blake2b_simd,4,4,bytes,31160604.0,ns,158112
256bit,blake2b_simd,4,4,bytes,32096329.0,ns,163053
256bit,blake2b_simd,4,4,bytes,33464741.0,ns,167994
256bit,blake2b_simd,4,4,bytes,34484988.0,ns,172935
256bit,blake2b_simd,4,4,bytes,35471600.0,ns,177876
256bit,blake2b_simd,4,4,bytes,36598289.0,ns,182817
256bit,blake2b_simd,4,4,bytes,37711293.0,ns,187758
256bit,blake2b_simd,4,4,bytes,38422109.0,ns,192699
256bit,blake2b_simd,4,4,bytes,39500236.0,ns,197640
256bit,blake2b_simd,4,4,bytes,40515483.0,ns,202581
256bit,blake2b_simd,4,4,bytes,41352701.0,ns,207522
256bit,blake2b_simd,4,4,bytes,42368449.0,ns,212463
256bit,blake2b_simd,4,4,bytes,43334162.0,ns,217404
256bit,blake2b_simd,4,4,bytes,44297069.0,ns,222345
256bit,blake2b_simd,4,4,bytes,45299911.0,ns,227286
256bit,blake2b_simd,4,4,bytes,46269452.0,ns,232227
256bit,blake2b_simd,4,4,bytes,47365713.0,ns,237168
256bit,blake2b_simd,4,4,bytes,48227738.0,ns,242109
256bit,blake2b_simd,4,4,bytes,48665904.0,ns,247050
256bit,blake2b_simd,4,4,bytes,49714064.0,ns,251991
256bit,blake2b_simd,4,4,bytes,50698392.0,ns,256932
256bit,blake2b_simd,4,4,bytes,53607954.0,ns,261873
256bit,blake2b_simd,4,4,bytes,52602686.0,ns,266814
256bit,blake2b_simd,4,4,bytes,53749283.0,ns,271755
256bit,blake2b_simd,4,4,bytes,54741671.0,ns,276696
256bit,blake2b_simd,4,4,bytes,55268422.0,ns,281637
256bit,blake2b_simd,4,4,bytes,56512625.0,ns,286578
256bit,blake2b_simd,4,4,bytes,57721913.0,ns,291519
256bit,blake2b_simd,4,4,bytes,58450714.0,ns,296460
256bit,blake2b_simd,4,4,bytes,59423199.0,ns,301401
256bit,blake2b_simd,4,4,bytes,60385996.0,ns,306342
256bit,blake2b_simd,4,4,bytes,61404199.0,ns,311283
256bit,blake2b_simd,4,4,bytes,62368078.0,ns,316224
256bit,blake2b_simd,4,4,bytes,63354380.0,ns,321165
256bit,blake2b_simd,4,4,bytes,65225190.0,ns,326106
256bit,blake2b_simd,4,4,bytes,66034168.0,ns,331047
256bit,blake2b_simd,4,4,bytes,67230275.0,ns,335988
256bit,blake2b_simd,4,4,bytes,69358325.0,ns,340929
256bit,blake2b_simd,4,4,bytes,70131210.0,ns,345870
256bit,blake2b_simd,4,4,bytes,70049765.0,ns,350811
256bit,blake2b_simd,4,4,bytes,70996711.0,ns,355752
256bit,blake2b_simd,4,4,bytes,72019082.0,ns,360693
256bit,blake2b_simd,4,4,bytes,73279873.0,ns,365634
256bit,blake2b_simd,4,4,bytes,73848462.0,ns,370575
256bit,blake2b_simd,4,4,bytes,75065004.0,ns,375516
256bit,blake2b_simd,4,4,bytes,75860451.0,ns,380457
256bit,blake2b_simd,4,4,bytes,77172675.0,ns,385398
256bit,blake2b_simd,4,4,bytes,78203933.0,ns,390339
256bit,blake2b_simd,4,4,bytes,79035699.0,ns,395280
256bit,blake2b_simd,4,4,bytes,80113536.0,ns,400221
256bit,blake2b_simd,4,4,bytes,79826449.0,ns,405162
256bit,blake2b_simd,4,4,bytes,82981007.0,ns,410103
256bit,blake2b_simd,4,4,bytes,81788743.0,ns,415044
256bit,blake2b_simd,4,4,bytes,82780465.0,ns,419985
256bit,blake2b_simd,4,4,bytes,83722863.0,ns,424926
256bit,blake2b_simd,4,4,bytes,84864802.0,ns,429867
256bit,blake2b_simd,4,4,bytes,85630623.0,ns,434808
256bit,blake2b_simd,4,4,bytes,86614169.0,ns,439749
256bit,blake2b_simd,4,4,bytes,87491583.0,ns,444690
256bit,blake2b_simd,4,4,bytes,88389687.0,ns,449631
256bit,blake2b_simd,4,4,bytes,89516567.0,ns,454572
256bit,blake2b_simd,4,4,bytes,90786369.0,ns,459513
256bit,blake2b_simd,4,4,bytes,93583006.0,ns,464454
256bit,blake2b_simd,4,4,bytes,94436804.0,ns,469395
256bit,blake2b_simd,4,4,bytes,93599808.0,ns,474336
256bit,blake2b_simd,4,4,bytes,94443507.0,ns,479277
256bit,blake2b_simd,4,4,bytes,96734980.0,ns,484218
256bit,blake2b_simd,4,4,bytes,97522603.0,ns,489159
256bit,blake2b_simd,4,4,bytes,98528562.0,ns,494100
256bit,blake2b_simd,16384,16384,bytes,1022090.0,ns,90
256bit,blake2b_simd,16384,16384,bytes,2064158.0,ns,180
256bit,blake2b_simd,16384,16384,bytes,3134009.0,ns,270
256bit,blake2b_simd,16384,16384,bytes,4258044.0,ns,360
256bit,blake2b_simd,16384,16384,bytes,5299301.0,ns,450
256bit,blake2b_simd,16384,16384,bytes,6317693.0,ns,540
256bit,blake2b_simd,16384,16384,bytes,7383357.0,ns,630
256bit,blake2b_simd,16384,16384,bytes,8238098.0,ns,720
256bit,blake2b_simd,16384,16384,bytes,8924998.0,ns,810
256bit,blake2b_simd,16384,16384,bytes,9960844.0,ns,900
256bit,blake2b_simd,16384,16384,bytes,10951375.0,ns,990
256bit,blake2b_simd,16384,16384,bytes,11943397.0,ns,1080
256bit,blake2b_simd,16384,16384,bytes,13071811.0,ns,1170
256bit,blake2b_simd,16384,16384,bytes,13923284.0,ns,1260
256bit,blake2b_simd,16384,16384,bytes,14943742.0,ns,1350
256bit,blake2b_simd,16384,16384,bytes,15963948.0,ns,1440
256bit,blake2b_simd,16384,16384,bytes,16918169.0,ns,1530
256bit,blake2b_simd,16384,16384,bytes,18235241.0,ns,1620
256bit,blake2b_simd,16384,16384,bytes,18965595.0,ns,1710
256bit,blake2b_simd,16384,16384,bytes,19912502.0,ns,1800
256bit,blake2b_simd,16384,16384,bytes,20919473.0,ns,1890
256bit,blake2b_simd,16384,16384,bytes,21910163.0,ns,1980
256bit,blake2b_simd,16384,16384,bytes,22910702.0,ns,2070
256bit,blake2b_simd,16384,16384,bytes,23888919.0,ns,2160
256bit,blake2b_simd,16384,16384,bytes,24902672.0,ns,2250
256bit,blake2b_simd,16384,16384,bytes,25871160.0,ns,2340
256bit,blake2b_simd,16384,16384,bytes,26907267.0,ns,2430
256bit,blake2b_simd,16384,16384,bytes,27879803.0,ns,2520
256bit,blake2b_simd,16384,16384,bytes,28851898.0,ns,2610
256bit,blake2b_simd,16384,16384,bytes,29849250.0,ns,2700
256bit,blake2b_simd,16384,16384,bytes,30832576.0,ns,2790
256bit,blake2b_simd,16384,16384,bytes,31851561.0,ns,2880
256bit,blake2b_simd,16384,16384,bytes,32931822.0,ns,2970
256bit,blake2b_simd,16384,16384,bytes,33929945.0,ns,3060
256bit,blake2b_simd,16384,16384,bytes,34913412.0,ns,3150
256bit,blake2b_simd,16384,16384,bytes,35921916.0,ns,3240
256bit,blake2b_simd,16384,16384,bytes,36929308.0,ns,3330
256bit,blake2b_simd,16384,16384,bytes,37931140.0,ns,3420
256bit,blake2b_simd,16384,16384,bytes,38946296.0,ns,3510
256bit,blake2b_simd,16384,16384,bytes,40027770.0,ns,3600
256bit,blake2b_simd,16384,16384,bytes,40930563.0,ns,3690
256bit,blake2b_simd,16384,16384,bytes,41920261.0,ns,3780
256bit,blake2b_simd,16384,16384,bytes,42834045.0,ns,3870
256bit,blake2b_simd,16384,16384,bytes,43883597.0,ns,3960
256bit,blake2b_simd,16384,16384,bytes,46763040.0,ns,4050
256bit,blake2b_simd,16384,16384,bytes,45843256.0,ns,4140
256bit,blake2b_simd,16384,16384,bytes,46907506.0,ns,4230
256bit,blake2b_simd,16384,16384,bytes,47991444.0,ns,4320
256bit,blake2b_simd,16384,16384,bytes,48904917.0,ns,4410
256bit,blake2b_simd,16384,16384,bytes,49785337.0,ns,4500
256bit,blake2b_simd,16384,16384,bytes,50754646.0,ns,4590
256bit,blake2b_simd,16384,16384,bytes,51754534.0,ns,4680
256bit,blake2b_simd,16384,16384,bytes,52808235.0,ns,4770
256bit,blake2b_simd,16384,16384,bytes,53728410.0,ns,4860
256bit,blake2b_simd,16384,16384,bytes,54843037.0,ns,4950
256bit,blake2b_simd,16384,16384,bytes,55785294.0,ns,5040
256bit,blake2b_simd,16384,16384,bytes,56774942.0,ns,5130
256bit,blake2b_simd,16384,16384,bytes,57778107.0,ns,5220
256bit,blake2b_simd,16384,16384,bytes,58715886.0,ns,5310
256bit,blake2b_simd,16384,16384,bytes,59755889.0,ns,5400
256bit,blake2b_simd,16384,16384,bytes,60722203.0,ns,5490
256bit,blake2b_simd,16384,16384,bytes,61763390.0,ns,5580
256bit,blake2b_simd,16384,16384,bytes,63558816.0,ns,5670
256bit,blake2b_simd,16384,16384,bytes,64506514.0,ns,5760
256bit,blake2b_simd,16384,16384,bytes,64799362.0,ns,5850
256bit,blake2b_simd,16384,16384,bytes,66193122.0,ns,5940
256bit,blake2b_simd,16384,16384,bytes,66790541.0,ns,6030
256bit,blake2b_simd,16384,16384,bytes,67760572.0,ns,6120
256bit,blake2b_simd,16384,16384,bytes,68741784.0,ns,6210
256bit,blake2b_simd,16384,16384,bytes,69728637.0,ns,6300
256bit,blake2b_simd,16384,16384,bytes,70720229.0,ns,6390
256bit,blake2b_simd,16384,16384,bytes,71824646.0,ns,6480
256bit,blake2b_simd,16384,16384,bytes,72710526.0,ns,6570
256bit,blake2b_simd,16384,16384,bytes,73767093.0,ns,6660
256bit,blake2b_simd,16384,16384,bytes,74778657.0,ns,6750
256bit,blake2b_simd,16384,16384,bytes,75661066.0,ns,6840
256bit,blake2b_simd,16384,16384,bytes,76672646.0,ns,6930
256bit,blake2b_simd,16384,16384,bytes,79433673.0,ns,7020
256bit,blake2b_simd,16384,16384,bytes,78907821.0,ns,7110
256bit,blake2b_simd,16384,16384,bytes,80037455.0,ns,7200
256bit,blake2b_simd,16384,16384,bytes,80702275.0,ns,7290
256bit,blake2b_simd,16384,16384,bytes,81676974.0,ns,7380
256bit,blake2b_simd,16384,16384,bytes,82631274.0,ns,7470
256bit,blake2b_simd,16384,16384,bytes,83667020.0,ns,7560
256bit,blake2b_simd,16384,16384,bytes,84617704.0,ns,7650
256bit,blake2b_simd,16384,16384,bytes,85754093.0,ns,7740
256bit,blake2b_simd,16384,16384,bytes,86665331.0,ns,7830
256bit,blake2b_simd,16384,16384,bytes,89258108.0,ns,7920
256bit,blake2b_simd,16384,16384,bytes,90088762.0,ns,8010
256bit,blake2b_simd,16384,16384,bytes,92248874.0,ns,8100
256bit,blake2b_simd,16384,16384,bytes,91063182.0,ns,8190
256bit,blake2b_simd,16384,16384,bytes,92321032.0,ns,8280
256bit,blake2b_simd,16384,16384,bytes,94846050.0,ns,8370
256bit,blake2b_simd,16384,16384,bytes,94792417.0,ns,8460
256bit,blake2b_simd,16384,16384,bytes,95528432.0,ns,8550
256bit,blake2b_simd,16384,16384,bytes,99485651.0,ns,8640
256bit,blake2b_simd,16384,16384,bytes,97364043.0,ns,8730
256bit,blake2b_simd,16384,16384,bytes,98107712.0,ns,8820
256bit,blake2b_simd,16384,16384,bytes,99631360.0,ns,8910
256bit,blake2b_simd,16384,16384,bytes,101303820.0,ns,9000
256bit,blake2b_simd,1024,1024,bytes,978857.0,ns,1241
256bit,blake2b_simd,1024,1024,bytes,1970690.0,ns,2482
256bit,blake2b_simd,1024,1024,bytes,2967362.0,ns,3723
256bit,blake2b_simd,1024,1024,bytes,3929648.0,ns,4964
256bit,blake2b_simd,1024,1024,bytes,4912733.0,ns,6205
256bit,blake2b_simd,1024,1024,bytes,5923101.0,ns,7446
256bit,blake2b_simd,1024,1024,bytes,6882141.0,ns,8687
256bit,blake2b_simd,1024,1024,bytes,7864014.0,ns,9928
256bit,blake2b_simd,1024,1024,bytes,8923566.0,ns,11169
256bit,blake2b_simd,1024,1024,bytes,9911010.0,ns,12410
256bit,blake2b_simd,1024,1024,bytes,10831856.0,ns,13651
256bit,blake2b_simd,1024,1024,bytes,12002099.0,ns,14892
256bit,blake2b_simd,1024,1024,bytes,12787668.0,ns,16133
256bit,blake2b_simd,1024,1024,bytes,13802225.0,ns,17374
256bit,blake2b_simd,1024,1024,bytes,14755924.0,ns,18615
256bit,blake2b_simd,1024,1024,bytes,15745040.0,ns,19856
256bit,blake2b_simd,1024,1024,bytes,16743275.0,ns,21097
256bit,blake2b_simd,1024,1024,bytes,17674282.0,ns,22338
256bit,blake2b_simd,1024,1024,bytes,18736107.0,ns,23579
256bit,blake2b_simd,1024,1024,bytes,19658818.0,ns,24820
256bit,blake2b_simd,1024,1024,bytes,20640721.0,ns,26061
256bit,blake2b_simd,1024,1024,bytes,21580595.0,ns,27302
256bit,blake2b_simd,1024,1024,bytes,22584209.0,ns,28543
256bit,blake2b_simd,1024,1024,bytes,23580821.0,ns,29784
256bit,blake2b_simd,1024,1024,bytes,24545682.0,ns,31025
256bit,blake2b_simd,1024,1024,bytes,25606266.0,ns,32266
256bit,blake2b_simd,1024,1024,bytes,26505391.0,ns,33507
256bit,blake2b_simd,1024,1024,bytes,27466445.0,ns,34748
256bit,blake2b_simd,1024,1024,bytes,28450773.0,ns,35989
256bit,blake2b_simd,1024,1024,bytes,29465909.0,ns,37230
256bit,blake2b_simd,1024,1024,bytes,30421262.0,ns,38471
256bit,blake2b_simd,1024,1024,bytes,31390621.0,ns,39712
256bit,blake2b_simd,1024,1024,bytes,32365271.0,ns,40953
256bit,blake2b_simd,1024,1024,bytes,33422929.0,ns,42194
256bit,blake2b_simd,1024,1024,bytes,34433868.0,ns,43435
256bit,blake2b_simd,1024,1024,bytes,35417990.0,ns,44676
256bit,blake2b_simd,1024,1024,bytes,37046463.0,ns,45917
256bit,blake2b_simd,1024,1024,bytes,38413722.0,ns,47158
256bit,blake2b_simd,1024,1024,bytes,38412499.0,ns,48399
256bit,blake2b_simd,1024,1024,bytes,39544579.0,ns,49640
256bit,blake2b_simd,1024,1024,bytes,40398628.0,ns,50881
256bit,blake2b_simd,1024,1024,bytes,41647641.0,ns,52122
256bit,blake2b_simd,1024,1024,bytes,42585752.0,ns,53363
256bit,blake2b_simd,1024,1024,bytes,43423870.0,ns,54604
256bit,blake2b_simd,1024,1024,bytes,44334457.0,ns,55845
256bit,blake2b_simd,1024,1024,bytes,45297105.0,ns,57086
256bit,blake2b_simd,1024,1024,bytes,46386293.0,ns,58327
256bit,blake2b_simd,1024,1024,bytes,47217809.0,ns,59568
256bit,blake2b_simd,1024,1024,bytes,49570768.0,ns,60809
256bit,blake2b_simd,1024,1024,bytes,49084751.0,ns,62050
256bit,blake2b_simd,1024,1024,bytes,50470154.0,ns,63291
256bit,blake2b_simd,1024,1024,bytes,51575123.0,ns,64532
256bit,blake2b_simd,1024,1024,bytes,52096948.0,ns,65773
256bit,blake2b_simd,1024,1024,bytes,53028375.0,ns,67014
256bit,blake2b_simd,1024,1024,bytes,54051628.0,ns,68255
256bit,blake2b_simd,1024,1024,bytes,54969569.0,ns,69496
256bit,blake2b_simd,1024,1024,bytes,56163857.0,ns,70737
256bit,blake2b_simd,1024,1024,bytes,56926212.0,ns,71978
256bit,blake2b_simd,1024,1024,bytes,60597877.0,ns,73219
256bit,blake2b_simd,1024,1024,bytes,59242722.0,ns,74460
256bit,blake2b_simd,1024,1024,bytes,60063077.0,ns,75701
256bit,blake2b_simd,1024,1024,bytes,63293811.0,ns,76942
256bit,blake2b_simd,1024,1024,bytes,62015913.0,ns,78183
256bit,blake2b_simd,1024,1024,bytes,62920239.0,ns,79424
256bit,blake2b_simd,1024,1024,bytes,64139264.0,ns,80665
256bit,blake2b_simd,1024,1024,bytes,65125777.0,ns,81906
256bit,blake2b_simd,1024,1024,bytes,66262586.0,ns,83147
256bit,blake2b_simd,1024,1024,bytes,66968843.0,ns,84388
256bit,blake2b_simd,1024,1024,bytes,67968630.0,ns,85629
256bit,blake2b_simd,1024,1024,bytes,68894457.0,ns,86870
256bit,blake2b_simd,1024,1024,bytes,69842355.0,ns,88111
256bit,blake2b_simd,1024,1024,bytes,70847153.0,ns,89352
256bit,blake2b_simd,1024,1024,bytes,71833754.0,ns,90593
256bit,blake2b_simd,1024,1024,bytes,74753686.0,ns,91834
256bit,blake2b_simd,1024,1024,bytes,73822459.0,ns,93075
256bit,blake2b_simd,1024,1024,bytes,75144491.0,ns,94316
256bit,blake2b_simd,1024,1024,bytes,75943096.0,ns,95557
256bit,blake2b_simd,1024,1024,bytes,76821391.0,ns,96798
256bit,blake2b_simd,1024,1024,bytes,77837469.0,ns,98039
256bit,blake2b_simd,1024,1024,bytes,79039102.0,ns,99280
256bit,blake2b_simd,1024,1024,bytes,79782491.0,ns,100521
256bit,blake2b_simd,1024,1024,bytes,80969716.0,ns,101762
256bit,blake2b_simd,1024,1024,bytes,82904126.0,ns,103003
256bit,blake2b_simd,1024,1024,bytes,82506268.0,ns,104244
256bit,blake2b_simd,1024,1024,bytes,83567212.0,ns,105485
256bit,blake2b_simd,1024,1024,bytes,84730381.0,ns,106726
256bit,blake2b_simd,1024,1024,bytes,87097247.0,ns,107967
256bit,blake2b_simd,1024,1024,bytes,86631899.0,ns,109208
256bit,blake2b_simd,1024,1024,bytes,90797657.0,ns,110449
256bit,blake2b_simd,1024,1024,bytes,91056771.0,ns,111690
256bit,blake2b_simd,1024,1024,bytes,89784194.0,ns,112931
256bit,blake2b_simd,1024,1024,bytes,90529835.0,ns,114172
256bit,blake2b_simd,1024,1024,bytes,91407701.0,ns,115413
256bit,blake2b_simd,1024,1024,bytes,92507169.0,ns,116654
256bit,blake2b_simd,1024,1024,bytes,93600765.0,ns,117895
256bit,blake2b_simd,1024,1024,bytes,94277036.0,ns,119136
256bit,blake2b_simd,1024,1024,bytes,95309330.0,ns,120377
256bit,blake2b_simd,1024,1024,bytes,98899905.0,ns,121618
256bit,blake2b_simd,1024,1024,bytes,97763287.0,ns,122859
256bit,blake2b_simd,1024,1024,bytes,98907580.0,ns,124100
256bit,blake2b_simd,1,1,bytes,967436.0,ns,4945
256bit,blake2b_simd,1,1,bytes,1968717.0,ns,9890
256bit,blake2b_simd,1,1,bytes,2963625.0,ns,14835
256bit,blake2b_simd,1,1,bytes,3952080.0,ns,19780
256bit,blake2b_simd,1,1,bytes,4926861.0,ns,24725
256bit,blake2b_simd,1,1,bytes,5917861.0,ns,29670
256bit,blake2b_simd,1,1,bytes,6900386.0,ns,34615
256bit,blake2b_simd,1,1,bytes,7857503.0,ns,39560
256bit,blake2b_simd,1,1,bytes,8876787.0,ns,44505
256bit,blake2b_simd,1,1,bytes,9850384.0,ns,49450
256bit,blake2b_simd,1,1,bytes,10852487.0,ns,54395
256bit,blake2b_simd,1,1,bytes,11802980.0,ns,59340
256bit,blake2b_simd,1,1,bytes,12812406.0,ns,64285
256bit,blake2b_simd,1,1,bytes,13795482.0,ns,69230
256bit,blake2b_simd,1,1,bytes,14758891.0,ns,74175
256bit,blake2b_simd,1,1,bytes,15757706.0,ns,79120
256bit,blake2b_simd,1,1,bytes,16741482.0,ns,84065
256bit,blake2b_simd,1,1,bytes,17493247.0,ns,89010
256bit,blake2b_simd,1,1,bytes,18667748.0,ns,93955
256bit,blake2b_simd,1,1,bytes,19441925.0,ns,98900
256bit,blake2b_simd,1,1,bytes,20401075.0,ns,103845
256bit,blake2b_simd,1,1,bytes,21384101.0,ns,108790
256bit,blake2b_simd,1,1,bytes,22326920.0,ns,113735
256bit,blake2b_simd,1,1,bytes,23321928.0,ns,118680
256bit,blake2b_simd,1,1,bytes,24577194.0,ns,123625
256bit,blake2b_simd,1,1,bytes,25557043.0,ns,128570
256bit,blake2b_simd,1,1,bytes,26493810.0,ns,133515
256bit,blake2b_simd,1,1,bytes,27385632.0,ns,138460
256bit,blake2b_simd,1,1,bytes,28330284.0,ns,143405
256bit,blake2b_simd,1,1,bytes,29277021.0,ns,148350
256bit,blake2b_simd,1,1,bytes,31725292.0,ns,153295
256bit,blake2b_simd,1,1,bytes,31365355.0,ns,158240
256bit,blake2b_simd,1,1,bytes,32178236.0,ns,163185
256bit,blake2b_simd,1,1,bytes,33526419.0,ns,168130
256bit,blake2b_simd,1,1,bytes,34507732.0,ns,173075
256bit,blake2b_simd,1,1,bytes,35534972.0,ns,178020
256bit,blake2b_simd,1,1,bytes,36497126.0,ns,182965
256bit,blake2b_simd,1,1,bytes,37458031.0,ns,187910
256bit,blake2b_simd,1,1,bytes,38460984.0,ns,192855
256bit,blake2b_simd,1,1,bytes,39502421.0,ns,197800
256bit,blake2b_simd,1,1,bytes,40422156.0,ns,202745
256bit,blake2b_simd,1,1,bytes,41470827.0,ns,207690
256bit,blake2b_simd,1,1,bytes,42405019.0,ns,212635
256bit,blake2b_simd,1,1,bytes,43393240.0,ns,217580
256bit,blake2b_simd,1,1,bytes,44308931.0,ns,222525
256bit,blake2b_simd,1,1,bytes,45337715.0,ns,227470
256bit,blake2b_simd,1,1,bytes,46274602.0,ns,232415
256bit,blake2b_simd,1,1,bytes,47329545.0,ns,237360
256bit,blake2b_simd,1,1,bytes,48472677.0,ns,242305
256bit,blake2b_simd,1,1,bytes,48696664.0,ns,247250
256bit,blake2b_simd,1,1,bytes,49564690.0,ns,252195
256bit,blake2b_simd,1,1,bytes,50511306.0,ns,257140
256bit,blake2b_simd,1,1,bytes,51505994.0,ns,262085
256bit,blake2b_simd,1,1,bytes,52500271.0,ns,267030
256bit,blake2b_simd,1,1,bytes,55175416.0,ns,271975
256bit,blake2b_simd,1,1,bytes,54454791.0,ns,276920
256bit,blake2b_simd,1,1,bytes,55458235.0,ns,281865
256bit,blake2b_simd,1,1,bytes,56508108.0,ns,286810
256bit,blake2b_simd,1,1,bytes,57428765.0,ns,291755
256bit,blake2b_simd,1,1,bytes,58380520.0,ns,296700
256bit,blake2b_simd,1,1,bytes,59547307.0,ns,301645
256bit,blake2b_simd,1,1,bytes,60791150.0,ns,306590
256bit,blake2b_simd,1,1,bytes,61418537.0,ns,311535
256bit,blake2b_simd,1,1,bytes,62479612.0,ns,316480
256bit,blake2b_simd,1,1,bytes,63567778.0,ns,321425
256bit,blake2b_simd,1,1,bytes,65326904.0,ns,326370
256bit,blake2b_simd,1,1,bytes,66619832.0,ns,331315
256bit,blake2b_simd,1,1,bytes,67379260.0,ns,336260
256bit,blake2b_simd,1,1,bytes,68068956.0,ns,341205
256bit,blake2b_simd,1,1,bytes,68975085.0,ns,346150
256bit,blake2b_simd,1,1,bytes,71640190.0,ns,351095
256bit,blake2b_simd,1,1,bytes,71032812.0,ns,356040
256bit,blake2b_simd,1,1,bytes,72023842.0,ns,360985
256bit,blake2b_simd,1,1,bytes,72956993.0,ns,365930
256bit,blake2b_simd,1,1,bytes,73926532.0,ns,370875
256bit,blake2b_simd,1,1,bytes,74923485.0,ns,375820
256bit,blake2b_simd,1,1,bytes,75850353.0,ns,380765
256bit,blake2b_simd,1,1,bytes,77019343.0,ns,385710
256bit,blake2b_simd,1,1,bytes,77791848.0,ns,390655
256bit,blake2b_simd,1,1,bytes,79025361.0,ns,395600
256bit,blake2b_simd,1,1,bytes,80061528.0,ns,400545
256bit,blake2b_simd,1,1,bytes,79635165.0,ns,405490
256bit,blake2b_simd,1,1,bytes,80732188.0,ns,410435
256bit,blake2b_simd,1,1,bytes,83266053.0,ns,415380
256bit,blake2b_simd,1,1,bytes,82827866.0,ns,420325
256bit,blake2b_simd,1,1,bytes,83596663.0,ns,425270
256bit,blake2b_simd,1,1,bytes,84599517.0,ns,430215
256bit,blake2b_simd,1,1,bytes,86361779.0,ns,435160
256bit,blake2b_simd,1,1,bytes,87697779.0,ns,440105
256bit,blake2b_simd,1,1,bytes,87953216.0,ns,445050
256bit,blake2b_simd,1,1,bytes,88498897.0,ns,449995
256bit,blake2b_simd,1,1,bytes,89572616.0,ns,454940
256bit,blake2b_simd,1,1,bytes,90529110.0,ns,459885
256bit,blake2b_simd,1,1,bytes,91756192.0,ns,464830
256bit,blake2b_simd,1,1,bytes,92426010.0,ns,469775
256bit,blake2b_simd,1,1,bytes,95143224.0,ns,474720
256bit,blake2b_simd,1,1,bytes,94354970.0,ns,479665
256bit,blake2b_simd,1,1,bytes,96642395.0,ns,484610
256bit,blake2b_simd,1,1,bytes,97670777.0,ns,489555
256bit,blake2b_simd,1,1,bytes,98508896.0,ns,494500
256bit,blake2b_simd,64,64,bytes,963028.0,ns,5051
256bit,blake2b_simd,64,64,bytes,1950482.0,ns,10102
256bit,blake2b_simd,64,64,bytes,2933156.0,ns,15153
256bit,blake2b_simd,64,64,bytes,3894150.0,ns,20204
256bit,blake2b_simd,64,64,bytes,4923904.0,ns,25255
256bit,blake2b_simd,64,64,bytes,5852697.0,ns,30306
256bit,blake2b_simd,64,64,bytes,6830603.0,ns,35357
256bit,blake2b_simd,64,64,bytes,7823687.0,ns,40408
256bit,blake2b_simd,64,64,bytes,8776725.0,ns,45459
256bit,blake2b_simd,64,64,bytes,9791652.0,ns,50510
256bit,blake2b_simd,64,64,bytes,10746013.0,ns,55561
256bit,blake2b_simd,64,64,bytes,11962039.0,ns,60612
256bit,blake2b_simd,64,64,bytes,12488307.0,ns,65663
256bit,blake2b_simd,64,64,bytes,13559651.0,ns,70714
256bit,blake2b_simd,64,64,bytes,14594005.0,ns,75765
256bit,blake2b_simd,64,64,bytes,15744079.0,ns,80816
256bit,blake2b_simd,64,64,bytes,16559004.0,ns,85867
256bit,blake2b_simd,64,64,bytes,17396742.0,ns,90918
256bit,blake2b_simd,64,64,bytes,18339531.0,ns,95969
256bit,blake2b_simd,64,64,bytes,19310414.0,ns,101020
256bit,blake2b_simd,64,64,bytes,20279642.0,ns,106071
256bit,blake2b_simd,64,64,bytes,21242460.0,ns,111122
256bit,blake2b_simd,64,64,bytes,22215987.0,ns,116173
256bit,blake2b_simd,64,64,bytes,23183263.0,ns,121224
256bit,blake2b_simd,64,64,bytes,24158273.0,ns,126275
256bit,blake2b_simd,64,64,bytes,25109899.0,ns,131326
256bit,blake2b_simd,64,64,bytes,26081333.0,ns,136377
256bit,blake2b_simd,64,64,bytes,27055191.0,ns,141428
256bit,blake2b_simd,64,64,bytes,28103341.0,ns,146479
256bit,blake2b_simd,64,64,bytes,29024538.0,ns,151530
256bit,blake2b_simd,64,64,bytes,30696437.0,ns,156581
256bit,blake2b_simd,64,64,bytes,31770036.0,ns,161632
256bit,blake2b_simd,64,64,bytes,31901808.0,ns,166683
256bit,blake2b_simd,64,64,bytes,33418612.0,ns,171734
256bit,blake2b_simd,64,64,bytes,34397400.0,ns,176785
256bit,blake2b_simd,64,64,bytes,35561290.0,ns,181836
256bit,blake2b_simd,64,64,bytes,36553814.0,ns,186887
256bit,blake2b_simd,64,64,bytes,37276102.0,ns,191938
256bit,blake2b_simd,64,64,bytes,38255961.0,ns,196989
256bit,blake2b_simd,64,64,bytes,39205914.0,ns,202040
256bit,blake2b_simd,64,64,bytes,40288790.0,ns,207091
256bit,blake2b_simd,64,64,bytes,41139863.0,ns,212142
256bit,blake2b_simd,64,64,bytes,42146393.0,ns,217193
256bit,blake2b_simd,64,64,bytes,43162202.0,ns,222244
256bit,blake2b_simd,64,64,bytes,44165005.0,ns,227295
256bit,blake2b_simd,64,64,bytes,45098486.0,ns,232346
256bit,blake2b_simd,64,64,bytes,46086271.0,ns,237397
256bit,blake2b_simd,64,64,bytes,47316860.0,ns,242448
256bit,blake2b_simd,64,64,bytes,48040620.0,ns,247499
256bit,blake2b_simd,64,64,bytes,48338198.0,ns,252550
256bit,blake2b_simd,64,64,bytes,49295744.0,ns,257601
256bit,blake2b_simd,64,64,bytes,50275575.0,ns,262652
256bit,blake2b_simd,64,64,bytes,51249302.0,ns,267703
256bit,blake2b_simd,64,64,bytes,52236906.0,ns,272754
256bit,blake2b_simd,64,64,bytes,54829273.0,ns,277805
256bit,blake2b_simd,64,64,bytes,54185434.0,ns,282856
256bit,blake2b_simd,64,64,bytes,55319313.0,ns,287907
256bit,blake2b_simd,64,64,bytes,56466546.0,ns,292958
256bit,blake2b_simd,64,64,bytes,58089744.0,ns,298009
256bit,blake2b_simd,64,64,bytes,58009891.0,ns,303060
256bit,blake2b_simd,64,64,bytes,58962238.0,ns,308111
256bit,blake2b_simd,64,64,bytes,59937098.0,ns,313162
256bit,blake2b_simd,64,64,bytes,60910736.0,ns,318213
256bit,blake2b_simd,64,64,bytes,63536089.0,ns,323264
256bit,blake2b_simd,64,64,bytes,62865114.0,ns,328315
256bit,blake2b_simd,64,64,bytes,64709603.0,ns,333366
256bit,blake2b_simd,64,64,bytes,65585655.0,ns,338417
256bit,blake2b_simd,64,64,bytes,66410028.0,ns,343468
256bit,blake2b_simd,64,64,bytes,67489468.0,ns,348519
256bit,blake2b_simd,64,64,bytes,68395306.0,ns,353570
256bit,blake2b_simd,64,64,bytes,70645679.0,ns,358621
256bit,blake2b_simd,64,64,bytes,71071302.0,ns,363672
256bit,blake2b_simd,64,64,bytes,71589250.0,ns,368723
256bit,blake2b_simd,64,64,bytes,72785923.0,ns,373774
256bit,blake2b_simd,64,64,bytes,73553287.0,ns,378825
256bit,blake2b_simd,64,64,bytes,74530632.0,ns,383876
256bit,blake2b_simd,64,64,bytes,75400000.0,ns,388927
256bit,blake2b_simd,64,64,bytes,76251455.0,ns,393978
256bit,blake2b_simd,64,64,bytes,77231665.0,ns,399029
256bit,blake2b_simd,64,64,bytes,78219430.0,ns,404080
256bit,blake2b_simd,64,64,bytes,79245398.0,ns,409131
256bit,blake2b_simd,64,64,bytes,79365546.0,ns,414182
256bit,blake2b_simd,64,64,bytes,80291043.0,ns,419233
256bit,blake2b_simd,64,64,bytes,82951199.0,ns,424284
256bit,blake2b_simd,64,64,bytes,82731348.0,ns,429335
256bit,blake2b_simd,64,64,bytes,84175304.0,ns,434386
256bit,blake2b_simd,64,64,bytes,84663886.0,ns,439437
256bit,blake2b_simd,64,64,bytes,85184739.0,ns,444488
256bit,blake2b_simd,64,64,bytes,86161053.0,ns,449539
256bit,blake2b_simd,64,64,bytes,87228099.0,ns,454590
256bit,blake2b_simd,64,64,bytes,88022384.0,ns,459641
256bit,blake2b_simd,64,64,bytes,89072217.0,ns,464692
256bit,blake2b_simd,64,64,bytes,90337742.0,ns,469743
256bit,blake2b_simd,64,64,bytes,91107870.0,ns,474794
256bit,blake2b_simd,64,64,bytes,91955829.0,ns,479845
256bit,blake2b_simd,64,64,bytes,95180592.0,ns,484896
256bit,blake2b_simd,64,64,bytes,94051156.0,ns,489947
256bit,blake2b_simd,64,64,bytes,96762931.0,ns,494998
256bit,blake2b_simd,64,64,bytes,97539041.0,ns,500049
256bit,blake2b_simd,64,64,bytes,98321725.0,ns,505100
256bit,blake2b_simd,16,16,bytes,977976.0,ns,5094
256bit,blake2b_simd,16,16,bytes,1971321.0,ns,10188
256bit,blake2b_simd,16,16,bytes,2951612.0,ns,15282
256bit,blake2b_simd,16,16,bytes,3947291.0,ns,20376
256bit,blake2b_simd,16,16,bytes,4918915.0,ns,25470
256bit,blake2b_simd,16,16,bytes,5909765.0,ns,30564
256bit,blake2b_simd,16,16,bytes,6901087.0,ns,35658
256bit,blake2b_simd,16,16,bytes,7865047.0,ns,40752
256bit,blake2b_simd,16,16,bytes,8855216.0,ns,45846
256bit,blake2b_simd,16,16,bytes,9827431.0,ns,50940
256bit,blake2b_simd,16,16,bytes,10816398.0,ns,56034
256bit,blake2b_simd,16,16,bytes,11801707.0,ns,61128
256bit,blake2b_simd,16,16,bytes,12788861.0,ns,66222
256bit,blake2b_simd,16,16,bytes,13787126.0,ns,71316
256bit,blake2b_simd,16,16,bytes,14805629.0,ns,76410
256bit,blake2b_simd,16,16,bytes,15734431.0,ns,81504
256bit,blake2b_simd,16,16,bytes,16730551.0,ns,86598
256bit,blake2b_simd,16,16,bytes,17544614.0,ns,91692
256bit,blake2b_simd,16,16,bytes,18721650.0,ns,96786
256bit,blake2b_simd,16,16,bytes,19477733.0,ns,101880
256bit,blake2b_simd,16,16,bytes,20476329.0,ns,106974
256bit,blake2b_simd,16,16,bytes,21476376.0,ns,112068
256bit,blake2b_simd,16,16,bytes,22466876.0,ns,117162
256bit,blake2b_simd,16,16,bytes,23473668.0,ns,122256
256bit,blake2b_simd,16,16,bytes,24406688.0,ns,127350
256bit,blake2b_simd,16,16,bytes,25358434.0,ns,132444
256bit,blake2b_simd,16,16,bytes,26339596.0,ns,137538
256bit,blake2b_simd,16,16,bytes,27384459.0,ns,142632
256bit,blake2b_simd,16,16,bytes,28262154.0,ns,147726
256bit,blake2b_simd,16,16,bytes,29237355.0,ns,152820
256bit,blake2b_simd,16,16,bytes,30260617.0,ns,157914
256bit,blake2b_simd,16,16,bytes,31234565.0,ns,163008
256bit,blake2b_simd,16,16,bytes,32424756.0,ns,168102
256bit,blake2b_simd,16,16,bytes,33497203.0,ns,173196
256bit,blake2b_simd,16,16,bytes,34450631.0,ns,178290
256bit,blake2b_simd,16,16,bytes,35405793.0,ns,183384
256bit,blake2b_simd,16,16,bytes,36440858.0,ns,188478
256bit,blake2b_simd,16,16,bytes,37401982.0,ns,193572
256bit,blake2b_simd,16,16,bytes,38493655.0,ns,198666
256bit,blake2b_simd,16,16,bytes,39540893.0,ns,203760
256bit,blake2b_simd,16,16,bytes,40533588.0,ns,208854
256bit,blake2b_simd,16,16,bytes,42099435.0,ns,213948
256bit,blake2b_simd,16,16,bytes,43245001.0,ns,219042
256bit,blake2b_simd,16,16,bytes,43421467.0,ns,224136
256bit,blake2b_simd,16,16,bytes,44426705.0,ns,229230
256bit,blake2b_simd,16,16,bytes,45400543.0,ns,234324
256bit,blake2b_simd,16,16,bytes,46284560.0,ns,239418
256bit,blake2b_simd,16,16,bytes,47223582.0,ns,244512
256bit,blake2b_simd,16,16,bytes,48433169.0,ns,249606
256bit,blake2b_simd,16,16,bytes,48816320.0,ns,254700
256bit,blake2b_simd,16,16,bytes,49737158.0,ns,259794
256bit,blake2b_simd,16,16,bytes,50650691.0,ns,264888
256bit,blake2b_simd,16,16,bytes,51631122.0,ns,269982
256bit,blake2b_simd,16,16,bytes,52638173.0,ns,275076
256bit,blake2b_simd,16,16,bytes,53631147.0,ns,280170
256bit,blake2b_simd,16,16,bytes,54881193.0,ns,285264
256bit,blake2b_simd,16,16,bytes,55524420.0,ns,290358
256bit,blake2b_simd,16,16,bytes,56491684.0,ns,295452
256bit,blake2b_simd,16,16,bytes,57499979.0,ns,300546
256bit,blake2b_simd,16,16,bytes,58460691.0,ns,305640
256bit,blake2b_simd,16,16,bytes,59448136.0,ns,310734
256bit,blake2b_simd,16,16,bytes,62169688.0,ns,315828
256bit,blake2b_simd,16,16,bytes,61608638.0,ns,320922
256bit,blake2b_simd,16,16,bytes,62655856.0,ns,326016
256bit,blake2b_simd,16,16,bytes,63364989.0,ns,331110
256bit,blake2b_simd,16,16,bytes,64949973.0,ns,336204
256bit,blake2b_simd,16,16,bytes,66061484.0,ns,341298
256bit,blake2b_simd,16,16,bytes,66935181.0,ns,346392
256bit,blake2b_simd,16,16,bytes,67950889.0,ns,351486
256bit,blake2b_simd,16,16,bytes,68987196.0,ns,356580
256bit,blake2b_simd,16,16,bytes,69896612.0,ns,361674
256bit,blake2b_simd,16,16,bytes,71007160.0,ns,366768
256bit,blake2b_simd,16,16,bytes,72004293.0,ns,371862
256bit,blake2b_simd,16,16,bytes,73055503.0,ns,376956
256bit,blake2b_simd,16,16,bytes,73678903.0,ns,382050
256bit,blake2b_simd,16,16,bytes,74868958.0,ns,387144
256bit,blake2b_simd,16,16,bytes,77437800.0,ns,392238
256bit,blake2b_simd,16,16,bytes,76925813.0,ns,397332
256bit,blake2b_simd,16,16,bytes,77778871.0,ns,402426
256bit,blake2b_simd,16,16,bytes,78762718.0,ns,407520
256bit,blake2b_simd,16,16,bytes,79854701.0,ns,412614
256bit,blake2b_simd,16,16,bytes,80172357.0,ns,417708
256bit,blake2b_simd,16,16,bytes,81481495.0,ns,422802
256bit,blake2b_simd,16,16,bytes,82019512.0,ns,427896
256bit,blake2b_simd,16,16,bytes,83074945.0,ns,432990
256bit,blake2b_simd,16,16,bytes,84134266.0,ns,438084
256bit,blake2b_simd,16,16,bytes,84776802.0,ns,443178
256bit,blake2b_simd,16,16,bytes,85817358.0,ns,448272
256bit,blake2b_simd,16,16,bytes,89676456.0,ns,453366
256bit,blake2b_simd,16,16,bytes,88993658.0,ns,458460
256bit,blake2b_simd,16,16,bytes,88884841.0,ns,463554
256bit,blake2b_simd,16,16,bytes,89672553.0,ns,468648
256bit,blake2b_simd,16,16,bytes,90953477.0,ns,473742
256bit,blake2b_simd,16,16,bytes,91888165.0,ns,478836
256bit,blake2b_simd,16,16,bytes,92807064.0,ns,483930
256bit,blake2b_simd,16,16,bytes,93977978.0,ns,489024
256bit,blake2b_simd,16,16,bytes,94926738.0,ns,494118
256bit,blake2b_simd,16,16,bytes,96633404.0,ns,499212
256bit,blake2b_simd,16,16,bytes,97621520.0,ns,504306
256bit,blake2b_simd,16,16,bytes,100444767.0,ns,509400
256bit,sha2,16384,16384,bytes,979399.0,ns,143
256bit,sha2,16384,16384,bytes,1954780.0,ns,286
256bit,sha2,16384,16384,bytes,2967302.0,ns,429
256bit,sha2,16384,16384,bytes,3922524.0,ns,572
256bit,sha2,16384,16384,bytes,4903125.0,ns,715
256bit,sha2,16384,16384,bytes,5886862.0,ns,858
256bit,sha2,16384,16384,bytes,6853756.0,ns,1001
256bit,sha2,16384,16384,bytes,7841511.0,ns,1144
256bit,sha2,16384,16384,bytes,8833713.0,ns,1287
256bit,sha2,16384,16384,bytes,9810128.0,ns,1430
256bit,sha2,16384,16384,bytes,10796940.0,ns,1573
256bit,sha2,16384,16384,bytes,11788762.0,ns,1716
256bit,sha2,16384,16384,bytes,12747240.0,ns,1859
256bit,sha2,16384,16384,bytes,13769471.0,ns,2002
256bit,sha2,16384,16384,bytes,14861405.0,ns,2145
256bit,sha2,16384,16384,bytes,15678694.0,ns,2288
256bit,sha2,16384,16384,bytes,16706044.0,ns,2431
256bit,sha2,16384,16384,bytes,17884212.0,ns,2574
256bit,sha2,16384,16384,bytes,18707663.0,ns,2717
256bit,sha2,16384,16384,bytes,19827419.0,ns,2860
256bit,sha2,16384,16384,bytes,20620202.0,ns,3003
256bit,sha2,16384,16384,bytes,22325866.0,ns,3146
256bit,sha2,16384,16384,bytes,23787470.0,ns,3289
256bit,sha2,16384,16384,bytes,25086042.0,ns,3432
256bit,sha2,16384,16384,bytes,24492921.0,ns,3575
256bit,sha2,16384,16384,bytes,25528387.0,ns,3718
256bit,sha2,16384,16384,bytes,26466426.0,ns,3861
256bit,sha2,16384,16384,bytes,27458639.0,ns,4004
256bit,sha2,16384,16384,bytes,28476031.0,ns,4147
256bit,sha2,16384,16384,bytes,29495775.0,ns,4290
256bit,sha2,16384,16384,bytes,30360014.0,ns,4433
256bit,sha2,16384,16384,bytes,31389228.0,ns,4576
256bit,sha2,16384,16384,bytes,32411860.0,ns,4719
256bit,sha2,16384,16384,bytes,33455651.0,ns,4862
256bit,sha2,16384,16384,bytes,34348905.0,ns,5005
256bit,sha2,16384,16384,bytes,35384061.0,ns,5148
256bit,sha2,16384,16384,bytes,36326197.0,ns,5291
256bit,sha2,16384,16384,bytes,37329301.0,ns,5434
256bit,sha2,16384,16384,bytes,38349838.0,ns,5577
256bit,sha2,16384,16384,bytes,39277930.0,ns,5720
256bit,sha2,16384,16384,bytes,40286694.0,ns,5863
256bit,sha2,16384,16384,bytes,41299317.0,ns,6006
256bit,sha2,16384,16384,bytes,42234500.0,ns,6149
256bit,sha2,16384,16384,bytes,43197888.0,ns,6292
256bit,sha2,16384,16384,bytes,44169092.0,ns,6435
256bit,sha2,16384,16384,bytes,45171895.0,ns,6578
256bit,sha2,16384,16384,bytes,46140453.0,ns,6721
256bit,sha2,16384,16384,bytes,47148927.0,ns,6864
256bit,sha2,16384,16384,bytes,48489515.0,ns,7007
256bit,sha2,16384,16384,bytes,49255296.0,ns,7150
256bit,sha2,16384,16384,bytes,53025549.0,ns,7293
256bit,sha2,16384,16384,bytes,52480980.0,ns,7436
256bit,sha2,16384,16384,bytes,52726438.0,ns,7579
256bit,sha2,16384,16384,bytes,53095833.0,ns,7722
256bit,sha2,16384,16384,bytes,53892914.0,ns,7865
256bit,sha2,16384,16384,bytes,54884566.0,ns,8008
256bit,sha2,16384,16384,bytes,56639263.0,ns,8151
256bit,sha2,16384,16384,bytes,56848363.0,ns,8294
256bit,sha2,16384,16384,bytes,57754812.0,ns,8437
256bit,sha2,16384,16384,bytes,58908203.0,ns,8580
256bit,sha2,16384,16384,bytes,59788252.0,ns,8723
256bit,sha2,16384,16384,bytes,60755938.0,ns,8866
256bit,sha2,16384,16384,bytes,61700551.0,ns,9009
256bit,sha2,16384,16384,bytes,62756575.0,ns,9152
256bit,sha2,16384,16384,bytes,63677523.0,ns,9295
256bit,sha2,16384,16384,bytes,64703470.0,ns,9438
256bit,sha2,16384,16384,bytes,68202225.0,ns,9581
256bit,sha2,16384,16384,bytes,71482233.0,ns,9724
256bit,sha2,16384,16384,bytes,69676298.0,ns,9867
256bit,sha2,16384,16384,bytes,72070886.0,ns,10010
256bit,sha2,16384,16384,bytes,73616786.0,ns,10153
256bit,sha2,16384,16384,bytes,70875495.0,ns,10296
256bit,sha2,16384,16384,bytes,71614696.0,ns,10439
256bit,sha2,16384,16384,bytes,72544520.0,ns,10582
256bit,sha2,16384,16384,bytes,73476899.0,ns,10725
256bit,sha2,16384,16384,bytes,74508958.0,ns,10868
256bit,sha2,16384,16384,bytes,75506521.0,ns,11011
256bit,sha2,16384,16384,bytes,76483435.0,ns,11154
256bit,sha2,16384,16384,bytes,77418299.0,ns,11297
256bit,sha2,16384,16384,bytes,78490855.0,ns,11440
256bit,sha2,16384,16384,bytes,81085996.0,ns,11583
256bit,sha2,16384,16384,bytes,81576302.0,ns,11726
256bit,sha2,16384,16384,bytes,81568146.0,ns,11869
256bit,sha2,16384,16384,bytes,82348044.0,ns,12012
256bit,sha2,16384,16384,bytes,83549176.0,ns,12155
256bit,sha2,16384,16384,bytes,84276383.0,ns,12298
256bit,sha2,16384,16384,bytes,86177641.0,ns,12441
256bit,sha2,16384,16384,bytes,86526987.0,ns,12584
256bit,sha2,16384,16384,bytes,87360888.0,ns,12727
256bit,sha2,16384,16384,bytes,88209908.0,ns,12870
256bit,sha2,16384,16384,bytes,89332059.0,ns,13013
256bit,sha2,16384,16384,bytes,90840517.0,ns,13156
256bit,sha2,16384,16384,bytes,93711485.0,ns,13299
256bit,sha2,16384,16384,bytes,92275114.0,ns,13442
256bit,sha2,16384,16384,bytes,93308726.0,ns,13585
256bit,sha2,16384,16384,bytes,94240615.0,ns,13728
256bit,sha2,16384,16384,bytes,95139169.0,ns,13871
256bit,sha2,16384,16384,bytes,96226484.0,ns,14014
256bit,sha2,16384,16384,bytes,97340369.0,ns,14157
256bit,sha2,16384,16384,bytes,98376676.0,ns,14300
256bit,blake2b_simd,65536,65536,bytes,1006450.0,ns,23
256bit,blake2b_simd,65536,65536,bytes,2022078.0,ns,46
256bit,blake2b_simd,65536,65536,bytes,3045982.0,ns,69
256bit,blake2b_simd,65536,65536,bytes,4035820.0,ns,92
256bit,blake2b_simd,65536,65536,bytes,5043813.0,ns,115
256bit,blake2b_simd,65536,65536,bytes,6085571.0,ns,138
256bit,blake2b_simd,65536,65536,bytes,7100668.0,ns,161
256bit,blake2b_simd,65536,65536,bytes,8140201.0,ns,184
256bit,blake2b_simd,65536,65536,bytes,9189412.0,ns,207
256bit,blake2b_simd,65536,65536,bytes,10104769.0,ns,230
256bit,blake2b_simd,65536,65536,bytes,11117732.0,ns,253
256bit,blake2b_simd,65536,65536,bytes,12162455.0,ns,276
256bit,blake2b_simd,65536,65536,bytes,13198141.0,ns,299
256bit,blake2b_simd,65536,65536,bytes,14154315.0,ns,322
256bit,blake2b_simd,65536,65536,bytes,15186955.0,ns,345
256bit,blake2b_simd,65536,65536,bytes,16168168.0,ns,368
256bit,blake2b_simd,65536,65536,bytes,17195719.0,ns,391
256bit,blake2b_simd,65536,65536,bytes,18215243.0,ns,414
256bit,blake2b_simd,65536,65536,bytes,19223377.0,ns,437
256bit,blake2b_simd,65536,65536,bytes,20222673.0,ns,460
256bit,blake2b_simd,65536,65536,bytes,22158767.0,ns,483
256bit,blake2b_simd,65536,65536,bytes,22976337.0,ns,506
256bit,blake2b_simd,65536,65536,bytes,23237295.0,ns,529
256bit,blake2b_simd,65536,65536,bytes,24320252.0,ns,552
256bit,blake2b_simd,65536,65536,bytes,25340487.0,ns,575
256bit,blake2b_simd,65536,65536,bytes,26305969.0,ns,598
256bit,blake2b_simd,65536,65536,bytes,27317660.0,ns,621
256bit,blake2b_simd,65536,65536,bytes,28313861.0,ns,644
256bit,blake2b_simd,65536,65536,bytes,29306534.0,ns,667
256bit,blake2b_simd,65536,65536,bytes,30314919.0,ns,690
256bit,blake2b_simd,65536,65536,bytes,31481013.0,ns,713
256bit,blake2b_simd,65536,65536,bytes,32394997.0,ns,736
256bit,blake2b_simd,65536,65536,bytes,33430362.0,ns,759
256bit,blake2b_simd,65536,65536,bytes,34413057.0,ns,782
256bit,blake2b_simd,65536,65536,bytes,35430118.0,ns,805
256bit,blake2b_simd,65536,65536,bytes,36401271.0,ns,828
256bit,blake2b_simd,65536,65536,bytes,37427960.0,ns,851
256bit,blake2b_simd,65536,65536,bytes,38417477.0,ns,874
256bit,blake2b_simd,65536,65536,bytes,39501937.0,ns,897
256bit,blake2b_simd,65536,65536,bytes,40673181.0,ns,920
256bit,blake2b_simd,65536,65536,bytes,41396301.0,ns,943
256bit,blake2b_simd,65536,65536,bytes,42667195.0,ns,966
256bit,blake2b_simd,65536,65536,bytes,43485467.0,ns,989
256bit,blake2b_simd,65536,65536,bytes,44517455.0,ns,1012
256bit,blake2b_simd,65536,65536,bytes,45527744.0,ns,1035
256bit,blake2b_simd,65536,65536,bytes,46570427.0,ns,1058
256bit,blake2b_simd,65536,65536,bytes,47625686.0,ns,1081
256bit,blake2b_simd,65536,65536,bytes,48563595.0,ns,1104
256bit,blake2b_simd,65536,65536,bytes,50513105.0,ns,1127
256bit,blake2b_simd,65536,65536,bytes,51366573.0,ns,1150
256bit,blake2b_simd,65536,65536,bytes,51897867.0,ns,1173
256bit,blake2b_simd,65536,65536,bytes,52766574.0,ns,1196
256bit,blake2b_simd,65536,65536,bytes,53754389.0,ns,1219
256bit,blake2b_simd,65536,65536,bytes,54747214.0,ns,1242
256bit,blake2b_simd,65536,65536,bytes,55877981.0,ns,1265
256bit,blake2b_simd,65536,65536,bytes,56773830.0,ns,1288
256bit,blake2b_simd,65536,65536,bytes,57746967.0,ns,1311
256bit,blake2b_simd,65536,65536,bytes,59200745.0,ns,1334
256bit,blake2b_simd,65536,65536,bytes,59301603.0,ns,1357
256bit,blake2b_simd,65536,65536,bytes,60812054.0,ns,1380
256bit,blake2b_simd,65536,65536,bytes,61601962.0,ns,1403
256bit,blake2b_simd,65536,65536,bytes,62975141.0,ns,1426
256bit,blake2b_simd,65536,65536,bytes,63856923.0,ns,1449
256bit,blake2b_simd,65536,65536,bytes,64770226.0,ns,1472
256bit,blake2b_simd,65536,65536,bytes,65757981.0,ns,1495
256bit,blake2b_simd,65536,65536,bytes,66933684.0,ns,1518
256bit,blake2b_simd,65536,65536,bytes,69163738.0,ns,1541
256bit,blake2b_simd,65536,65536,bytes,68932278.0,ns,1564
256bit,blake2b_simd,65536,65536,bytes,69715171.0,ns,1587
256bit,blake2b_simd,65536,65536,bytes,70741890.0,ns,1610
256bit,blake2b_simd,65536,65536,bytes,71844353.0,ns,1633
256bit,blake2b_simd,65536,65536,bytes,72870681.0,ns,1656
256bit,blake2b_simd,65536,65536,bytes,73909613.0,ns,1679
256bit,blake2b_simd,65536,65536,bytes,74793220.0,ns,1702
256bit,blake2b_simd,65536,65536,bytes,76315539.0,ns,1725
256bit,blake2b_simd,65536,65536,bytes,77063831.0,ns,1748
256bit,blake2b_simd,65536,65536,bytes,78155364.0,ns,1771
256bit,blake2b_simd,65536,65536,bytes,78920434.0,ns,1794
256bit,blake2b_simd,65536,65536,bytes,79834007.0,ns,1817
256bit,blake2b_simd,65536,65536,bytes,83070341.0,ns,1840
256bit,blake2b_simd,65536,65536,bytes,82171356.0,ns,1863
256bit,blake2b_simd,65536,65536,bytes,82980360.0,ns,1886
256bit,blake2b_simd,65536,65536,bytes,83941964.0,ns,1909
256bit,blake2b_simd,65536,65536,bytes,85042234.0,ns,1932
256bit,blake2b_simd,65536,65536,bytes,86037903.0,ns,1955
256bit,blake2b_simd,65536,65536,bytes,86932581.0,ns,1978
256bit,blake2b_simd,65536,65536,bytes,89537701.0,ns,2001
256bit,blake2b_simd,65536,65536,bytes,89318653.0,ns,2024
256bit,blake2b_simd,65536,65536,bytes,90129660.0,ns,2047
256bit,blake2b_simd,65536,65536,bytes,91045457.0,ns,2070
256bit,blake2b_simd,65536,65536,bytes,92060474.0,ns,2093
256bit,blake2b_simd,65536,65536,bytes,94679650.0,ns,2116
256bit,blake2b_simd,65536,65536,bytes,94806433.0,ns,2139
256bit,blake2b_simd,65536,65536,bytes,96380276.0,ns,2162
256bit,blake2b_simd,65536,65536,bytes,97715965.0,ns,2185
256bit,blake2b_simd,65536,65536,bytes,97098306.0,ns,2208
256bit,blake2b_simd,65536,65536,bytes,98441308.0,ns,2231
256bit,blake2b_simd,65536,65536,bytes,99460001.0,ns,2254
256bit,blake2b_simd,65536,65536,bytes,100353146.0,ns,2277
256bit,blake2b_simd,65536,65536,bytes,101278472.0,ns,2300
256bit,sha2,4,4,bytes,942308.0,ns,22771
256bit,sha2,4,4,bytes,1948498.0,ns,45542
256bit,sha2,4,4,bytes,2931784.0,ns,68313
256bit,sha2,4,4,bytes,3914219.0,ns,91084
256bit,sha2,4,4,bytes,4873238.0,ns,113855
256bit,sha2,4,4,bytes,5839912.0,ns,136626
256bit,sha2,4,4,bytes,6856152.0,ns,159397
256bit,sha2,4,4,bytes,7800082.0,ns,182168
256bit,sha2,4,4,bytes,8802585.0,ns,204939
256bit,sha2,4,4,bytes,9767006.0,ns,227710
256bit,sha2,4,4,bytes,10719182.0,ns,250481
256bit,sha2,4,4,bytes,11708981.0,ns,273252
256bit,sha2,4,4,bytes,12696415.0,ns,296023
256bit,sha2,4,4,bytes,13658731.0,ns,318794
256bit,sha2,4,4,bytes,14639132.0,ns,341565
256bit,sha2,4,4,bytes,15593352.0,ns,364336
256bit,sha2,4,4,bytes,16601445.0,ns,387107
256bit,sha2,4,4,bytes,17100298.0,ns,409878
256bit,sha2,4,4,bytes,18061061.0,ns,432649
256bit,sha2,4,4,bytes,18964114.0,ns,455420
256bit,sha2,4,4,bytes,19939074.0,ns,478191
256bit,sha2,4,4,bytes,20868807.0,ns,500962
256bit,sha2,4,4,bytes,21819231.0,ns,523733
256bit,sha2,4,4,bytes,23030984.0,ns,546504
256bit,sha2,4,4,bytes,23767909.0,ns,569275
256bit,sha2,4,4,bytes,24679088.0,ns,592046
256bit,sha2,4,4,bytes,25611577.0,ns,614817
256bit,sha2,4,4,bytes,26582399.0,ns,637588
256bit,sha2,4,4,bytes,28442378.0,ns,660359
256bit,sha2,4,4,bytes,29256621.0,ns,683130
256bit,sha2,4,4,bytes,29472363.0,ns,705901
256bit,sha2,4,4,bytes,30501887.0,ns,728672
256bit,sha2,4,4,bytes,31363902.0,ns,751443
256bit,sha2,4,4,bytes,33535917.0,ns,774214
256bit,sha2,4,4,bytes,34617951.0,ns,796985
256bit,sha2,4,4,bytes,35782904.0,ns,819756
256bit,sha2,4,4,bytes,36674104.0,ns,842527
256bit,sha2,4,4,bytes,37827926.0,ns,865298
256bit,sha2,4,4,bytes,38474320.0,ns,888069
256bit,sha2,4,4,bytes,39439080.0,ns,910840
256bit,sha2,4,4,bytes,40490526.0,ns,933611
256bit,sha2,4,4,bytes,41499000.0,ns,956382
256bit,sha2,4,4,bytes,42285171.0,ns,979153
256bit,sha2,4,4,bytes,43288535.0,ns,1001924
256bit,sha2,4,4,bytes,44237195.0,ns,1024695
256bit,sha2,4,4,bytes,45209649.0,ns,1047466
256bit,sha2,4,4,bytes,46185322.0,ns,1070237
256bit,sha2,4,4,bytes,47193866.0,ns,1093008
256bit,sha2,4,4,bytes,48142686.0,ns,1115779
256bit,sha2,4,4,bytes,47279178.0,ns,1138550
256bit,sha2,4,4,bytes,48199755.0,ns,1161321
256bit,sha2,4,4,bytes,49508512.0,ns,1184092
256bit,sha2,4,4,bytes,50396105.0,ns,1206863
256bit,sha2,4,4,bytes,53155030.0,ns,1229634
256bit,sha2,4,4,bytes,52284720.0,ns,1252405
256bit,sha2,4,4,bytes,53102690.0,ns,1275176
256bit,sha2,4,4,bytes,54048685.0,ns,1297947
256bit,sha2,4,4,bytes,55160596.0,ns,1320718
256bit,sha2,4,4,bytes,55834963.0,ns,1343489
256bit,sha2,4,4,bytes,56761952.0,ns,1366260
256bit,sha2,4,4,bytes,57743575.0,ns,1389031
256bit,sha2,4,4,bytes,58727101.0,ns,1411802
256bit,sha2,4,4,bytes,59620776.0,ns,1434573
256bit,sha2,4,4,bytes,60634571.0,ns,1457344
256bit,sha2,4,4,bytes,61554586.0,ns,1480115
256bit,sha2,4,4,bytes,64218358.0,ns,1502886
256bit,sha2,4,4,bytes,65289141.0,ns,1525657
256bit,sha2,4,4,bytes,66232722.0,ns,1548428
256bit,sha2,4,4,bytes,67667409.0,ns,1571199
256bit,sha2,4,4,bytes,68321497.0,ns,1593970
256bit,sha2,4,4,bytes,71200079.0,ns,1616741
256bit,sha2,4,4,bytes,70425482.0,ns,1639512
256bit,sha2,4,4,bytes,73032336.0,ns,1662283
256bit,sha2,4,4,bytes,72370503.0,ns,1685054
256bit,sha2,4,4,bytes,72997228.0,ns,1707825
256bit,sha2,4,4,bytes,73940649.0,ns,1730596
256bit,sha2,4,4,bytes,75019196.0,ns,1753367
256bit,sha2,4,4,bytes,75974189.0,ns,1776138
256bit,sha2,4,4,bytes,76991400.0,ns,1798909
256bit,sha2,4,4,bytes,77814229.0,ns,1821680
256bit,sha2,4,4,bytes,78857710.0,ns,1844451
256bit,sha2,4,4,bytes,77585734.0,ns,1867222
256bit,sha2,4,4,bytes,78904199.0,ns,1889993
256bit,sha2,4,4,bytes,81394931.0,ns,1912764
256bit,sha2,4,4,bytes,80786240.0,ns,1935535
256bit,sha2,4,4,bytes,81495474.0,ns,1958306
256bit,sha2,4,4,bytes,82674232.0,ns,1981077
256bit,sha2,4,4,bytes,83837242.0,ns,2003848
256bit,sha2,4,4,bytes,85159854.0,ns,2026619
256bit,sha2,4,4,bytes,85489684.0,ns,2049390
256bit,sha2,4,4,bytes,86208726.0,ns,2072161
256bit,sha2,4,4,bytes,87082744.0,ns,2094932
256bit,sha2,4,4,bytes,88208662.0,ns,2117703
256bit,sha2,4,4,bytes,89252864.0,ns,2140474
256bit,sha2,4,4,bytes,90058050.0,ns,2163245
256bit,sha2,4,4,bytes,92795764.0,ns,2186016
256bit,sha2,4,4,bytes,91981871.0,ns,2208787
256bit,sha2,4,4,bytes,96421131.0,ns,2231558
256bit,sha2,4,4,bytes,97936322.0,ns,2254329
256bit,sha2,4,4,bytes,98412996.0,ns,2277100
256bit,blake3,16384,16384,bytes,988025.0,ns,365
256bit,blake3,16384,16384,bytes,2000447.0,ns,730
256bit,blake3,16384,16384,bytes,2981118.0,ns,1095
256bit,blake3,16384,16384,bytes,4001244.0,ns,1460
256bit,blake3,16384,16384,bytes,4981664.0,ns,1825
256bit,blake3,16384,16384,bytes,5976993.0,ns,2190
256bit,blake3,16384,16384,bytes,7000026.0,ns,2555
256bit,blake3,16384,16384,bytes,7976749.0,ns,2920
256bit,blake3,16384,16384,bytes,8981616.0,ns,3285
256bit,blake3,16384,16384,bytes,9964692.0,ns,3650
256bit,blake3,16384,16384,bytes,10996681.0,ns,4015
256bit,blake3,16384,16384,bytes,11966602.0,ns,4380
256bit,blake3,16384,16384,bytes,12974766.0,ns,4745
256bit,blake3,16384,16384,bytes,13984041.0,ns,5110
256bit,blake3,16384,16384,bytes,15079240.0,ns,5475
256bit,blake3,16384,16384,bytes,15970320.0,ns,5840
256bit,blake3,16384,16384,bytes,16980658.0,ns,6205
256bit,blake3,16384,16384,bytes,17761337.0,ns,6570
256bit,blake3,16384,16384,bytes,19051309.0,ns,6935
256bit,blake3,16384,16384,bytes,20633307.0,ns,7300
256bit,blake3,16384,16384,bytes,21135114.0,ns,7665
256bit,blake3,16384,16384,bytes,21876850.0,ns,8030
256bit,blake3,16384,16384,bytes,23091657.0,ns,8395
256bit,blake3,16384,16384,bytes,23774200.0,ns,8760
256bit,blake3,16384,16384,bytes,24786551.0,ns,9125
256bit,blake3,16384,16384,bytes,25744759.0,ns,9490
256bit,blake3,16384,16384,bytes,26809510.0,ns,9855
256bit,blake3,16384,16384,bytes,27731360.0,ns,10220
256bit,blake3,16384,16384,bytes,28687032.0,ns,10585
256bit,blake3,16384,16384,bytes,29659629.0,ns,10950
256bit,blake3,16384,16384,bytes,30633326.0,ns,11315
256bit,blake3,16384,16384,bytes,31654675.0,ns,11680
256bit,blake3,16384,16384,bytes,32582075.0,ns,12045
256bit,blake3,16384,16384,bytes,34211538.0,ns,12410
256bit,blake3,16384,16384,bytes,34907191.0,ns,12775
256bit,blake3,16384,16384,bytes,35901407.0,ns,13140
256bit,blake3,16384,16384,bytes,36877349.0,ns,13505
256bit,blake3,16384,16384,bytes,37940278.0,ns,13870
256bit,blake3,16384,16384,bytes,38883126.0,ns,14235
256bit,blake3,16384,16384,bytes,39905968.0,ns,14600
256bit,blake3,16384,16384,bytes,40923649.0,ns,14965
256bit,blake3,16384,16384,bytes,41922415.0,ns,15330
256bit,blake3,16384,16384,bytes,42894559.0,ns,15695
256bit,blake3,16384,16384,bytes,43910909.0,ns,16060
256bit,blake3,16384,16384,bytes,44900286.0,ns,16425
256bit,blake3,16384,16384,bytes,46164699.0,ns,16790
256bit,blake3,16384,16384,bytes,46943735.0,ns,17155
256bit,blake3,16384,16384,bytes,48090854.0,ns,17520
256bit,blake3,16384,16384,bytes,50951482.0,ns,17885
256bit,blake3,16384,16384,bytes,49570647.0,ns,18250
256bit,blake3,16384,16384,bytes,51117809.0,ns,18615
256bit,blake3,16384,16384,bytes,52230722.0,ns,18980
256bit,blake3,16384,16384,bytes,52474738.0,ns,19345
256bit,blake3,16384,16384,bytes,53533158.0,ns,19710
256bit,blake3,16384,16384,bytes,54507987.0,ns,20075
256bit,blake3,16384,16384,bytes,55559855.0,ns,20440
256bit,blake3,16384,16384,bytes,56539643.0,ns,20805
256bit,blake3,16384,16384,bytes,57406057.0,ns,21170
256bit,blake3,16384,16384,bytes,58550150.0,ns,21535
256bit,blake3,16384,16384,bytes,59559795.0,ns,21900
256bit,blake3,16384,16384,bytes,60389259.0,ns,22265
256bit,blake3,16384,16384,bytes,61406038.0,ns,22630
256bit,blake3,16384,16384,bytes,62437135.0,ns,22995
256bit,blake3,16384,16384,bytes,63516646.0,ns,23360
256bit,blake3,16384,16384,bytes,64457310.0,ns,23725
256bit,blake3,16384,16384,bytes,66140020.0,ns,24090
256bit,blake3,16384,16384,bytes,68400453.0,ns,24455
256bit,blake3,16384,16384,bytes,68178029.0,ns,24820
256bit,blake3,16384,16384,bytes,68968067.0,ns,25185
256bit,blake3,16384,16384,bytes,69823889.0,ns,25550
256bit,blake3,16384,16384,bytes,70857782.0,ns,25915
256bit,blake3,16384,16384,bytes,71780362.0,ns,26280
256bit,blake3,16384,16384,bytes,72907773.0,ns,26645
256bit,blake3,16384,16384,bytes,73883865.0,ns,27010
256bit,blake3,16384,16384,bytes,75388336.0,ns,27375
256bit,blake3,16384,16384,bytes,75775274.0,ns,27740
256bit,blake3,16384,16384,bytes,76630075.0,ns,28105
256bit,blake3,16384,16384,bytes,77715997.0,ns,28470
256bit,blake3,16384,16384,bytes,78523618.0,ns,28835
256bit,blake3,16384,16384,bytes,80025252.0,ns,29200
256bit,blake3,16384,16384,bytes,82439919.0,ns,29565
256bit,blake3,16384,16384,bytes,81427438.0,ns,29930
256bit,blake3,16384,16384,bytes,82167791.0,ns,30295
256bit,blake3,16384,16384,bytes,83104697.0,ns,30660
256bit,blake3,16384,16384,bytes,84035403.0,ns,31025
256bit,blake3,16384,16384,bytes,84945380.0,ns,31390
256bit,blake3,16384,16384,bytes,85931672.0,ns,31755
256bit,blake3,16384,16384,bytes,87017043.0,ns,32120
256bit,blake3,16384,16384,bytes,87938550.0,ns,32485
256bit,blake3,16384,16384,bytes,88924431.0,ns,32850
256bit,blake3,16384,16384,bytes,89873212.0,ns,33215
256bit,blake3,16384,16384,bytes,92712209.0,ns,33580
256bit,blake3,16384,16384,bytes,92414140.0,ns,33945
256bit,blake3,16384,16384,bytes,93027229.0,ns,34310
256bit,blake3,16384,16384,bytes,93865199.0,ns,34675
256bit,blake3,16384,16384,bytes,95050079.0,ns,35040
256bit,blake3,16384,16384,bytes,95951799.0,ns,35405
256bit,blake3,16384,16384,bytes,97416684.0,ns,35770
256bit,blake3,16384,16384,bytes,98483699.0,ns,36135
256bit,blake3,16384,16384,bytes,99303724.0,ns,36500
256bit,sha2,1024,1024,bytes,1027380.0,ns,2111
256bit,sha2,1024,1024,bytes,2070500.0,ns,4222
256bit,sha2,1024,1024,bytes,2991056.0,ns,6333
256bit,sha2,1024,1024,bytes,3908357.0,ns,8444
256bit,sha2,1024,1024,bytes,4865192.0,ns,10555
256bit,sha2,1024,1024,bytes,5808192.0,ns,12666
256bit,sha2,1024,1024,bytes,6771590.0,ns,14777
256bit,sha2,1024,1024,bytes,7808789.0,ns,16888
256bit,sha2,1024,1024,bytes,8702694.0,ns,18999
256bit,sha2,1024,1024,bytes,9703334.0,ns,21110
256bit,sha2,1024,1024,bytes,10661641.0,ns,23221
256bit,sha2,1024,1024,bytes,11876350.0,ns,25332
256bit,sha2,1024,1024,bytes,12588197.0,ns,27443
256bit,sha2,1024,1024,bytes,13562456.0,ns,29554
256bit,sha2,1024,1024,bytes,14543759.0,ns,31665
256bit,sha2,1024,1024,bytes,15499613.0,ns,33776
256bit,sha2,1024,1024,bytes,16469032.0,ns,35887
256bit,sha2,1024,1024,bytes,17366134.0,ns,37998
256bit,sha2,1024,1024,bytes,18311227.0,ns,40109
256bit,sha2,1024,1024,bytes,19255137.0,ns,42220
256bit,sha2,1024,1024,bytes,20207415.0,ns,44331
256bit,sha2,1024,1024,bytes,21185270.0,ns,46442
256bit,sha2,1024,1024,bytes,22149300.0,ns,48553
256bit,sha2,1024,1024,bytes,23658449.0,ns,50664
256bit,sha2,1024,1024,bytes,24051599.0,ns,52775
256bit,sha2,1024,1024,bytes,25378160.0,ns,54886
256bit,sha2,1024,1024,bytes,26004235.0,ns,56997
256bit,sha2,1024,1024,bytes,26939530.0,ns,59108
256bit,sha2,1024,1024,bytes,27938907.0,ns,61219
256bit,sha2,1024,1024,bytes,28850204.0,ns,63330
256bit,sha2,1024,1024,bytes,29867685.0,ns,65441
256bit,sha2,1024,1024,bytes,30874327.0,ns,67552
256bit,sha2,1024,1024,bytes,31802688.0,ns,69663
256bit,sha2,1024,1024,bytes,33651966.0,ns,71774
256bit,sha2,1024,1024,bytes,35325400.0,ns,73885
256bit,sha2,1024,1024,bytes,35802499.0,ns,75996
256bit,sha2,1024,1024,bytes,36917987.0,ns,78107
256bit,sha2,1024,1024,bytes,37684260.0,ns,80218
256bit,sha2,1024,1024,bytes,38313089.0,ns,82329
256bit,sha2,1024,1024,bytes,39261880.0,ns,84440
256bit,sha2,1024,1024,bytes,40745640.0,ns,86551
256bit,sha2,1024,1024,bytes,41368088.0,ns,88662
256bit,sha2,1024,1024,bytes,42512272.0,ns,90773
256bit,sha2,1024,1024,bytes,43352424.0,ns,92884
256bit,sha2,1024,1024,bytes,46583699.0,ns,94995
256bit,sha2,1024,1024,bytes,45335117.0,ns,97106
256bit,sha2,1024,1024,bytes,46822144.0,ns,99217
256bit,sha2,1024,1024,bytes,47519645.0,ns,101328
256bit,sha2,1024,1024,bytes,48294123.0,ns,103439
256bit,sha2,1024,1024,bytes,48346903.0,ns,105550
256bit,sha2,1024,1024,bytes,49301906.0,ns,107661
256bit,sha2,1024,1024,bytes,50454304.0,ns,109772
256bit,sha2,1024,1024,bytes,51190329.0,ns,111883
256bit,sha2,1024,1024,bytes,52146993.0,ns,113994
256bit,sha2,1024,1024,bytes,52960476.0,ns,116105
256bit,sha2,1024,1024,bytes,53993026.0,ns,118216
256bit,sha2,1024,1024,bytes,55176073.0,ns,120327
256bit,sha2,1024,1024,bytes,55957113.0,ns,122438
256bit,sha2,1024,1024,bytes,56929128.0,ns,124549
256bit,sha2,1024,1024,bytes,58096655.0,ns,126660
256bit,sha2,1024,1024,bytes,58773206.0,ns,128771
256bit,sha2,1024,1024,bytes,60022219.0,ns,130882
256bit,sha2,1024,1024,bytes,60965539.0,ns,132993
256bit,sha2,1024,1024,bytes,63830576.0,ns,135104
256bit,sha2,1024,1024,bytes,62687755.0,ns,137215
256bit,sha2,1024,1024,bytes,64361278.0,ns,139326
256bit,sha2,1024,1024,bytes,65124975.0,ns,141437
256bit,sha2,1024,1024,bytes,66222109.0,ns,143548
256bit,sha2,1024,1024,bytes,67233779.0,ns,145659
256bit,sha2,1024,1024,bytes,67887165.0,ns,147770
256bit,sha2,1024,1024,bytes,68842287.0,ns,149881
256bit,sha2,1024,1024,bytes,69710444.0,ns,151992
256bit,sha2,1024,1024,bytes,71980755.0,ns,154103
256bit,sha2,1024,1024,bytes,71854044.0,ns,156214
256bit,sha2,1024,1024,bytes,72700339.0,ns,158325
256bit,sha2,1024,1024,bytes,73585417.0,ns,160436
256bit,sha2,1024,1024,bytes,74565367.0,ns,162547
256bit,sha2,1024,1024,bytes,76825429.0,ns,164658
256bit,sha2,1024,1024,bytes,77471552.0,ns,166769
256bit,sha2,1024,1024,bytes,77762407.0,ns,168880
256bit,sha2,1024,1024,bytes,78429439.0,ns,170991
256bit,sha2,1024,1024,bytes,78935364.0,ns,173102
256bit,sha2,1024,1024,bytes,80201480.0,ns,175213
256bit,sha2,1024,1024,bytes,80844537.0,ns,177324
256bit,sha2,1024,1024,bytes,82842429.0,ns,179435
256bit,sha2,1024,1024,bytes,84768755.0,ns,181546
256bit,sha2,1024,1024,bytes,85170781.0,ns,183657
256bit,sha2,1024,1024,bytes,84848767.0,ns,185768
256bit,sha2,1024,1024,bytes,85693329.0,ns,187879
256bit,sha2,1024,1024,bytes,87011088.0,ns,189990
256bit,sha2,1024,1024,bytes,89816465.0,ns,192101
256bit,sha2,1024,1024,bytes,88970551.0,ns,194212
256bit,sha2,1024,1024,bytes,89657552.0,ns,196323
256bit,sha2,1024,1024,bytes,90612895.0,ns,198434
256bit,sha2,1024,1024,bytes,91623052.0,ns,200545
256bit,sha2,1024,1024,bytes,92411516.0,ns,202656
256bit,sha2,1024,1024,bytes,93959791.0,ns,204767
256bit,sha2,1024,1024,bytes,96386100.0,ns,206878
256bit,sha2,1024,1024,bytes,97221574.0,ns,208989
256bit,sha2,1024,1024,bytes,98247752.0,ns,211100
256bit,sha2,65536,65536,bytes,980320.0,ns,36
256bit,sha2,65536,65536,bytes,1966943.0,ns,72
256bit,sha2,65536,65536,bytes,2948956.0,ns,108
256bit,sha2,65536,65536,bytes,3937211.0,ns,144
256bit,sha2,65536,65536,bytes,4907714.0,ns,180
256bit,sha2,65536,65536,bytes,5941576.0,ns,216
256bit,sha2,65536,65536,bytes,6883925.0,ns,252
256bit,sha2,65536,65536,bytes,7884042.0,ns,288
256bit,sha2,65536,65536,bytes,8837080.0,ns,324
256bit,sha2,65536,65536,bytes,9837619.0,ns,360
256bit,sha2,65536,65536,bytes,10836184.0,ns,396
256bit,sha2,65536,65536,bytes,11893642.0,ns,432
256bit,sha2,65536,65536,bytes,12819348.0,ns,468
256bit,sha2,65536,65536,bytes,13776845.0,ns,504
256bit,sha2,65536,65536,bytes,14762897.0,ns,540
256bit,sha2,65536,65536,bytes,15901514.0,ns,576
256bit,sha2,65536,65536,bytes,17003160.0,ns,612
256bit,sha2,65536,65536,bytes,18517430.0,ns,648
256bit,sha2,65536,65536,bytes,19010210.0,ns,684
256bit,sha2,65536,65536,bytes,19816388.0,ns,720
256bit,sha2,65536,65536,bytes,20671329.0,ns,756
256bit,sha2,65536,65536,bytes,21685264.0,ns,792
256bit,sha2,65536,65536,bytes,22655726.0,ns,828
256bit,sha2,65536,65536,bytes,23722280.0,ns,864
256bit,sha2,65536,65536,bytes,24622007.0,ns,900
256bit,sha2,65536,65536,bytes,25614501.0,ns,936
256bit,sha2,65536,65536,bytes,26657390.0,ns,972
256bit,sha2,65536,65536,bytes,27823425.0,ns,1008
256bit,sha2,65536,65536,bytes,28983518.0,ns,1044
256bit,sha2,65536,65536,bytes,29896821.0,ns,1080
256bit,sha2,65536,65536,bytes,31002219.0,ns,1116
256bit,sha2,65536,65536,bytes,31982871.0,ns,1152
256bit,sha2,65536,65536,bytes,35072296.0,ns,1188
256bit,sha2,65536,65536,bytes,33560290.0,ns,1224
256bit,sha2,65536,65536,bytes,34567843.0,ns,1260
256bit,sha2,65536,65536,bytes,35577189.0,ns,1296
256bit,sha2,65536,65536,bytes,36508496.0,ns,1332
256bit,sha2,65536,65536,bytes,37429482.0,ns,1368
256bit,sha2,65536,65536,bytes,38388522.0,ns,1404
256bit,sha2,65536,65536,bytes,39393800.0,ns,1440
256bit,sha2,65536,65536,bytes,40402265.0,ns,1476
256bit,sha2,65536,65536,bytes,41350193.0,ns,1512
256bit,sha2,65536,65536,bytes,42851378.0,ns,1548
256bit,sha2,65536,65536,bytes,43358675.0,ns,1584
256bit,sha2,65536,65536,bytes,44383209.0,ns,1620
256bit,sha2,65536,65536,bytes,45300821.0,ns,1656
256bit,sha2,65536,65536,bytes,46388335.0,ns,1692
256bit,sha2,65536,65536,bytes,47476512.0,ns,1728
256bit,sha2,65536,65536,bytes,48245418.0,ns,1764
256bit,sha2,65536,65536,bytes,49249625.0,ns,1800
256bit,sha2,65536,65536,bytes,50262557.0,ns,1836
256bit,sha2,65536,65536,bytes,51381612.0,ns,1872
256bit,sha2,65536,65536,bytes,52237585.0,ns,1908
256bit,sha2,65536,65536,bytes,53190524.0,ns,1944
256bit,sha2,65536,65536,bytes,54232682.0,ns,1980
256bit,sha2,65536,65536,bytes,57469979.0,ns,2016
256bit,sha2,65536,65536,bytes,56274497.0,ns,2052
256bit,sha2,65536,65536,bytes,57092738.0,ns,2088
256bit,sha2,65536,65536,bytes,58068891.0,ns,2124
256bit,sha2,65536,65536,bytes,59029353.0,ns,2160
256bit,sha2,65536,65536,bytes,60123321.0,ns,2196
256bit,sha2,65536,65536,bytes,61275980.0,ns,2232
256bit,sha2,65536,65536,bytes,62042622.0,ns,2268
256bit,sha2,65536,65536,bytes,63614321.0,ns,2304
256bit,sha2,65536,65536,bytes,64663603.0,ns,2340
256bit,sha2,65536,65536,bytes,66649863.0,ns,2376
256bit,sha2,65536,65536,bytes,68384261.0,ns,2412
256bit,sha2,65536,65536,bytes,68063540.0,ns,2448
256bit,sha2,65536,65536,bytes,71517480.0,ns,2484
256bit,sha2,65536,65536,bytes,72065786.0,ns,2520
256bit,sha2,65536,65536,bytes,73148001.0,ns,2556
256bit,sha2,65536,65536,bytes,75565132.0,ns,2592
256bit,sha2,65536,65536,bytes,74571566.0,ns,2628
256bit,sha2,65536,65536,bytes,73144063.0,ns,2664
256bit,sha2,65536,65536,bytes,74200910.0,ns,2700
256bit,sha2,65536,65536,bytes,75095696.0,ns,2736
256bit,sha2,65536,65536,bytes,76401017.0,ns,2772
256bit,sha2,65536,65536,bytes,76892565.0,ns,2808
256bit,sha2,65536,65536,bytes,77975100.0,ns,2844
256bit,sha2,65536,65536,bytes,79154851.0,ns,2880
256bit,sha2,65536,65536,bytes,80999751.0,ns,2916
256bit,sha2,65536,65536,bytes,81437637.0,ns,2952
256bit,sha2,65536,65536,bytes,81862518.0,ns,2988
256bit,sha2,65536,65536,bytes,84078145.0,ns,3024
256bit,sha2,65536,65536,bytes,85514035.0,ns,3060
256bit,sha2,65536,65536,bytes,84601193.0,ns,3096
256bit,sha2,65536,65536,bytes,85694619.0,ns,3132
256bit,sha2,65536,65536,bytes,86780120.0,ns,3168
256bit,sha2,65536,65536,bytes,87892903.0,ns,3204
256bit,sha2,65536,65536,bytes,88820232.0,ns,3240
256bit,sha2,65536,65536,bytes,90117928.0,ns,3276
256bit,sha2,65536,65536,bytes,90730757.0,ns,3312
256bit,sha2,65536,65536,bytes,92565137.0,ns,3348
256bit,sha2,65536,65536,bytes,92677171.0,ns,3384
256bit,sha2,65536,65536,bytes,93808750.0,ns,3420
256bit,sha2,65536,65536,bytes,97003395.0,ns,3456
256bit,sha2,65536,65536,bytes,95459839.0,ns,3492
256bit,sha2,65536,65536,bytes,96460278.0,ns,3528
256bit,sha2,65536,65536,bytes,97651291.0,ns,3564
256bit,sha2,65536,65536,bytes,98938277.0,ns,3600
256bit,sha2,1,1,bytes,949372.0,ns,22810
256bit,sha2,1,1,bytes,1950772.0,ns,45620
256bit,sha2,1,1,bytes,2935641.0,ns,68430
256bit,sha2,1,1,bytes,3905522.0,ns,91240
256bit,sha2,1,1,bytes,4892505.0,ns,114050
256bit,sha2,1,1,bytes,5860953.0,ns,136860
256bit,sha2,1,1,bytes,6816797.0,ns,159670
256bit,sha2,1,1,bytes,7834579.0,ns,182480
256bit,sha2,1,1,bytes,8808457.0,ns,205290
256bit,sha2,1,1,bytes,9806021.0,ns,228100
256bit,sha2,1,1,bytes,10737167.0,ns,250910
256bit,sha2,1,1,bytes,11726685.0,ns,273720
256bit,sha2,1,1,bytes,12740699.0,ns,296530
256bit,sha2,1,1,bytes,13706934.0,ns,319340
256bit,sha2,1,1,bytes,14672155.0,ns,342150
256bit,sha2,1,1,bytes,15644881.0,ns,364960
256bit,sha2,1,1,bytes,16608810.0,ns,387770
256bit,sha2,1,1,bytes,17116519.0,ns,410580
256bit,sha2,1,1,bytes,18066040.0,ns,433390
256bit,sha2,1,1,bytes,19001525.0,ns,456200
256bit,sha2,1,1,bytes,20006603.0,ns,479010
256bit,sha2,1,1,bytes,20929925.0,ns,501820
256bit,sha2,1,1,bytes,21918932.0,ns,524630
256bit,sha2,1,1,bytes,22831142.0,ns,547440
256bit,sha2,1,1,bytes,23941300.0,ns,570250
256bit,sha2,1,1,bytes,24894459.0,ns,593060
256bit,sha2,1,1,bytes,26099247.0,ns,615870
256bit,sha2,1,1,bytes,27123934.0,ns,638680
256bit,sha2,1,1,bytes,28076380.0,ns,661490
256bit,sha2,1,1,bytes,29460160.0,ns,684300
256bit,sha2,1,1,bytes,29580480.0,ns,707110
256bit,sha2,1,1,bytes,30451902.0,ns,729920
256bit,sha2,1,1,bytes,31504556.0,ns,752730
256bit,sha2,1,1,bytes,33571706.0,ns,775540
256bit,sha2,1,1,bytes,34744462.0,ns,798350
256bit,sha2,1,1,bytes,35860042.0,ns,821160
256bit,sha2,1,1,bytes,36571590.0,ns,843970
256bit,sha2,1,1,bytes,37461898.0,ns,866780
256bit,sha2,1,1,bytes,38472947.0,ns,889590
256bit,sha2,1,1,bytes,40380516.0,ns,912400
256bit,sha2,1,1,bytes,41407186.0,ns,935210
256bit,sha2,1,1,bytes,41569756.0,ns,958020
256bit,sha2,1,1,bytes,42521242.0,ns,980830
256bit,sha2,1,1,bytes,43368138.0,ns,1003640
256bit,sha2,1,1,bytes,44350402.0,ns,1026450
256bit,sha2,1,1,bytes,45349417.0,ns,1049260
256bit,sha2,1,1,bytes,46378852.0,ns,1072070
256bit,sha2,1,1,bytes,47335778.0,ns,1094880
256bit,sha2,1,1,bytes,48308613.0,ns,1117690
256bit,sha2,1,1,bytes,47597226.0,ns,1140500
256bit,sha2,1,1,bytes,48439553.0,ns,1163310
256bit,sha2,1,1,bytes,49660584.0,ns,1186120
256bit,sha2,1,1,bytes,50330306.0,ns,1208930
256bit,sha2,1,1,bytes,51317044.0,ns,1231740
256bit,sha2,1,1,bytes,53976599.0,ns,1254550
256bit,sha2,1,1,bytes,54430284.0,ns,1277360
256bit,sha2,1,1,bytes,54939305.0,ns,1300170
256bit,sha2,1,1,bytes,55456853.0,ns,1322980
256bit,sha2,1,1,bytes,55907192.0,ns,1345790
256bit,sha2,1,1,bytes,56900808.0,ns,1368600
256bit,sha2,1,1,bytes,59628041.0,ns,1391410
256bit,sha2,1,1,bytes,58815871.0,ns,1414220
256bit,sha2,1,1,bytes,59869562.0,ns,1437030
256bit,sha2,1,1,bytes,60605857.0,ns,1459840
256bit,sha2,1,1,bytes,61581578.0,ns,1482650
256bit,sha2,1,1,bytes,64313712.0,ns,1505460
256bit,sha2,1,1,bytes,65322807.0,ns,1528270
256bit,sha2,1,1,bytes,66262199.0,ns,1551080
256bit,sha2,1,1,bytes,67819551.0,ns,1573890
256bit,sha2,1,1,bytes,69376281.0,ns,1596700
256bit,sha2,1,1,bytes,69911241.0,ns,1619510
256bit,sha2,1,1,bytes,70259696.0,ns,1642320
256bit,sha2,1,1,bytes,71183008.0,ns,1665130
256bit,sha2,1,1,bytes,72373761.0,ns,1687940
256bit,sha2,1,1,bytes,73079147.0,ns,1710750
256bit,sha2,1,1,bytes,78558706.0,ns,1733560
256bit,sha2,1,1,bytes,77009605.0,ns,1756370
256bit,sha2,1,1,bytes,76566450.0,ns,1779180
256bit,sha2,1,1,bytes,77426010.0,ns,1801990
256bit,sha2,1,1,bytes,78620619.0,ns,1824800
256bit,sha2,1,1,bytes,79388605.0,ns,1847610
256bit,sha2,1,1,bytes,77959919.0,ns,1870420
256bit,sha2,1,1,bytes,79155830.0,ns,1893230
256bit,sha2,1,1,bytes,80287650.0,ns,1916040
256bit,sha2,1,1,bytes,80804977.0,ns,1938850
256bit,sha2,1,1,bytes,81835604.0,ns,1961660
256bit,sha2,1,1,bytes,82927787.0,ns,1984470
256bit,sha2,1,1,bytes,83604859.0,ns,2007280
256bit,sha2,1,1,bytes,86666030.0,ns,2030090
256bit,sha2,1,1,bytes,85688485.0,ns,2052900
256bit,sha2,1,1,bytes,86468834.0,ns,2075710
256bit,sha2,1,1,bytes,87369482.0,ns,2098520
256bit,sha2,1,1,bytes,88363359.0,ns,2121330
256bit,sha2,1,1,bytes,89278935.0,ns,2144140
256bit,sha2,1,1,bytes,90377527.0,ns,2166950
256bit,sha2,1,1,bytes,91568574.0,ns,2189760
256bit,sha2,1,1,bytes,92484572.0,ns,2212570
256bit,sha2,1,1,bytes,96744370.0,ns,2235380
256bit,sha2,1,1,bytes,97675367.0,ns,2258190
256bit,sha2,1,1,bytes,100394674.0,ns,2281000
256bit,sha2,64,64,bytes,846144.0,ns,15139
256bit,sha2,64,64,bytes,1750219.0,ns,30278
256bit,sha2,64,64,bytes,2636520.0,ns,45417
256bit,sha2,64,64,bytes,3506551.0,ns,60556
256bit,sha2,64,64,bytes,4406548.0,ns,75695
256bit,sha2,64,64,bytes,5266859.0,ns,90834
256bit,sha2,64,64,bytes,6146136.0,ns,105973
256bit,sha2,64,64,bytes,7038489.0,ns,121112
256bit,sha2,64,64,bytes,7881317.0,ns,136251
256bit,sha2,64,64,bytes,8796755.0,ns,151390
256bit,sha2,64,64,bytes,9656875.0,ns,166529
256bit,sha2,64,64,bytes,10546283.0,ns,181668
256bit,sha2,64,64,bytes,11427363.0,ns,196807
256bit,sha2,64,64,bytes,12370192.0,ns,211946
256bit,sha2,64,64,bytes,13191660.0,ns,227085
256bit,sha2,64,64,bytes,14046310.0,ns,242224
256bit,sha2,64,64,bytes,14894669.0,ns,257363
256bit,sha2,64,64,bytes,15329699.0,ns,272502
256bit,sha2,64,64,bytes,16244524.0,ns,287641
256bit,sha2,64,64,bytes,17095899.0,ns,302780
256bit,sha2,64,64,bytes,17939338.0,ns,317919
256bit,sha2,64,64,bytes,18738051.0,ns,333058
256bit,sha2,64,64,bytes,19727610.0,ns,348197
256bit,sha2,64,64,bytes,20494764.0,ns,363336
256bit,sha2,64,64,bytes,21300101.0,ns,378475
256bit,sha2,64,64,bytes,22148799.0,ns,393614
256bit,sha2,64,64,bytes,23001496.0,ns,408753
256bit,sha2,64,64,bytes,24140148.0,ns,423892
256bit,sha2,64,64,bytes,24741246.0,ns,439031
256bit,sha2,64,64,bytes,26103725.0,ns,454170
256bit,sha2,64,64,bytes,27708567.0,ns,469309
256bit,sha2,64,64,bytes,27363318.0,ns,484448
256bit,sha2,64,64,bytes,28166761.0,ns,499587
256bit,sha2,64,64,bytes,33659261.0,ns,514726
256bit,sha2,64,64,bytes,34434330.0,ns,529865
256bit,sha2,64,64,bytes,35452983.0,ns,545004
256bit,sha2,64,64,bytes,36400411.0,ns,560143
256bit,sha2,64,64,bytes,37623715.0,ns,575282
256bit,sha2,64,64,bytes,38346013.0,ns,590421
256bit,sha2,64,64,bytes,39443096.0,ns,605560
256bit,sha2,64,64,bytes,40518678.0,ns,620699
256bit,sha2,64,64,bytes,41262678.0,ns,635838
256bit,sha2,64,64,bytes,42351325.0,ns,650977
256bit,sha2,64,64,bytes,43305706.0,ns,666116
256bit,sha2,64,64,bytes,44447714.0,ns,681255
256bit,sha2,64,64,bytes,45363542.0,ns,696394
256bit,sha2,64,64,bytes,46352515.0,ns,711533
256bit,sha2,64,64,bytes,47262185.0,ns,726672
256bit,sha2,64,64,bytes,48240601.0,ns,741811
256bit,sha2,64,64,bytes,42518755.0,ns,756950
256bit,sha2,64,64,bytes,43397491.0,ns,772089
256bit,sha2,64,64,bytes,44138134.0,ns,787228
256bit,sha2,64,64,bytes,45060694.0,ns,802367
256bit,sha2,64,64,bytes,46101450.0,ns,817506
256bit,sha2,64,64,bytes,48928404.0,ns,832645
256bit,sha2,64,64,bytes,48205395.0,ns,847784
256bit,sha2,64,64,bytes,48537739.0,ns,862923
256bit,sha2,64,64,bytes,49455099.0,ns,878062
256bit,sha2,64,64,bytes,50165203.0,ns,893201
256bit,sha2,64,64,bytes,51078736.0,ns,908340
256bit,sha2,64,64,bytes,51859306.0,ns,923479
256bit,sha2,64,64,bytes,52694529.0,ns,938618
256bit,sha2,64,64,bytes,53649291.0,ns,953757
256bit,sha2,64,64,bytes,54343586.0,ns,968896
256bit,sha2,64,64,bytes,55218695.0,ns,984035
256bit,sha2,64,64,bytes,57980054.0,ns,999174
256bit,sha2,64,64,bytes,58799458.0,ns,1014313
256bit,sha2,64,64,bytes,59484275.0,ns,1029452
256bit,sha2,64,64,bytes,60373822.0,ns,1044591
256bit,sha2,64,64,bytes,61433383.0,ns,1059730
256bit,sha2,64,64,bytes,62460383.0,ns,1074869
256bit,sha2,64,64,bytes,63024639.0,ns,1090008
256bit,sha2,64,64,bytes,65896909.0,ns,1105147
256bit,sha2,64,64,bytes,65427324.0,ns,1120286
256bit,sha2,64,64,bytes,65858436.0,ns,1135425
256bit,sha2,64,64,bytes,66611844.0,ns,1150564
256bit,sha2,64,64,bytes,67486813.0,ns,1165703
256bit,sha2,64,64,bytes,68338167.0,ns,1180842
256bit,sha2,64,64,bytes,69227103.0,ns,1195981
256bit,sha2,64,64,bytes,69990981.0,ns,1211120
256bit,sha2,64,64,bytes,71463941.0,ns,1226259
256bit,sha2,64,64,bytes,69794145.0,ns,1241398
256bit,sha2,64,64,bytes,71010616.0,ns,1256537
256bit,sha2,64,64,bytes,71527843.0,ns,1271676
256bit,sha2,64,64,bytes,72421699.0,ns,1286815
256bit,sha2,64,64,bytes,73276189.0,ns,1301954
256bit,sha2,64,64,bytes,74499302.0,ns,1317093
256bit,sha2,64,64,bytes,77272073.0,ns,1332232
256bit,sha2,64,64,bytes,76064459.0,ns,1347371
256bit,sha2,64,64,bytes,76810713.0,ns,1362510
256bit,sha2,64,64,bytes,78065867.0,ns,1377649
256bit,sha2,64,64,bytes,79169704.0,ns,1392788
256bit,sha2,64,64,bytes,79875530.0,ns,1407927
256bit,sha2,64,64,bytes,80112602.0,ns,1423066
256bit,sha2,64,64,bytes,81094967.0,ns,1438205
256bit,sha2,64,64,bytes,81999022.0,ns,1453344
256bit,sha2,64,64,bytes,82849915.0,ns,1468483
256bit,sha2,64,64,bytes,99057028.0,ns,1483622
256bit,sha2,64,64,bytes,97747259.0,ns,1498761
256bit,sha2,64,64,bytes,100263259.0,ns,1513900
256bit,sha2,16,16,bytes,1000699.0,ns,24681
256bit,sha2,16,16,bytes,2015966.0,ns,49362
256bit,sha2,16,16,bytes,3021956.0,ns,74043
256bit,sha2,16,16,bytes,4051710.0,ns,98724
256bit,sha2,16,16,bytes,5044314.0,ns,123405
256bit,sha2,16,16,bytes,6085802.0,ns,148086
256bit,sha2,16,16,bytes,7101990.0,ns,172767
256bit,sha2,16,16,bytes,8133208.0,ns,197448
256bit,sha2,16,16,bytes,9102257.0,ns,222129
256bit,sha2,16,16,bytes,10107746.0,ns,246810
256bit,sha2,16,16,bytes,11127711.0,ns,271491
256bit,sha2,16,16,bytes,12129783.0,ns,296172
256bit,sha2,16,16,bytes,13123470.0,ns,320853
256bit,sha2,16,16,bytes,14557907.0,ns,345534
256bit,sha2,16,16,bytes,16144283.0,ns,370215
256bit,sha2,16,16,bytes,16645910.0,ns,394896
256bit,sha2,16,16,bytes,17220497.0,ns,419577
256bit,sha2,16,16,bytes,17784493.0,ns,444258
256bit,sha2,16,16,bytes,18775753.0,ns,468939
256bit,sha2,16,16,bytes,19784188.0,ns,493620
256bit,sha2,16,16,bytes,20820335.0,ns,518301
256bit,sha2,16,16,bytes,21751191.0,ns,542982
256bit,sha2,16,16,bytes,22859025.0,ns,567663
256bit,sha2,16,16,bytes,24032955.0,ns,592344
256bit,sha2,16,16,bytes,24931599.0,ns,617025
256bit,sha2,16,16,bytes,25685828.0,ns,641706
256bit,sha2,16,16,bytes,26712757.0,ns,666387
256bit,sha2,16,16,bytes,27638945.0,ns,691068
256bit,sha2,16,16,bytes,28626929.0,ns,715749
256bit,sha2,16,16,bytes,29661754.0,ns,740430
256bit,sha2,16,16,bytes,30580166.0,ns,765111
256bit,sha2,16,16,bytes,31599261.0,ns,789792
256bit,sha2,16,16,bytes,32635338.0,ns,814473
256bit,sha2,16,16,bytes,33393765.0,ns,839154
256bit,sha2,16,16,bytes,34410064.0,ns,863835
256bit,sha2,16,16,bytes,35378241.0,ns,888516
256bit,sha2,16,16,bytes,36646241.0,ns,913197
256bit,sha2,16,16,bytes,37381844.0,ns,937878
256bit,sha2,16,16,bytes,38335814.0,ns,962559
256bit,sha2,16,16,bytes,39307218.0,ns,987240
256bit,sha2,16,16,bytes,40256288.0,ns,1011921
256bit,sha2,16,16,bytes,41315279.0,ns,1036602
256bit,sha2,16,16,bytes,42215697.0,ns,1061283
256bit,sha2,16,16,bytes,43302971.0,ns,1085964
256bit,sha2,16,16,bytes,44423073.0,ns,1110645
256bit,sha2,16,16,bytes,45310602.0,ns,1135326
256bit,sha2,16,16,bytes,46859367.0,ns,1160007
256bit,sha2,16,16,bytes,48573828.0,ns,1184688
256bit,sha2,16,16,bytes,48443960.0,ns,1209369
256bit,sha2,16,16,bytes,50458304.0,ns,1234050
256bit,sha2,16,16,bytes,51744378.0,ns,1258731
256bit,sha2,16,16,bytes,52435066.0,ns,1283412
256bit,sha2,16,16,bytes,53475170.0,ns,1308093
256bit,sha2,16,16,bytes,54547776.0,ns,1332774
256bit,sha2,16,16,bytes,55540781.0,ns,1357455
256bit,sha2,16,16,bytes,56501645.0,ns,1382136
256bit,sha2,16,16,bytes,57753212.0,ns,1406817
256bit,sha2,16,16,bytes,58818705.0,ns,1431498
256bit,sha2,16,16,bytes,59497160.0,ns,1456179
256bit,sha2,16,16,bytes,60578703.0,ns,1480860
256bit,sha2,16,16,bytes,61554796.0,ns,1505541
256bit,sha2,16,16,bytes,62546238.0,ns,1530222
256bit,sha2,16,16,bytes,63496260.0,ns,1554903
256bit,sha2,16,16,bytes,64544050.0,ns,1579584
256bit,sha2,16,16,bytes,67400640.0,ns,1604265
256bit,sha2,16,16,bytes,67028138.0,ns,1628946
256bit,sha2,16,16,bytes,68023909.0,ns,1653627
256bit,sha2,16,16,bytes,69196315.0,ns,1678308
256bit,sha2,16,16,bytes,70008204.0,ns,1702989
256bit,sha2,16,16,bytes,71057606.0,ns,1727670
256bit,sha2,16,16,bytes,72024962.0,ns,1752351
256bit,sha2,16,16,bytes,73202088.0,ns,1777032
256bit,sha2,16,16,bytes,74561201.0,ns,1801713
256bit,sha2,16,16,bytes,75086284.0,ns,1826394
256bit,sha2,16,16,bytes,76112862.0,ns,1851075
256bit,sha2,16,16,bytes,77098062.0,ns,1875756
256bit,sha2,16,16,bytes,78478986.0,ns,1900437
256bit,sha2,16,16,bytes,79732163.0,ns,1925118
256bit,sha2,16,16,bytes,82066121.0,ns,1949799
256bit,sha2,16,16,bytes,81345296.0,ns,1974480
256bit,sha2,16,16,bytes,82484920.0,ns,1999161
256bit,sha2,16,16,bytes,81266986.0,ns,2023842
256bit,sha2,16,16,bytes,82262786.0,ns,2048523
256bit,sha2,16,16,bytes,83238398.0,ns,2073204
256bit,sha2,16,16,bytes,84179864.0,ns,2097885
256bit,sha2,16,16,bytes,85500133.0,ns,2122566
256bit,sha2,16,16,bytes,88457395.0,ns,2147247
256bit,sha2,16,16,bytes,87331868.0,ns,2171928
256bit,sha2,16,16,bytes,88105434.0,ns,2196609
256bit,sha2,16,16,bytes,89246009.0,ns,2221290
256bit,sha2,16,16,bytes,92010164.0,ns,2245971
256bit,sha2,16,16,bytes,91189599.0,ns,2270652
256bit,sha2,16,16,bytes,92483227.0,ns,2295333
256bit,sha2,16,16,bytes,93126534.0,ns,2320014
256bit,sha2,16,16,bytes,94077398.0,ns,2344695
256bit,sha2,16,16,bytes,95323786.0,ns,2369376
256bit,sha2,16,16,bytes,97266583.0,ns,2394057
256bit,sha2,16,16,bytes,96740369.0,ns,2418738
256bit,sha2,16,16,bytes,97617633.0,ns,2443419
256bit,sha2,16,16,bytes,98642568.0,ns,2468100
256bit,blake3,4,4,bytes,981853.0,ns,16331
256bit,blake3,4,4,bytes,2459943.0,ns,32662
256bit,blake3,4,4,bytes,3698667.0,ns,48993
256bit,blake3,4,4,bytes,4920258.0,ns,65324
256bit,blake3,4,4,bytes,6129275.0,ns,81655
256bit,blake3,4,4,bytes,7356286.0,ns,97986
256bit,blake3,4,4,bytes,8647971.0,ns,114317
256bit,blake3,4,4,bytes,9870944.0,ns,130648
256bit,blake3,4,4,bytes,11085601.0,ns,146979
256bit,blake3,4,4,bytes,12284439.0,ns,163310
256bit,blake3,4,4,bytes,13518153.0,ns,179641
256bit,blake3,4,4,bytes,14887585.0,ns,195972
256bit,blake3,4,4,bytes,15966284.0,ns,212303
256bit,blake3,4,4,bytes,17200148.0,ns,228634
256bit,blake3,4,4,bytes,18419484.0,ns,244965
256bit,blake3,4,4,bytes,20640862.0,ns,261296
256bit,blake3,4,4,bytes,22279419.0,ns,277627
256bit,blake3,4,4,bytes,17633044.0,ns,293958
256bit,blake3,4,4,bytes,18681965.0,ns,310289
256bit,blake3,4,4,bytes,19606218.0,ns,326620
256bit,blake3,4,4,bytes,20628399.0,ns,342951
256bit,blake3,4,4,bytes,21589563.0,ns,359282
256bit,blake3,4,4,bytes,22607004.0,ns,375613
256bit,blake3,4,4,bytes,23512752.0,ns,391944
256bit,blake3,4,4,bytes,24538871.0,ns,408275
256bit,blake3,4,4,bytes,25496497.0,ns,424606
256bit,blake3,4,4,bytes,26459495.0,ns,440937
256bit,blake3,4,4,bytes,27407072.0,ns,457268
256bit,blake3,4,4,bytes,28616460.0,ns,473599
256bit,blake3,4,4,bytes,29377113.0,ns,489930
256bit,blake3,4,4,bytes,30217365.0,ns,506261
256bit,blake3,4,4,bytes,31237542.0,ns,522592
256bit,blake3,4,4,bytes,32245074.0,ns,538923
256bit,blake3,4,4,bytes,36099428.0,ns,555254
256bit,blake3,4,4,bytes,37180049.0,ns,571585
256bit,blake3,4,4,bytes,38255681.0,ns,587916
256bit,blake3,4,4,bytes,39357143.0,ns,604247
256bit,blake3,4,4,bytes,40385265.0,ns,620578
256bit,blake3,4,4,bytes,41477549.0,ns,636909
256bit,blake3,4,4,bytes,42506553.0,ns,653240
256bit,blake3,4,4,bytes,43600630.0,ns,669571
256bit,blake3,4,4,bytes,44637077.0,ns,685902
256bit,blake3,4,4,bytes,45663646.0,ns,702233
256bit,blake3,4,4,bytes,46782781.0,ns,718564
256bit,blake3,4,4,bytes,47830931.0,ns,734895
256bit,blake3,4,4,bytes,49095394.0,ns,751226
256bit,blake3,4,4,bytes,51377939.0,ns,767557
256bit,blake3,4,4,bytes,52294247.0,ns,783888
256bit,blake3,4,4,bytes,52370653.0,ns,800219
256bit,blake3,4,4,bytes,48851739.0,ns,816550
256bit,blake3,4,4,bytes,49836768.0,ns,832881
256bit,blake3,4,4,bytes,50777284.0,ns,849212
256bit,blake3,4,4,bytes,51966743.0,ns,865543
256bit,blake3,4,4,bytes,52806034.0,ns,881874
256bit,blake3,4,4,bytes,53826085.0,ns,898205
256bit,blake3,4,4,bytes,54649291.0,ns,914536
256bit,blake3,4,4,bytes,55662073.0,ns,930867
256bit,blake3,4,4,bytes,56547122.0,ns,947198
256bit,blake3,4,4,bytes,57519236.0,ns,963529
256bit,blake3,4,4,bytes,58552317.0,ns,979860
256bit,blake3,4,4,bytes,59457064.0,ns,996191
256bit,blake3,4,4,bytes,62426850.0,ns,1012522
256bit,blake3,4,4,bytes,61714381.0,ns,1028853
256bit,blake3,4,4,bytes,62807166.0,ns,1045184
256bit,blake3,4,4,bytes,64857006.0,ns,1061515
256bit,blake3,4,4,bytes,71453293.0,ns,1077846
256bit,blake3,4,4,bytes,71969497.0,ns,1094177
256bit,blake3,4,4,bytes,72840479.0,ns,1110508
256bit,blake3,4,4,bytes,74130380.0,ns,1126839
256bit,blake3,4,4,bytes,74950475.0,ns,1143170
256bit,blake3,4,4,bytes,75927720.0,ns,1159501
256bit,blake3,4,4,bytes,77099185.0,ns,1175832
256bit,blake3,4,4,bytes,78146683.0,ns,1192163
256bit,blake3,4,4,bytes,79209161.0,ns,1208494
256bit,blake3,4,4,bytes,80215671.0,ns,1224825
256bit,blake3,4,4,bytes,81368501.0,ns,1241156
256bit,blake3,4,4,bytes,82377215.0,ns,1257487
256bit,blake3,4,4,bytes,84985341.0,ns,1273818
256bit,blake3,4,4,bytes,86788062.0,ns,1290149
256bit,blake3,4,4,bytes,85929022.0,ns,1306480
256bit,blake3,4,4,bytes,86687078.0,ns,1322811
256bit,blake3,4,4,bytes,80364736.0,ns,1339142
256bit,blake3,4,4,bytes,81093917.0,ns,1355473
256bit,blake3,4,4,bytes,82043970.0,ns,1371804
256bit,blake3,4,4,bytes,83314062.0,ns,1388135
256bit,blake3,4,4,bytes,84709625.0,ns,1404466
256bit,blake3,4,4,bytes,85353384.0,ns,1420797
256bit,blake3,4,4,bytes,90024537.0,ns,1437128
256bit,blake3,4,4,bytes,87837754.0,ns,1453459
256bit,blake3,4,4,bytes,90213967.0,ns,1469790
256bit,blake3,4,4,bytes,90311584.0,ns,1486121
256bit,blake3,4,4,bytes,90266619.0,ns,1502452
256bit,blake3,4,4,bytes,91051546.0,ns,1518783
256bit,blake3,4,4,bytes,92180610.0,ns,1535114
256bit,blake3,4,4,bytes,92814229.0,ns,1551445
256bit,blake3,4,4,bytes,93881505.0,ns,1567776
256bit,blake3,4,4,bytes,94806972.0,ns,1584107
256bit,blake3,4,4,bytes,96425871.0,ns,1600438
256bit,blake3,4,4,bytes,99284955.0,ns,1616769
256bit,blake3,4,4,bytes,103399055.0,ns,1633100
256bit,sha2,4096,4096,bytes,976523.0,ns,562
256bit,sha2,4096,4096,bytes,1949299.0,ns,1124
256bit,sha2,4096,4096,bytes,2922797.0,ns,1686
256bit,sha2,4096,4096,bytes,3942903.0,ns,2248
256bit,sha2,4096,4096,bytes,4877075.0,ns,2810
256bit,sha2,4096,4096,bytes,5866503.0,ns,3372
256bit,sha2,4096,4096,bytes,6930843.0,ns,3934
256bit,sha2,4096,4096,bytes,7843756.0,ns,4496
256bit,sha2,4096,4096,bytes,8844856.0,ns,5058
256bit,sha2,4096,4096,bytes,9754420.0,ns,5620
256bit,sha2,4096,4096,bytes,10736905.0,ns,6182
256bit,sha2,4096,4096,bytes,11759487.0,ns,6744
256bit,sha2,4096,4096,bytes,12691475.0,ns,7306
256bit,sha2,4096,4096,bytes,13659833.0,ns,7868
256bit,sha2,4096,4096,bytes,14636085.0,ns,8430
256bit,sha2,4096,4096,bytes,15604001.0,ns,8992
256bit,sha2,4096,4096,bytes,16632003.0,ns,9554
256bit,sha2,4096,4096,bytes,17543081.0,ns,10116
256bit,sha2,4096,4096,bytes,18513813.0,ns,10678
256bit,sha2,4096,4096,bytes,19511486.0,ns,11240
256bit,sha2,4096,4096,bytes,20517907.0,ns,11802
256bit,sha2,4096,4096,bytes,21442711.0,ns,12364
256bit,sha2,4096,4096,bytes,22407532.0,ns,12926
256bit,sha2,4096,4096,bytes,23421988.0,ns,13488
256bit,sha2,4096,4096,bytes,24450370.0,ns,14050
256bit,sha2,4096,4096,bytes,25355276.0,ns,14612
256bit,sha2,4096,4096,bytes,26352299.0,ns,15174
256bit,sha2,4096,4096,bytes,27378987.0,ns,15736
256bit,sha2,4096,4096,bytes,28267022.0,ns,16298
256bit,sha2,4096,4096,bytes,29968788.0,ns,16860
256bit,sha2,4096,4096,bytes,31744958.0,ns,17422
256bit,sha2,4096,4096,bytes,31260202.0,ns,17984
256bit,sha2,4096,4096,bytes,32867379.0,ns,18546
256bit,sha2,4096,4096,bytes,33408401.0,ns,19108
256bit,sha2,4096,4096,bytes,34422566.0,ns,19670
256bit,sha2,4096,4096,bytes,35752614.0,ns,20232
256bit,sha2,4096,4096,bytes,36324846.0,ns,20794
256bit,sha2,4096,4096,bytes,37353749.0,ns,21356
256bit,sha2,4096,4096,bytes,38519773.0,ns,21918
256bit,sha2,4096,4096,bytes,39199170.0,ns,22480
256bit,sha2,4096,4096,bytes,40369522.0,ns,23042
256bit,sha2,4096,4096,bytes,41232991.0,ns,23604
256bit,sha2,4096,4096,bytes,42169137.0,ns,24166
256bit,sha2,4096,4096,bytes,43369026.0,ns,24728
256bit,sha2,4096,4096,bytes,44116501.0,ns,25290
256bit,sha2,4096,4096,bytes,45210168.0,ns,25852
256bit,sha2,4096,4096,bytes,46166683.0,ns,26414
256bit,sha2,4096,4096,bytes,47139269.0,ns,26976
256bit,sha2,4096,4096,bytes,48015711.0,ns,27538
256bit,sha2,4096,4096,bytes,48791552.0,ns,28100
256bit,sha2,4096,4096,bytes,50227961.0,ns,28662
256bit,sha2,4096,4096,bytes,50684604.0,ns,29224
256bit,sha2,4096,4096,bytes,51804129.0,ns,29786
256bit,sha2,4096,4096,bytes,53811209.0,ns,30348
256bit,sha2,4096,4096,bytes,56249190.0,ns,30910
256bit,sha2,4096,4096,bytes,55202643.0,ns,31472
256bit,sha2,4096,4096,bytes,55651780.0,ns,32034
256bit,sha2,4096,4096,bytes,56688729.0,ns,32596
256bit,sha2,4096,4096,bytes,57687955.0,ns,33158
256bit,sha2,4096,4096,bytes,58901220.0,ns,33720
256bit,sha2,4096,4096,bytes,59663549.0,ns,34282
256bit,sha2,4096,4096,bytes,60562920.0,ns,34844
256bit,sha2,4096,4096,bytes,61825369.0,ns,35406
256bit,sha2,4096,4096,bytes,62466562.0,ns,35968
256bit,sha2,4096,4096,bytes,63405955.0,ns,36530
256bit,sha2,4096,4096,bytes,64575596.0,ns,37092
256bit,sha2,4096,4096,bytes,65907297.0,ns,37654
256bit,sha2,4096,4096,bytes,68492419.0,ns,38216
256bit,sha2,4096,4096,bytes,67699086.0,ns,38778
256bit,sha2,4096,4096,bytes,68581469.0,ns,39340
256bit,sha2,4096,4096,bytes,71870384.0,ns,39902
256bit,sha2,4096,4096,bytes,70647441.0,ns,40464
256bit,sha2,4096,4096,bytes,71510608.0,ns,41026
256bit,sha2,4096,4096,bytes,74089819.0,ns,41588
256bit,sha2,4096,4096,bytes,73780239.0,ns,42150
256bit,sha2,4096,4096,bytes,74403156.0,ns,42712
256bit,sha2,4096,4096,bytes,75455535.0,ns,43274
256bit,sha2,4096,4096,bytes,76629524.0,ns,43836
256bit,sha2,4096,4096,bytes,78447824.0,ns,44398
256bit,sha2,4096,4096,bytes,79711706.0,ns,44960
256bit,sha2,4096,4096,bytes,79418616.0,ns,45522
256bit,sha2,4096,4096,bytes,80036625.0,ns,46084
256bit,sha2,4096,4096,bytes,81070156.0,ns,46646
256bit,sha2,4096,4096,bytes,84110849.0,ns,47208
256bit,sha2,4096,4096,bytes,83134706.0,ns,47770
256bit,sha2,4096,4096,bytes,84018943.0,ns,48332
256bit,sha2,4096,4096,bytes,85163116.0,ns,48894
256bit,sha2,4096,4096,bytes,86251182.0,ns,49456
256bit,sha2,4096,4096,bytes,86949625.0,ns,50018
256bit,sha2,4096,4096,bytes,87993546.0,ns,50580
256bit,sha2,4096,4096,bytes,88960862.0,ns,51142
256bit,sha2,4096,4096,bytes,89821744.0,ns,51704
256bit,sha2,4096,4096,bytes,90812515.0,ns,52266
256bit,sha2,4096,4096,bytes,91781774.0,ns,52828
256bit,sha2,4096,4096,bytes,93633206.0,ns,53390
256bit,sha2,4096,4096,bytes,94494921.0,ns,53952
256bit,sha2,4096,4096,bytes,94696545.0,ns,54514
256bit,sha2,4096,4096,bytes,96320043.0,ns,55076
256bit,sha2,4096,4096,bytes,97566571.0,ns,55638
256bit,sha2,4096,4096,bytes,98158230.0,ns,56200
256bit,sha2,256,256,bytes,915497.0,ns,6557
256bit,sha2,256,256,bytes,1809933.0,ns,13114
256bit,sha2,256,256,bytes,2722314.0,ns,19671
256bit,sha2,256,256,bytes,3629255.0,ns,26228
256bit,sha2,256,256,bytes,4524122.0,ns,32785
256bit,sha2,256,256,bytes,5472190.0,ns,39342
256bit,sha2,256,256,bytes,6335909.0,ns,45899
256bit,sha2,256,256,bytes,7253770.0,ns,52456
256bit,sha2,256,256,bytes,8153877.0,ns,59013
256bit,sha2,256,256,bytes,9068021.0,ns,65570
256bit,sha2,256,256,bytes,9997985.0,ns,72127
256bit,sha2,256,256,bytes,10943089.0,ns,78684
256bit,sha2,256,256,bytes,11786168.0,ns,85241
256bit,sha2,256,256,bytes,12700623.0,ns,91798
256bit,sha2,256,256,bytes,13598315.0,ns,98355
256bit,sha2,256,256,bytes,14524943.0,ns,104912
256bit,sha2,256,256,bytes,15445379.0,ns,111469
256bit,sha2,256,256,bytes,16075801.0,ns,118026
256bit,sha2,256,256,bytes,17032558.0,ns,124583
256bit,sha2,256,256,bytes,17947372.0,ns,131140
256bit,sha2,256,256,bytes,18834836.0,ns,137697
256bit,sha2,256,256,bytes,20364665.0,ns,144254
256bit,sha2,256,256,bytes,21826414.0,ns,150811
256bit,sha2,256,256,bytes,21849358.0,ns,157368
256bit,sha2,256,256,bytes,22456436.0,ns,163925
256bit,sha2,256,256,bytes,23510426.0,ns,170482
256bit,sha2,256,256,bytes,24255378.0,ns,177039
256bit,sha2,256,256,bytes,25298278.0,ns,183596
256bit,sha2,256,256,bytes,25987533.0,ns,190153
256bit,sha2,256,256,bytes,27010314.0,ns,196710
256bit,sha2,256,256,bytes,27724166.0,ns,203267
256bit,sha2,256,256,bytes,28641387.0,ns,209824
256bit,sha2,256,256,bytes,29519872.0,ns,216381
256bit,sha2,256,256,bytes,33533791.0,ns,222938
256bit,sha2,256,256,bytes,34551152.0,ns,229495
256bit,sha2,256,256,bytes,35451009.0,ns,236052
256bit,sha2,256,256,bytes,36529717.0,ns,242609
256bit,sha2,256,256,bytes,37440766.0,ns,249166
256bit,sha2,256,256,bytes,38451463.0,ns,255723
256bit,sha2,256,256,bytes,39454878.0,ns,262280
256bit,sha2,256,256,bytes,40392688.0,ns,268837
256bit,sha2,256,256,bytes,41372207.0,ns,275394
256bit,sha2,256,256,bytes,42675502.0,ns,281951
256bit,sha2,256,256,bytes,43686071.0,ns,288508
256bit,sha2,256,256,bytes,44457914.0,ns,295065
256bit,sha2,256,256,bytes,45364944.0,ns,301622
256bit,sha2,256,256,bytes,46418625.0,ns,308179
256bit,sha2,256,256,bytes,47393475.0,ns,314736
256bit,sha2,256,256,bytes,48365780.0,ns,321293
256bit,sha2,256,256,bytes,45294290.0,ns,327850
256bit,sha2,256,256,bytes,47152835.0,ns,334407
256bit,sha2,256,256,bytes,49480997.0,ns,340964
256bit,sha2,256,256,bytes,48446384.0,ns,347521
256bit,sha2,256,256,bytes,49546513.0,ns,354078
256bit,sha2,256,256,bytes,51039671.0,ns,360635
256bit,sha2,256,256,bytes,51486234.0,ns,367192
256bit,sha2,256,256,bytes,51860538.0,ns,373749
256bit,sha2,256,256,bytes,52617702.0,ns,380306
256bit,sha2,256,256,bytes,53431445.0,ns,386863
256bit,sha2,256,256,bytes,54372631.0,ns,393420
256bit,sha2,256,256,bytes,55367599.0,ns,399977
256bit,sha2,256,256,bytes,56471265.0,ns,406534
256bit,sha2,256,256,bytes,57744374.0,ns,413091
256bit,sha2,256,256,bytes,58745885.0,ns,419648
256bit,sha2,256,256,bytes,59806017.0,ns,426205
256bit,sha2,256,256,bytes,60293017.0,ns,432762
256bit,sha2,256,256,bytes,61089075.0,ns,439319
256bit,sha2,256,256,bytes,61981838.0,ns,445876
256bit,sha2,256,256,bytes,63075255.0,ns,452433
256bit,sha2,256,256,bytes,65707768.0,ns,458990
256bit,sha2,256,256,bytes,65014094.0,ns,465547
256bit,sha2,256,256,bytes,65898812.0,ns,472104
256bit,sha2,256,256,bytes,66537772.0,ns,478661
256bit,sha2,256,256,bytes,67595189.0,ns,485218
256bit,sha2,256,256,bytes,68387030.0,ns,491775
256bit,sha2,256,256,bytes,69374814.0,ns,498332
256bit,sha2,256,256,bytes,70273800.0,ns,504889
256bit,sha2,256,256,bytes,71097631.0,ns,511446
256bit,sha2,256,256,bytes,72027245.0,ns,518003
256bit,sha2,256,256,bytes,73284774.0,ns,524560
256bit,sha2,256,256,bytes,73848640.0,ns,531117
256bit,sha2,256,256,bytes,73620605.0,ns,537674
256bit,sha2,256,256,bytes,74453224.0,ns,544231
256bit,sha2,256,256,bytes,77216887.0,ns,550788
256bit,sha2,256,256,bytes,77183483.0,ns,557345
256bit,sha2,256,256,bytes,77367644.0,ns,563902
256bit,sha2,256,256,bytes,78067460.0,ns,570459
256bit,sha2,256,256,bytes,78990901.0,ns,577016
256bit,sha2,256,256,bytes,79887392.0,ns,583573
256bit,sha2,256,256,bytes,80853565.0,ns,590130
256bit,sha2,256,256,bytes,81673470.0,ns,596687
256bit,sha2,256,256,bytes,82671403.0,ns,603244
256bit,sha2,256,256,bytes,83860061.0,ns,609801
256bit,sha2,256,256,bytes,84438666.0,ns,616358
256bit,sha2,256,256,bytes,85268318.0,ns,622915
256bit,sha2,256,256,bytes,86653070.0,ns,629472
256bit,sha2,256,256,bytes,88920717.0,ns,636029
256bit,sha2,256,256,bytes,97290667.0,ns,642586
256bit,sha2,256,256,bytes,99017416.0,ns,649143
256bit,sha2,256,256,bytes,99052227.0,ns,655700
256bit,blake3,1024,1024,bytes,979960.0,ns,1242
256bit,blake3,1024,1024,bytes,2034242.0,ns,2484
256bit,blake3,1024,1024,bytes,3005725.0,ns,3726
256bit,blake3,1024,1024,bytes,4027665.0,ns,4968
256bit,blake3,1024,1024,bytes,5041970.0,ns,6210
256bit,blake3,1024,1024,bytes,6040145.0,ns,7452
256bit,blake3,1024,1024,bytes,7045162.0,ns,8694
256bit,blake3,1024,1024,bytes,8051922.0,ns,9936
256bit,blake3,1024,1024,bytes,9077700.0,ns,11178
256bit,blake3,1024,1024,bytes,10026169.0,ns,12420
256bit,blake3,1024,1024,bytes,11129144.0,ns,13662
256bit,blake3,1024,1024,bytes,12033530.0,ns,14904
256bit,blake3,1024,1024,bytes,13033427.0,ns,16146
256bit,blake3,1024,1024,bytes,14041160.0,ns,17388
256bit,blake3,1024,1024,bytes,15065433.0,ns,18630
256bit,blake3,1024,1024,bytes,16324396.0,ns,19872
256bit,blake3,1024,1024,bytes,17061141.0,ns,21114
256bit,blake3,1024,1024,bytes,17662158.0,ns,22356
256bit,blake3,1024,1024,bytes,18710489.0,ns,23598
256bit,blake3,1024,1024,bytes,19676592.0,ns,24840
256bit,blake3,1024,1024,bytes,20657704.0,ns,26082
256bit,blake3,1024,1024,bytes,21601955.0,ns,27324
256bit,blake3,1024,1024,bytes,22592385.0,ns,28566
256bit,blake3,1024,1024,bytes,23521408.0,ns,29808
256bit,blake3,1024,1024,bytes,24553146.0,ns,31050
256bit,blake3,1024,1024,bytes,26039512.0,ns,32292
256bit,blake3,1024,1024,bytes,27957451.0,ns,33534
256bit,blake3,1024,1024,bytes,27481043.0,ns,34776
256bit,blake3,1024,1024,bytes,28565692.0,ns,36018
256bit,blake3,1024,1024,bytes,29555671.0,ns,37260
256bit,blake3,1024,1024,bytes,30490674.0,ns,38502
256bit,blake3,1024,1024,bytes,31839418.0,ns,39744
256bit,blake3,1024,1024,bytes,32411038.0,ns,40986
256bit,blake3,1024,1024,bytes,33644842.0,ns,42228
256bit,blake3,1024,1024,bytes,34598743.0,ns,43470
256bit,blake3,1024,1024,bytes,35615532.0,ns,44712
256bit,blake3,1024,1024,bytes,36656589.0,ns,45954
256bit,blake3,1024,1024,bytes,37714076.0,ns,47196
256bit,blake3,1024,1024,bytes,38847619.0,ns,48438
256bit,blake3,1024,1024,bytes,39573885.0,ns,49680
256bit,blake3,1024,1024,bytes,40536702.0,ns,50922
256bit,blake3,1024,1024,bytes,41587346.0,ns,52164
256bit,blake3,1024,1024,bytes,42660694.0,ns,53406
256bit,blake3,1024,1024,bytes,43602180.0,ns,54648
256bit,blake3,1024,1024,bytes,44555319.0,ns,55890
256bit,blake3,1024,1024,bytes,45587808.0,ns,57132
256bit,blake3,1024,1024,bytes,46572298.0,ns,58374
256bit,blake3,1024,1024,bytes,47431997.0,ns,59616
256bit,blake3,1024,1024,bytes,48450551.0,ns,60858
256bit,blake3,1024,1024,bytes,49060545.0,ns,62100
256bit,blake3,1024,1024,bytes,49990379.0,ns,63342
256bit,blake3,1024,1024,bytes,52741968.0,ns,64584
256bit,blake3,1024,1024,bytes,52560462.0,ns,65826
256bit,blake3,1024,1024,bytes,53167932.0,ns,67068
256bit,blake3,1024,1024,bytes,54601006.0,ns,68310
256bit,blake3,1024,1024,bytes,55168288.0,ns,69552
256bit,blake3,1024,1024,bytes,55926685.0,ns,70794
256bit,blake3,1024,1024,bytes,56915372.0,ns,72036
256bit,blake3,1024,1024,bytes,57936530.0,ns,73278
256bit,blake3,1024,1024,bytes,59151628.0,ns,74520
256bit,blake3,1024,1024,bytes,59907711.0,ns,75762
256bit,blake3,1024,1024,bytes,61160131.0,ns,77004
256bit,blake3,1024,1024,bytes,64272278.0,ns,78246
256bit,blake3,1024,1024,bytes,62979501.0,ns,79488
256bit,blake3,1024,1024,bytes,64038232.0,ns,80730
256bit,blake3,1024,1024,bytes,65661929.0,ns,81972
256bit,blake3,1024,1024,bytes,66442509.0,ns,83214
256bit,blake3,1024,1024,bytes,67379597.0,ns,84456
256bit,blake3,1024,1024,bytes,70624859.0,ns,85698
256bit,blake3,1024,1024,bytes,69846854.0,ns,86940
256bit,blake3,1024,1024,bytes,71059507.0,ns,88182
256bit,blake3,1024,1024,bytes,71531538.0,ns,89424
256bit,blake3,1024,1024,bytes,72543840.0,ns,90666
256bit,blake3,1024,1024,bytes,73546793.0,ns,91908
256bit,blake3,1024,1024,bytes,74896458.0,ns,93150
256bit,blake3,1024,1024,bytes,75911936.0,ns,94392
256bit,blake3,1024,1024,bytes,76477054.0,ns,95634
256bit,blake3,1024,1024,bytes,77504675.0,ns,96876
256bit,blake3,1024,1024,bytes,78464406.0,ns,98118
256bit,blake3,1024,1024,bytes,79274391.0,ns,99360
256bit,blake3,1024,1024,bytes,80178216.0,ns,100602
256bit,blake3,1024,1024,bytes,80914520.0,ns,101844
256bit,blake3,1024,1024,bytes,83453886.0,ns,103086
256bit,blake3,1024,1024,bytes,82710567.0,ns,104328
256bit,blake3,1024,1024,bytes,83723705.0,ns,105570
256bit,blake3,1024,1024,bytes,84421091.0,ns,106812
256bit,blake3,1024,1024,bytes,85773582.0,ns,108054
256bit,blake3,1024,1024,bytes,86385620.0,ns,109296
256bit,blake3,1024,1024,bytes,88353172.0,ns,110538
256bit,blake3,1024,1024,bytes,88302366.0,ns,111780
256bit,blake3,1024,1024,bytes,89333714.0,ns,113022
256bit,blake3,1024,1024,bytes,90519637.0,ns,114264
256bit,blake3,1024,1024,bytes,91334741.0,ns,115506
256bit,blake3,1024,1024,bytes,95079106.0,ns,116748
256bit,blake3,1024,1024,bytes,94505001.0,ns,117990
256bit,blake3,1024,1024,bytes,94831804.0,ns,119232
256bit,blake3,1024,1024,bytes,95222620.0,ns,120474
256bit,blake3,1024,1024,bytes,96472925.0,ns,121716
256bit,blake3,1024,1024,bytes,97232184.0,ns,122958
256bit,blake3,1024,1024,bytes,98390524.0,ns,124200
64bit,fx,4096,4096,bytes,983437.0,ns,1925
64bit,fx,4096,4096,bytes,1975460.0,ns,3850
64bit,fx,4096,4096,bytes,2940861.0,ns,5775
64bit,fx,4096,4096,bytes,3924790.0,ns,7700
64bit,fx,4096,4096,bytes,4907534.0,ns,9625
64bit,fx,4096,4096,bytes,5880792.0,ns,11550
64bit,fx,4096,4096,bytes,6972585.0,ns,13475
64bit,fx,4096,4096,bytes,8171723.0,ns,15400
64bit,fx,4096,4096,bytes,9333179.0,ns,17325
64bit,fx,4096,4096,bytes,10608593.0,ns,19250
64bit,fx,4096,4096,bytes,11560729.0,ns,21175
64bit,fx,4096,4096,bytes,11789535.0,ns,23100
64bit,fx,4096,4096,bytes,12775708.0,ns,25025
64bit,fx,4096,4096,bytes,13731883.0,ns,26950
64bit,fx,4096,4096,bytes,14736890.0,ns,28875
64bit,fx,4096,4096,bytes,15745534.0,ns,30800
64bit,fx,4096,4096,bytes,16735563.0,ns,32725
64bit,fx,4096,4096,bytes,17677962.0,ns,34650
64bit,fx,4096,4096,bytes,18643965.0,ns,36575
64bit,fx,4096,4096,bytes,20162502.0,ns,38500
64bit,fx,4096,4096,bytes,21653848.0,ns,40425
64bit,fx,4096,4096,bytes,21609985.0,ns,42350
64bit,fx,4096,4096,bytes,22645951.0,ns,44275
64bit,fx,4096,4096,bytes,23577197.0,ns,46200
64bit,fx,4096,4096,bytes,24524045.0,ns,48125
64bit,fx,4096,4096,bytes,25525936.0,ns,50050
64bit,fx,4096,4096,bytes,26477382.0,ns,51975
64bit,fx,4096,4096,bytes,27472270.0,ns,53900
64bit,fx,4096,4096,bytes,28538876.0,ns,55825
64bit,fx,4096,4096,bytes,29740759.0,ns,57750
64bit,fx,4096,4096,bytes,30573308.0,ns,59675
64bit,fx,4096,4096,bytes,31380047.0,ns,61600
64bit,fx,4096,4096,bytes,32475647.0,ns,63525
64bit,fx,4096,4096,bytes,33452411.0,ns,65450
64bit,fx,4096,4096,bytes,34404428.0,ns,67375
64bit,fx,4096,4096,bytes,35322730.0,ns,69300
64bit,fx,4096,4096,bytes,36529943.0,ns,71225
64bit,fx,4096,4096,bytes,37512518.0,ns,73150
64bit,fx,4096,4096,bytes,38387017.0,ns,75075
64bit,fx,4096,4096,bytes,39303826.0,ns,77000
64bit,fx,4096,4096,bytes,40385360.0,ns,78925
64bit,fx,4096,4096,bytes,41335703.0,ns,80850
64bit,fx,4096,4096,bytes,42267942.0,ns,82775
64bit,fx,4096,4096,bytes,43186936.0,ns,84700
64bit,fx,4096,4096,bytes,44269491.0,ns,86625
64bit,fx,4096,4096,bytes,47789438.0,ns,88550
64bit,fx,4096,4096,bytes,46275178.0,ns,90475
64bit,fx,4096,4096,bytes,47137093.0,ns,92400
64bit,fx,4096,4096,bytes,48326324.0,ns,94325
64bit,fx,4096,4096,bytes,49384128.0,ns,96250
64bit,fx,4096,4096,bytes,50148559.0,ns,98175
64bit,fx,4096,4096,bytes,51519475.0,ns,100100
64bit,fx,4096,4096,bytes,52121934.0,ns,102025
64bit,fx,4096,4096,bytes,53306516.0,ns,103950
64bit,fx,4096,4096,bytes,54333585.0,ns,105875
64bit,fx,4096,4096,bytes,55081131.0,ns,107800
64bit,fx,4096,4096,bytes,56035813.0,ns,109725
64bit,fx,4096,4096,bytes,56954496.0,ns,111650
64bit,fx,4096,4096,bytes,58412047.0,ns,113575
64bit,fx,4096,4096,bytes,58986954.0,ns,115500
64bit,fx,4096,4096,bytes,59878595.0,ns,117425
64bit,fx,4096,4096,bytes,60817737.0,ns,119350
64bit,fx,4096,4096,bytes,61912366.0,ns,121275
64bit,fx,4096,4096,bytes,63806440.0,ns,123200
64bit,fx,4096,4096,bytes,65636361.0,ns,125125
64bit,fx,4096,4096,bytes,64824472.0,ns,127050
64bit,fx,4096,4096,bytes,65781388.0,ns,128975
64bit,fx,4096,4096,bytes,66806444.0,ns,130900
64bit,fx,4096,4096,bytes,67809027.0,ns,132825
64bit,fx,4096,4096,bytes,68778918.0,ns,134750
64bit,fx,4096,4096,bytes,69975502.0,ns,136675
64bit,fx,4096,4096,bytes,70733858.0,ns,138600
64bit,fx,4096,4096,bytes,71841913.0,ns,140525
64bit,fx,4096,4096,bytes,72690201.0,ns,142450
64bit,fx,4096,4096,bytes,73842490.0,ns,144375
64bit,fx,4096,4096,bytes,74567644.0,ns,146300
64bit,fx,4096,4096,bytes,75660399.0,ns,148225
64bit,fx,4096,4096,bytes,76602516.0,ns,150150
64bit,fx,4096,4096,bytes,79626848.0,ns,152075
64bit,fx,4096,4096,bytes,78522950.0,ns,154000
64bit,fx,4096,4096,bytes,79631706.0,ns,155925
64bit,fx,4096,4096,bytes,81086853.0,ns,157850
64bit,fx,4096,4096,bytes,82313934.0,ns,159775
64bit,fx,4096,4096,bytes,82926864.0,ns,161700
64bit,fx,4096,4096,bytes,83518112.0,ns,163625
64bit,fx,4096,4096,bytes,84711930.0,ns,165550
64bit,fx,4096,4096,bytes,85585918.0,ns,167475
64bit,fx,4096,4096,bytes,87458862.0,ns,169400
64bit,fx,4096,4096,bytes,88844936.0,ns,171325
64bit,fx,4096,4096,bytes,89818614.0,ns,173250
64bit,fx,4096,4096,bytes,93392333.0,ns,175175
64bit,fx,4096,4096,bytes,90724062.0,ns,177100
64bit,fx,4096,4096,bytes,91438295.0,ns,179025
64bit,fx,4096,4096,bytes,92316831.0,ns,180950
64bit,fx,4096,4096,bytes,93566966.0,ns,182875
64bit,fx,4096,4096,bytes,94279186.0,ns,184800
64bit,fx,4096,4096,bytes,95235771.0,ns,186725
64bit,fx,4096,4096,bytes,96544447.0,ns,188650
64bit,fx,4096,4096,bytes,97310920.0,ns,190575
64bit,fx,4096,4096,bytes,98542575.0,ns,192500
64bit,fx,256,256,bytes,969109.0,ns,56882
64bit,fx,256,256,bytes,1948398.0,ns,113764
64bit,fx,256,256,bytes,2934690.0,ns,170646
64bit,fx,256,256,bytes,3887668.0,ns,227528
64bit,fx,256,256,bytes,4852420.0,ns,284410
64bit,fx,256,256,bytes,5931158.0,ns,341292
64bit,fx,256,256,bytes,6980621.0,ns,398174
64bit,fx,256,256,bytes,7787740.0,ns,455056
64bit,fx,256,256,bytes,8758363.0,ns,511938
64bit,fx,256,256,bytes,9739415.0,ns,568820
64bit,fx,256,256,bytes,10698925.0,ns,625702
64bit,fx,256,256,bytes,11679227.0,ns,682584
64bit,fx,256,256,bytes,12678223.0,ns,739466
64bit,fx,256,256,bytes,13747944.0,ns,796348
64bit,fx,256,256,bytes,14783269.0,ns,853230
64bit,fx,256,256,bytes,15596372.0,ns,910112
64bit,fx,256,256,bytes,16631226.0,ns,966994
64bit,fx,256,256,bytes,17524490.0,ns,1023876
64bit,fx,256,256,bytes,18551981.0,ns,1080758
64bit,fx,256,256,bytes,19559214.0,ns,1137640
64bit,fx,256,256,bytes,20457898.0,ns,1194522
64bit,fx,256,256,bytes,21457826.0,ns,1251404
64bit,fx,256,256,bytes,22441945.0,ns,1308286
64bit,fx,256,256,bytes,23342412.0,ns,1365168
64bit,fx,256,256,bytes,24469703.0,ns,1422050
64bit,fx,256,256,bytes,25331749.0,ns,1478932
64bit,fx,256,256,bytes,27363476.0,ns,1535814
64bit,fx,256,256,bytes,28752045.0,ns,1592696
64bit,fx,256,256,bytes,28334919.0,ns,1649578
64bit,fx,256,256,bytes,29264153.0,ns,1706460
64bit,fx,256,256,bytes,30203746.0,ns,1763342
64bit,fx,256,256,bytes,31209264.0,ns,1820224
64bit,fx,256,256,bytes,32595219.0,ns,1877106
64bit,fx,256,256,bytes,33485507.0,ns,1933988
64bit,fx,256,256,bytes,34466219.0,ns,1990870
64bit,fx,256,256,bytes,35476046.0,ns,2047752
64bit,fx,256,256,bytes,36554795.0,ns,2104634
64bit,fx,256,256,bytes,37732903.0,ns,2161516
64bit,fx,256,256,bytes,38501970.0,ns,2218398
64bit,fx,256,256,bytes,39462343.0,ns,2275280
64bit,fx,256,256,bytes,40538677.0,ns,2332162
64bit,fx,256,256,bytes,41413616.0,ns,2389044
64bit,fx,256,256,bytes,42241547.0,ns,2445926
64bit,fx,256,256,bytes,43096928.0,ns,2502808
64bit,fx,256,256,bytes,43942613.0,ns,2559690
64bit,fx,256,256,bytes,45018054.0,ns,2616572
64bit,fx,256,256,bytes,45888055.0,ns,2673454
64bit,fx,256,256,bytes,47210068.0,ns,2730336
64bit,fx,256,256,bytes,47749557.0,ns,2787218
64bit,fx,256,256,bytes,48803207.0,ns,2844100
64bit,fx,256,256,bytes,50262863.0,ns,2900982
64bit,fx,256,256,bytes,51043713.0,ns,2957864
64bit,fx,256,256,bytes,54435716.0,ns,3014746
64bit,fx,256,256,bytes,52995066.0,ns,3071628
64bit,fx,256,256,bytes,53712796.0,ns,3128510
64bit,fx,256,256,bytes,54913657.0,ns,3185392
64bit,fx,256,256,bytes,55591832.0,ns,3242274
64bit,fx,256,256,bytes,57798582.0,ns,3299156
64bit,fx,256,256,bytes,57621024.0,ns,3356038
64bit,fx,256,256,bytes,58485083.0,ns,3412920
64bit,fx,256,256,bytes,59537270.0,ns,3469802
64bit,fx,256,256,bytes,60453449.0,ns,3526684
64bit,fx,256,256,bytes,61527819.0,ns,3583566
64bit,fx,256,256,bytes,62606287.0,ns,3640448
64bit,fx,256,256,bytes,63374593.0,ns,3697330
64bit,fx,256,256,bytes,64284639.0,ns,3754212
64bit,fx,256,256,bytes,65423282.0,ns,3811094
64bit,fx,256,256,bytes,66339391.0,ns,3867976
64bit,fx,256,256,bytes,68867945.0,ns,3924858
64bit,fx,256,256,bytes,68633217.0,ns,3981740
64bit,fx,256,256,bytes,69352309.0,ns,4038622
64bit,fx,256,256,bytes,70528494.0,ns,4095504
64bit,fx,256,256,bytes,71126455.0,ns,4152386
64bit,fx,256,256,bytes,72715326.0,ns,4209268
64bit,fx,256,256,bytes,73351080.0,ns,4266150
64bit,fx,256,256,bytes,74423096.0,ns,4323032
64bit,fx,256,256,bytes,75494851.0,ns,4379914
64bit,fx,256,256,bytes,76659253.0,ns,4436796
64bit,fx,256,256,bytes,77897536.0,ns,4493678
64bit,fx,256,256,bytes,78289764.0,ns,4550560
64bit,fx,256,256,bytes,79128314.0,ns,4607442
64bit,fx,256,256,bytes,80072356.0,ns,4664324
64bit,fx,256,256,bytes,82872369.0,ns,4721206
64bit,fx,256,256,bytes,82515879.0,ns,4778088
64bit,fx,256,256,bytes,83592032.0,ns,4834970
64bit,fx,256,256,bytes,84316294.0,ns,4891852
64bit,fx,256,256,bytes,85266757.0,ns,4948734
64bit,fx,256,256,bytes,86010627.0,ns,5005616
64bit,fx,256,256,bytes,87050932.0,ns,5062498
64bit,fx,256,256,bytes,88411728.0,ns,5119380
64bit,fx,256,256,bytes,89001204.0,ns,5176262
64bit,fx,256,256,bytes,89885912.0,ns,5233144
64bit,fx,256,256,bytes,93870736.0,ns,5290026
64bit,fx,256,256,bytes,93646568.0,ns,5346908
64bit,fx,256,256,bytes,92734808.0,ns,5403790
64bit,fx,256,256,bytes,93565603.0,ns,5460672
64bit,fx,256,256,bytes,96176686.0,ns,5517554
64bit,fx,256,256,bytes,98486143.0,ns,5574436
64bit,fx,256,256,bytes,96918502.0,ns,5631318
64bit,fx,256,256,bytes,98550165.0,ns,5688200
256bit,blake3,1,1,bytes,982746.0,ns,16028
256bit,blake3,1,1,bytes,2474752.0,ns,32056
256bit,blake3,1,1,bytes,3740036.0,ns,48084
256bit,blake3,1,1,bytes,4918645.0,ns,64112
256bit,blake3,1,1,bytes,6179821.0,ns,80140
256bit,blake3,1,1,bytes,7401493.0,ns,96168
256bit,blake3,1,1,bytes,8624817.0,ns,112196
256bit,blake3,1,1,bytes,9843531.0,ns,128224
256bit,blake3,1,1,bytes,11089418.0,ns,144252
256bit,blake3,1,1,bytes,12275592.0,ns,160280
256bit,blake3,1,1,bytes,13556577.0,ns,176308
256bit,blake3,1,1,bytes,14995902.0,ns,192336
256bit,blake3,1,1,bytes,15980090.0,ns,208364
256bit,blake3,1,1,bytes,17395115.0,ns,224392
256bit,blake3,1,1,bytes,18446075.0,ns,240420
256bit,blake3,1,1,bytes,19705659.0,ns,256448
256bit,blake3,1,1,bytes,20957026.0,ns,272476
256bit,blake3,1,1,bytes,17654986.0,ns,288504
256bit,blake3,1,1,bytes,18680152.0,ns,304532
256bit,blake3,1,1,bytes,19695599.0,ns,320560
256bit,blake3,1,1,bytes,20666903.0,ns,336588
256bit,blake3,1,1,bytes,21612056.0,ns,352616
256bit,blake3,1,1,bytes,22628746.0,ns,368644
256bit,blake3,1,1,bytes,23833204.0,ns,384672
256bit,blake3,1,1,bytes,24582985.0,ns,400700
256bit,blake3,1,1,bytes,25600947.0,ns,416728
256bit,blake3,1,1,bytes,26583071.0,ns,432756
256bit,blake3,1,1,bytes,28751889.0,ns,448784
256bit,blake3,1,1,bytes,29648921.0,ns,464812
256bit,blake3,1,1,bytes,29659941.0,ns,480840
256bit,blake3,1,1,bytes,30540993.0,ns,496868
256bit,blake3,1,1,bytes,31531212.0,ns,512896
256bit,blake3,1,1,bytes,32466317.0,ns,528924
256bit,blake3,1,1,bytes,36153912.0,ns,544952
256bit,blake3,1,1,bytes,37280361.0,ns,560980
256bit,blake3,1,1,bytes,38299576.0,ns,577008
256bit,blake3,1,1,bytes,39260159.0,ns,593036
256bit,blake3,1,1,bytes,40342434.0,ns,609064
256bit,blake3,1,1,bytes,41477490.0,ns,625092
256bit,blake3,1,1,bytes,42495272.0,ns,641120
256bit,blake3,1,1,bytes,43532961.0,ns,657148
256bit,blake3,1,1,bytes,44649252.0,ns,673176
256bit,blake3,1,1,bytes,45681842.0,ns,689204
256bit,blake3,1,1,bytes,46752414.0,ns,705232
256bit,blake3,1,1,bytes,47780516.0,ns,721260
256bit,blake3,1,1,bytes,49050158.0,ns,737288
256bit,blake3,1,1,bytes,50153674.0,ns,753316
256bit,blake3,1,1,bytes,50987915.0,ns,769344
256bit,blake3,1,1,bytes,52035234.0,ns,785372
256bit,blake3,1,1,bytes,49251612.0,ns,801400
256bit,blake3,1,1,bytes,50245289.0,ns,817428
256bit,blake3,1,1,bytes,53550605.0,ns,833456
256bit,blake3,1,1,bytes,52751881.0,ns,849484
256bit,blake3,1,1,bytes,53437600.0,ns,865512
256bit,blake3,1,1,bytes,53994241.0,ns,881540
256bit,blake3,1,1,bytes,55027023.0,ns,897568
256bit,blake3,1,1,bytes,56256468.0,ns,913596
256bit,blake3,1,1,bytes,56935945.0,ns,929624
256bit,blake3,1,1,bytes,57897389.0,ns,945652
256bit,blake3,1,1,bytes,58826552.0,ns,961680
256bit,blake3,1,1,bytes,59819697.0,ns,977708
256bit,blake3,1,1,bytes,60854812.0,ns,993736
256bit,blake3,1,1,bytes,61791820.0,ns,1009764
256bit,blake3,1,1,bytes,62851762.0,ns,1025792
256bit,blake3,1,1,bytes,63795673.0,ns,1041820
256bit,blake3,1,1,bytes,71129166.0,ns,1057848
256bit,blake3,1,1,bytes,72374050.0,ns,1073876
256bit,blake3,1,1,bytes,73159289.0,ns,1089904
256bit,blake3,1,1,bytes,76292638.0,ns,1105932
256bit,blake3,1,1,bytes,75403210.0,ns,1121960
256bit,blake3,1,1,bytes,76359285.0,ns,1137988
256bit,blake3,1,1,bytes,77583290.0,ns,1154016
256bit,blake3,1,1,bytes,78677258.0,ns,1170044
256bit,blake3,1,1,bytes,79625205.0,ns,1186072
256bit,blake3,1,1,bytes,82267317.0,ns,1202100
256bit,blake3,1,1,bytes,81881662.0,ns,1218128
256bit,blake3,1,1,bytes,83126245.0,ns,1234156
256bit,blake3,1,1,bytes,83935450.0,ns,1250184
256bit,blake3,1,1,bytes,85080836.0,ns,1266212
256bit,blake3,1,1,bytes,86394873.0,ns,1282240
256bit,blake3,1,1,bytes,90756815.0,ns,1298268
256bit,blake3,1,1,bytes,81132282.0,ns,1314296
256bit,blake3,1,1,bytes,84313882.0,ns,1330324
256bit,blake3,1,1,bytes,83044149.0,ns,1346352
256bit,blake3,1,1,bytes,88320296.0,ns,1362380
256bit,blake3,1,1,bytes,87168097.0,ns,1378408
256bit,blake3,1,1,bytes,85950295.0,ns,1394436
256bit,blake3,1,1,bytes,86773475.0,ns,1410464
256bit,blake3,1,1,bytes,88039210.0,ns,1426492
256bit,blake3,1,1,bytes,88627963.0,ns,1442520
256bit,blake3,1,1,bytes,89544753.0,ns,1458548
256bit,blake3,1,1,bytes,91429038.0,ns,1474576
256bit,blake3,1,1,bytes,96733739.0,ns,1490604
256bit,blake3,1,1,bytes,98371464.0,ns,1506632
256bit,blake3,1,1,bytes,99458107.0,ns,1522660
256bit,blake3,1,1,bytes,100444209.0,ns,1538688
256bit,blake3,1,1,bytes,95664348.0,ns,1554716
256bit,blake3,1,1,bytes,96573474.0,ns,1570744
256bit,blake3,1,1,bytes,97489952.0,ns,1586772
256bit,blake3,1,1,bytes,98725930.0,ns,1602800
256bit,blake3,256,256,bytes,977746.0,ns,4707
256bit,blake3,256,256,bytes,2134803.0,ns,9414
256bit,blake3,256,256,bytes,3212349.0,ns,14121
256bit,blake3,256,256,bytes,4278543.0,ns,18828
256bit,blake3,256,256,bytes,5373933.0,ns,23535
256bit,blake3,256,256,bytes,6420059.0,ns,28242
256bit,blake3,256,256,bytes,7498907.0,ns,32949
256bit,blake3,256,256,bytes,8541386.0,ns,37656
256bit,blake3,256,256,bytes,9631236.0,ns,42363
256bit,blake3,256,256,bytes,10693183.0,ns,47070
256bit,blake3,256,256,bytes,11789644.0,ns,51777
256bit,blake3,256,256,bytes,12894923.0,ns,56484
256bit,blake3,256,256,bytes,13934116.0,ns,61191
256bit,blake3,256,256,bytes,15005480.0,ns,65898
256bit,blake3,256,256,bytes,16042348.0,ns,70605
256bit,blake3,256,256,bytes,17131536.0,ns,75312
256bit,blake3,256,256,bytes,18221977.0,ns,80019
256bit,blake3,256,256,bytes,17611642.0,ns,84726
256bit,blake3,256,256,bytes,18591693.0,ns,89433
256bit,blake3,256,256,bytes,19605807.0,ns,94140
256bit,blake3,256,256,bytes,20598381.0,ns,98847
256bit,blake3,256,256,bytes,21547060.0,ns,103554
256bit,blake3,256,256,bytes,22611331.0,ns,108261
256bit,blake3,256,256,bytes,23488345.0,ns,112968
256bit,blake3,256,256,bytes,24511998.0,ns,117675
256bit,blake3,256,256,bytes,25481868.0,ns,122382
256bit,blake3,256,256,bytes,26417273.0,ns,127089
256bit,blake3,256,256,bytes,27428553.0,ns,131796
256bit,blake3,256,256,bytes,28407259.0,ns,136503
256bit,blake3,256,256,bytes,29418870.0,ns,141210
256bit,blake3,256,256,bytes,30943308.0,ns,145917
256bit,blake3,256,256,bytes,31674765.0,ns,150624
256bit,blake3,256,256,bytes,32601391.0,ns,155331
256bit,blake3,256,256,bytes,34657325.0,ns,160038
256bit,blake3,256,256,bytes,35689634.0,ns,164745
256bit,blake3,256,256,bytes,36540388.0,ns,169452
256bit,blake3,256,256,bytes,37437439.0,ns,174159
256bit,blake3,256,256,bytes,39608622.0,ns,178866
256bit,blake3,256,256,bytes,40030085.0,ns,183573
256bit,blake3,256,256,bytes,40585986.0,ns,188280
256bit,blake3,256,256,bytes,41774184.0,ns,192987
256bit,blake3,256,256,bytes,42498661.0,ns,197694
256bit,blake3,256,256,bytes,43572214.0,ns,202401
256bit,blake3,256,256,bytes,44455049.0,ns,207108
256bit,blake3,256,256,bytes,45450899.0,ns,211815
256bit,blake3,256,256,bytes,46523074.0,ns,216522
256bit,blake3,256,256,bytes,47508434.0,ns,221229
256bit,blake3,256,256,bytes,48894108.0,ns,225936
256bit,blake3,256,256,bytes,49518510.0,ns,230643
256bit,blake3,256,256,bytes,48945706.0,ns,235350
256bit,blake3,256,256,bytes,49918433.0,ns,240057
256bit,blake3,256,256,bytes,50908892.0,ns,244764
256bit,blake3,256,256,bytes,51893781.0,ns,249471
256bit,blake3,256,256,bytes,52823806.0,ns,254178
256bit,blake3,256,256,bytes,54256519.0,ns,258885
256bit,blake3,256,256,bytes,55422273.0,ns,263592
256bit,blake3,256,256,bytes,56278447.0,ns,268299
256bit,blake3,256,256,bytes,57189195.0,ns,273006
256bit,blake3,256,256,bytes,59790488.0,ns,277713
256bit,blake3,256,256,bytes,59049614.0,ns,282420
256bit,blake3,256,256,bytes,59987985.0,ns,287127
256bit,blake3,256,256,bytes,60753345.0,ns,291834
256bit,blake3,256,256,bytes,61647100.0,ns,296541
256bit,blake3,256,256,bytes,62650845.0,ns,301248
256bit,blake3,256,256,bytes,63741646.0,ns,305955
256bit,blake3,256,256,bytes,66847322.0,ns,310662
256bit,blake3,256,256,bytes,67832241.0,ns,315369
256bit,blake3,256,256,bytes,68839713.0,ns,320076
256bit,blake3,256,256,bytes,69872353.0,ns,324783
256bit,blake3,256,256,bytes,70885397.0,ns,329490
256bit,blake3,256,256,bytes,72178654.0,ns,334197
256bit,blake3,256,256,bytes,72929957.0,ns,338904
256bit,blake3,256,256,bytes,75253891.0,ns,343611
256bit,blake3,256,256,bytes,76734046.0,ns,348318
256bit,blake3,256,256,bytes,76176632.0,ns,353025
256bit,blake3,256,256,bytes,77382934.0,ns,357732
256bit,blake3,256,256,bytes,78069603.0,ns,362439
256bit,blake3,256,256,bytes,79040957.0,ns,367146
256bit,blake3,256,256,bytes,80036707.0,ns,371853
256bit,blake3,256,256,bytes,81066532.0,ns,376560
256bit,blake3,256,256,bytes,81990243.0,ns,381267
256bit,blake3,256,256,bytes,80267888.0,ns,385974
256bit,blake3,256,256,bytes,81340404.0,ns,390681
256bit,blake3,256,256,bytes,82552556.0,ns,395388
256bit,blake3,256,256,bytes,83883847.0,ns,400095
256bit,blake3,256,256,bytes,84956162.0,ns,404802
256bit,blake3,256,256,bytes,88077478.0,ns,409509
256bit,blake3,256,256,bytes,86681024.0,ns,414216
256bit,blake3,256,256,bytes,87320534.0,ns,418923
256bit,blake3,256,256,bytes,88184432.0,ns,423630
256bit,blake3,256,256,bytes,89496115.0,ns,428337
256bit,blake3,256,256,bytes,90590443.0,ns,433044
256bit,blake3,256,256,bytes,91367345.0,ns,437751
256bit,blake3,256,256,bytes,92087308.0,ns,442458
256bit,blake3,256,256,bytes,93310422.0,ns,447165
256bit,blake3,256,256,bytes,94083537.0,ns,451872
256bit,blake3,256,256,bytes,94952466.0,ns,456579
256bit,blake3,256,256,bytes,98623630.0,ns,461286
256bit,blake3,256,256,bytes,97931729.0,ns,465993
256bit,blake3,256,256,bytes,98573775.0,ns,470700
256bit,blake3,65536,65536,bytes,958479.0,ns,91
256bit,blake3,65536,65536,bytes,1909724.0,ns,182
256bit,blake3,65536,65536,bytes,2959766.0,ns,273
256bit,blake3,65536,65536,bytes,3864904.0,ns,364
256bit,blake3,65536,65536,bytes,4800439.0,ns,455
256bit,blake3,65536,65536,bytes,5989948.0,ns,546
256bit,blake3,65536,65536,bytes,6778894.0,ns,637
256bit,blake3,65536,65536,bytes,7838255.0,ns,728
256bit,blake3,65536,65536,bytes,8753491.0,ns,819
256bit,blake3,65536,65536,bytes,10217303.0,ns,910
256bit,blake3,65536,65536,bytes,10890128.0,ns,1001
256bit,blake3,65536,65536,bytes,11934731.0,ns,1092
256bit,blake3,65536,65536,bytes,12700071.0,ns,1183
256bit,blake3,65536,65536,bytes,14076607.0,ns,1274
256bit,blake3,65536,65536,bytes,14631015.0,ns,1365
256bit,blake3,65536,65536,bytes,16024794.0,ns,1456
256bit,blake3,65536,65536,bytes,16835420.0,ns,1547
256bit,blake3,65536,65536,bytes,17561155.0,ns,1638
256bit,blake3,65536,65536,bytes,19019959.0,ns,1729
256bit,blake3,65536,65536,bytes,19453064.0,ns,1820
256bit,blake3,65536,65536,bytes,20404831.0,ns,1911
256bit,blake3,65536,65536,bytes,21729097.0,ns,2002
256bit,blake3,65536,65536,bytes,22625898.0,ns,2093
256bit,blake3,65536,65536,bytes,23794418.0,ns,2184
256bit,blake3,65536,65536,bytes,24492529.0,ns,2275
256bit,blake3,65536,65536,bytes,25815153.0,ns,2366
256bit,blake3,65536,65536,bytes,26477367.0,ns,2457
256bit,blake3,65536,65536,bytes,27438270.0,ns,2548
256bit,blake3,65536,65536,bytes,29387889.0,ns,2639
256bit,blake3,65536,65536,bytes,30833958.0,ns,2730
256bit,blake3,65536,65536,bytes,30643565.0,ns,2821
256bit,blake3,65536,65536,bytes,31554323.0,ns,2912
256bit,blake3,65536,65536,bytes,32984852.0,ns,3003
256bit,blake3,65536,65536,bytes,33612080.0,ns,3094
256bit,blake3,65536,65536,bytes,35033522.0,ns,3185
256bit,blake3,65536,65536,bytes,35759407.0,ns,3276
256bit,blake3,65536,65536,bytes,36594490.0,ns,3367
256bit,blake3,65536,65536,bytes,38235510.0,ns,3458
256bit,blake3,65536,65536,bytes,38408219.0,ns,3549
256bit,blake3,65536,65536,bytes,39219528.0,ns,3640
256bit,blake3,65536,65536,bytes,41002269.0,ns,3731
256bit,blake3,65536,65536,bytes,42147995.0,ns,3822
256bit,blake3,65536,65536,bytes,42208401.0,ns,3913
256bit,blake3,65536,65536,bytes,43228556.0,ns,4004
256bit,blake3,65536,65536,bytes,44413187.0,ns,4095
256bit,blake3,65536,65536,bytes,45395631.0,ns,4186
256bit,blake3,65536,65536,bytes,46680222.0,ns,4277
256bit,blake3,65536,65536,bytes,48203840.0,ns,4368
256bit,blake3,65536,65536,bytes,48264866.0,ns,4459
256bit,blake3,65536,65536,bytes,49748126.0,ns,4550
256bit,blake3,65536,65536,bytes,51056381.0,ns,4641
256bit,blake3,65536,65536,bytes,51253808.0,ns,4732
256bit,blake3,65536,65536,bytes,51946871.0,ns,4823
256bit,blake3,65536,65536,bytes,55282355.0,ns,4914
256bit,blake3,65536,65536,bytes,54805334.0,ns,5005
256bit,blake3,65536,65536,bytes,55314606.0,ns,5096
256bit,blake3,65536,65536,bytes,56615037.0,ns,5187
256bit,blake3,65536,65536,bytes,59866280.0,ns,5278
256bit,blake3,65536,65536,bytes,60404467.0,ns,5369
256bit,blake3,65536,65536,bytes,59548804.0,ns,5460
256bit,blake3,65536,65536,bytes,59979847.0,ns,5551
256bit,blake3,65536,65536,bytes,62273112.0,ns,5642
256bit,blake3,65536,65536,bytes,63388570.0,ns,5733
256bit,blake3,65536,65536,bytes,62738000.0,ns,5824
256bit,blake3,65536,65536,bytes,64573551.0,ns,5915
256bit,blake3,65536,65536,bytes,65108231.0,ns,6006
256bit,blake3,65536,65536,bytes,66352154.0,ns,6097
256bit,blake3,65536,65536,bytes,67863068.0,ns,6188
256bit,blake3,65536,65536,bytes,67810306.0,ns,6279
256bit,blake3,65536,65536,bytes,71000995.0,ns,6370
256bit,blake3,65536,65536,bytes,69579352.0,ns,6461
256bit,blake3,65536,65536,bytes,71684198.0,ns,6552
256bit,blake3,65536,65536,bytes,71571964.0,ns,6643
256bit,blake3,65536,65536,bytes,72896020.0,ns,6734
256bit,blake3,65536,65536,bytes,74109856.0,ns,6825
256bit,blake3,65536,65536,bytes,74924229.0,ns,6916
256bit,blake3,65536,65536,bytes,75620849.0,ns,7007
256bit,blake3,65536,65536,bytes,77008346.0,ns,7098
256bit,blake3,65536,65536,bytes,78110369.0,ns,7189
256bit,blake3,65536,65536,bytes,79223232.0,ns,7280
256bit,blake3,65536,65536,bytes,79841491.0,ns,7371
256bit,blake3,65536,65536,bytes,81816179.0,ns,7462
256bit,blake3,65536,65536,bytes,83565506.0,ns,7553
256bit,blake3,65536,65536,bytes,83389921.0,ns,7644
256bit,blake3,65536,65536,bytes,84290921.0,ns,7735
256bit,blake3,65536,65536,bytes,84997318.0,ns,7826
256bit,blake3,65536,65536,bytes,85903737.0,ns,7917
256bit,blake3,65536,65536,bytes,87373382.0,ns,8008
256bit,blake3,65536,65536,bytes,87182076.0,ns,8099
256bit,blake3,65536,65536,bytes,89841015.0,ns,8190
256bit,blake3,65536,65536,bytes,89663341.0,ns,8281
256bit,blake3,65536,65536,bytes,90998668.0,ns,8372
256bit,blake3,65536,65536,bytes,91952078.0,ns,8463
256bit,blake3,65536,65536,bytes,93961842.0,ns,8554
256bit,blake3,65536,65536,bytes,96186056.0,ns,8645
256bit,blake3,65536,65536,bytes,94853843.0,ns,8736
256bit,blake3,65536,65536,bytes,96825274.0,ns,8827
256bit,blake3,65536,65536,bytes,97138714.0,ns,8918
256bit,blake3,65536,65536,bytes,98923458.0,ns,9009
256bit,blake3,65536,65536,bytes,100581742.0,ns,9100
256bit,blake3,4096,4096,bytes,985119.0,ns,974
256bit,blake3,4096,4096,bytes,2011147.0,ns,1948
256bit,blake3,4096,4096,bytes,3024851.0,ns,2922
256bit,blake3,4096,4096,bytes,4067200.0,ns,3896
256bit,blake3,4096,4096,bytes,5052169.0,ns,4870
256bit,blake3,4096,4096,bytes,6034363.0,ns,5844
256bit,blake3,4096,4096,bytes,7081151.0,ns,6818
256bit,blake3,4096,4096,bytes,8060058.0,ns,7792
256bit,blake3,4096,4096,bytes,9069945.0,ns,8766
256bit,blake3,4096,4096,bytes,10059924.0,ns,9740
256bit,blake3,4096,4096,bytes,11069310.0,ns,10714
256bit,blake3,4096,4096,bytes,12113301.0,ns,11688
256bit,blake3,4096,4096,bytes,13101267.0,ns,12662
256bit,blake3,4096,4096,bytes,14142203.0,ns,13636
256bit,blake3,4096,4096,bytes,15116351.0,ns,14610
256bit,blake3,4096,4096,bytes,16120277.0,ns,15584
256bit,blake3,4096,4096,bytes,17103753.0,ns,16558
256bit,blake3,4096,4096,bytes,17787467.0,ns,17532
256bit,blake3,4096,4096,bytes,18762167.0,ns,18506
256bit,blake3,4096,4096,bytes,19811719.0,ns,19480
256bit,blake3,4096,4096,bytes,20700425.0,ns,20454
256bit,blake3,4096,4096,bytes,21725431.0,ns,21428
256bit,blake3,4096,4096,bytes,22955838.0,ns,22402
256bit,blake3,4096,4096,bytes,23668688.0,ns,23376
256bit,blake3,4096,4096,bytes,24694205.0,ns,24350
256bit,blake3,4096,4096,bytes,25619029.0,ns,25324
256bit,blake3,4096,4096,bytes,26571967.0,ns,26298
256bit,blake3,4096,4096,bytes,27596022.0,ns,27272
256bit,blake3,4096,4096,bytes,28814146.0,ns,28246
256bit,blake3,4096,4096,bytes,29725855.0,ns,29220
256bit,blake3,4096,4096,bytes,30591146.0,ns,30194
256bit,blake3,4096,4096,bytes,31633615.0,ns,31168
256bit,blake3,4096,4096,bytes,32589749.0,ns,32142
256bit,blake3,4096,4096,bytes,33882395.0,ns,33116
256bit,blake3,4096,4096,bytes,34923031.0,ns,34090
256bit,blake3,4096,4096,bytes,35900907.0,ns,35064
256bit,blake3,4096,4096,bytes,36851129.0,ns,36038
256bit,blake3,4096,4096,bytes,37901068.0,ns,37012
256bit,blake3,4096,4096,bytes,38584597.0,ns,37986
256bit,blake3,4096,4096,bytes,39668896.0,ns,38960
256bit,blake3,4096,4096,bytes,40619350.0,ns,39934
256bit,blake3,4096,4096,bytes,43117525.0,ns,40908
256bit,blake3,4096,4096,bytes,42814488.0,ns,41882
256bit,blake3,4096,4096,bytes,43706539.0,ns,42856
256bit,blake3,4096,4096,bytes,44621725.0,ns,43830
256bit,blake3,4096,4096,bytes,45719921.0,ns,44804
256bit,blake3,4096,4096,bytes,46799711.0,ns,45778
256bit,blake3,4096,4096,bytes,47708175.0,ns,46752
256bit,blake3,4096,4096,bytes,48643087.0,ns,47726
256bit,blake3,4096,4096,bytes,49283069.0,ns,48700
256bit,blake3,4096,4096,bytes,50495442.0,ns,49674
256bit,blake3,4096,4096,bytes,51192552.0,ns,50648
256bit,blake3,4096,4096,bytes,52103090.0,ns,51622
256bit,blake3,4096,4096,bytes,53256911.0,ns,52596
256bit,blake3,4096,4096,bytes,54275124.0,ns,53570
256bit,blake3,4096,4096,bytes,55227911.0,ns,54544
256bit,blake3,4096,4096,bytes,56246054.0,ns,55518
256bit,blake3,4096,4096,bytes,57204983.0,ns,56492
256bit,blake3,4096,4096,bytes,58001243.0,ns,57466
256bit,blake3,4096,4096,bytes,59079099.0,ns,58440
256bit,blake3,4096,4096,bytes,60495282.0,ns,59414
256bit,blake3,4096,4096,bytes,62635555.0,ns,60388
256bit,blake3,4096,4096,bytes,62124710.0,ns,61362
256bit,blake3,4096,4096,bytes,62963721.0,ns,62336
256bit,blake3,4096,4096,bytes,64110288.0,ns,63310
256bit,blake3,4096,4096,bytes,65381735.0,ns,64284
256bit,blake3,4096,4096,bytes,66394727.0,ns,65258
256bit,blake3,4096,4096,bytes,67463667.0,ns,66232
256bit,blake3,4096,4096,bytes,68237363.0,ns,67206
256bit,blake3,4096,4096,bytes,69313205.0,ns,68180
256bit,blake3,4096,4096,bytes,70401521.0,ns,69154
256bit,blake3,4096,4096,bytes,71335233.0,ns,70128
256bit,blake3,4096,4096,bytes,73405453.0,ns,71102
256bit,blake3,4096,4096,bytes,73410573.0,ns,72076
256bit,blake3,4096,4096,bytes,74330529.0,ns,73050
256bit,blake3,4096,4096,bytes,77507459.0,ns,74024
256bit,blake3,4096,4096,bytes,76262894.0,ns,74998
256bit,blake3,4096,4096,bytes,78621355.0,ns,75972
256bit,blake3,4096,4096,bytes,78394151.0,ns,76946
256bit,blake3,4096,4096,bytes,79356988.0,ns,77920
256bit,blake3,4096,4096,bytes,80228751.0,ns,78894
256bit,blake3,4096,4096,bytes,80937164.0,ns,79868
256bit,blake3,4096,4096,bytes,81731338.0,ns,80842
256bit,blake3,4096,4096,bytes,82730925.0,ns,81816
256bit,blake3,4096,4096,bytes,83763735.0,ns,82790
256bit,blake3,4096,4096,bytes,84811776.0,ns,83764
256bit,blake3,4096,4096,bytes,85630086.0,ns,84738
256bit,blake3,4096,4096,bytes,87476399.0,ns,85712
256bit,blake3,4096,4096,bytes,88505393.0,ns,86686
256bit,blake3,4096,4096,bytes,88572581.0,ns,87660
256bit,blake3,4096,4096,bytes,89592707.0,ns,88634
256bit,blake3,4096,4096,bytes,90798443.0,ns,89608
256bit,blake3,4096,4096,bytes,91841879.0,ns,90582
256bit,blake3,4096,4096,bytes,92623049.0,ns,91556
256bit,blake3,4096,4096,bytes,93745871.0,ns,92530
256bit,blake3,4096,4096,bytes,94672018.0,ns,93504
256bit,blake3,4096,4096,bytes,95880645.0,ns,94478
256bit,blake3,4096,4096,bytes,97292778.0,ns,95452
256bit,blake3,4096,4096,bytes,99973763.0,ns,96426
256bit,blake3,4096,4096,bytes,99536299.0,ns,97400
256bit,blake3,64,64,bytes,981282.0,ns,21409
256bit,blake3,64,64,bytes,3472886.0,ns,42818
256bit,blake3,64,64,bytes,5176627.0,ns,64227
256bit,blake3,64,64,bytes,7036977.0,ns,85636
256bit,blake3,64,64,bytes,8609597.0,ns,107045
256bit,blake3,64,64,bytes,10338887.0,ns,128454
256bit,blake3,64,64,bytes,12044210.0,ns,149863
256bit,blake3,64,64,bytes,13785592.0,ns,171272
256bit,blake3,64,64,bytes,15979859.0,ns,192681
256bit,blake3,64,64,bytes,17192863.0,ns,214090
256bit,blake3,64,64,bytes,18922884.0,ns,235499
256bit,blake3,64,64,bytes,20627366.0,ns,256908
256bit,blake3,64,64,bytes,22343881.0,ns,278317
256bit,blake3,64,64,bytes,24132053.0,ns,299726
256bit,blake3,64,64,bytes,25754529.0,ns,321135
256bit,blake3,64,64,bytes,27512032.0,ns,342544
256bit,blake3,64,64,bytes,29360869.0,ns,363953
256bit,blake3,64,64,bytes,21708299.0,ns,385362
256bit,blake3,64,64,bytes,23153747.0,ns,406771
256bit,blake3,64,64,bytes,23856207.0,ns,428180
256bit,blake3,64,64,bytes,25712929.0,ns,449589
256bit,blake3,64,64,bytes,26759065.0,ns,470998
256bit,blake3,64,64,bytes,28299094.0,ns,492407
256bit,blake3,64,64,bytes,30439397.0,ns,513816
256bit,blake3,64,64,bytes,31255775.0,ns,535225
256bit,blake3,64,64,bytes,31637894.0,ns,556634
256bit,blake3,64,64,bytes,33489797.0,ns,578043
256bit,blake3,64,64,bytes,34250554.0,ns,599452
256bit,blake3,64,64,bytes,35499783.0,ns,620861
256bit,blake3,64,64,bytes,36460936.0,ns,642270
256bit,blake3,64,64,bytes,37905141.0,ns,663679
256bit,blake3,64,64,bytes,38835206.0,ns,685088
256bit,blake3,64,64,bytes,40024455.0,ns,706497
256bit,blake3,64,64,bytes,49327827.0,ns,727906
256bit,blake3,64,64,bytes,50481728.0,ns,749315
256bit,blake3,64,64,bytes,51963474.0,ns,770724
256bit,blake3,64,64,bytes,53386339.0,ns,792133
256bit,blake3,64,64,bytes,54805708.0,ns,813542
256bit,blake3,64,64,bytes,56432231.0,ns,834951
256bit,blake3,64,64,bytes,57688879.0,ns,856360
256bit,blake3,64,64,bytes,59098438.0,ns,877769
256bit,blake3,64,64,bytes,60580205.0,ns,899178
256bit,blake3,64,64,bytes,62076109.0,ns,920587
256bit,blake3,64,64,bytes,63524954.0,ns,941996
256bit,blake3,64,64,bytes,66403957.0,ns,963405
256bit,blake3,64,64,bytes,66833897.0,ns,984814
256bit,blake3,64,64,bytes,68116575.0,ns,1006223
256bit,blake3,64,64,bytes,69381929.0,ns,1027632
256bit,blake3,64,64,bytes,71644034.0,ns,1049041
256bit,blake3,64,64,bytes,49061257.0,ns,1070450
256bit,blake3,64,64,bytes,50199619.0,ns,1091859
256bit,blake3,64,64,bytes,51129674.0,ns,1113268
256bit,blake3,64,64,bytes,52142527.0,ns,1134677
256bit,blake3,64,64,bytes,53108469.0,ns,1156086
256bit,blake3,64,64,bytes,54162581.0,ns,1177495
256bit,blake3,64,64,bytes,55197364.0,ns,1198904
256bit,blake3,64,64,bytes,56029403.0,ns,1220313
256bit,blake3,64,64,bytes,56946913.0,ns,1241722
256bit,blake3,64,64,bytes,58388803.0,ns,1263131
256bit,blake3,64,64,bytes,59213398.0,ns,1284540
256bit,blake3,64,64,bytes,60141859.0,ns,1305949
256bit,blake3,64,64,bytes,62931521.0,ns,1327358
256bit,blake3,64,64,bytes,61962884.0,ns,1348767
256bit,blake3,64,64,bytes,63247724.0,ns,1370176
256bit,blake3,64,64,bytes,63996473.0,ns,1391585
256bit,blake3,64,64,bytes,93435382.0,ns,1412994
256bit,blake3,64,64,bytes,94825655.0,ns,1434403
256bit,blake3,64,64,bytes,96056753.0,ns,1455812
256bit,blake3,64,64,bytes,97475901.0,ns,1477221
256bit,blake3,64,64,bytes,98995580.0,ns,1498630
256bit,blake3,64,64,bytes,100234073.0,ns,1520039
256bit,blake3,64,64,bytes,101723436.0,ns,1541448
256bit,blake3,64,64,bytes,103210252.0,ns,1562857
256bit,blake3,64,64,bytes,106568199.0,ns,1584266
256bit,blake3,64,64,bytes,106497754.0,ns,1605675
256bit,blake3,64,64,bytes,107333619.0,ns,1627084
256bit,blake3,64,64,bytes,108852768.0,ns,1648493
256bit,blake3,64,64,bytes,110492346.0,ns,1669902
256bit,blake3,64,64,bytes,111610980.0,ns,1691311
256bit,blake3,64,64,bytes,113227705.0,ns,1712720
256bit,blake3,64,64,bytes,114555619.0,ns,1734129
256bit,blake3,64,64,bytes,99278741.0,ns,1755538
256bit,blake3,64,64,bytes,102920760.0,ns,1776947
256bit,blake3,64,64,bytes,102285758.0,ns,1798356
256bit,blake3,64,64,bytes,103549238.0,ns,1819765
256bit,blake3,64,64,bytes,104026209.0,ns,1841174
256bit,blake3,64,64,bytes,106347428.0,ns,1862583
256bit,blake3,64,64,bytes,107017690.0,ns,1883992
256bit,blake3,64,64,bytes,107867838.0,ns,1905401
256bit,blake3,64,64,bytes,109818280.0,ns,1926810
256bit,blake3,64,64,bytes,110647572.0,ns,1948219
256bit,blake3,64,64,bytes,113512468.0,ns,1969628
256bit,blake3,64,64,bytes,114114627.0,ns,1991037
256bit,blake3,64,64,bytes,114645240.0,ns,2012446
256bit,blake3,64,64,bytes,116072222.0,ns,2033855
256bit,blake3,64,64,bytes,116133880.0,ns,2055264
256bit,blake3,64,64,bytes,117514714.0,ns,2076673
256bit,blake3,64,64,bytes,96798248.0,ns,2098082
256bit,blake3,64,64,bytes,97790200.0,ns,2119491
256bit,blake3,64,64,bytes,98570941.0,ns,2140900
256bit,blake3,16,16,bytes,975822.0,ns,16388
256bit,blake3,16,16,bytes,2480403.0,ns,32776
256bit,blake3,16,16,bytes,3724236.0,ns,49164
256bit,blake3,16,16,bytes,4969241.0,ns,65552
256bit,blake3,16,16,bytes,6169101.0,ns,81940
256bit,blake3,16,16,bytes,7394779.0,ns,98328
256bit,blake3,16,16,bytes,8645886.0,ns,114716
256bit,blake3,16,16,bytes,9847048.0,ns,131104
256bit,blake3,16,16,bytes,11082335.0,ns,147492
256bit,blake3,16,16,bytes,12300259.0,ns,163880
256bit,blake3,16,16,bytes,13570783.0,ns,180268
256bit,blake3,16,16,bytes,14804096.0,ns,196656
256bit,blake3,16,16,bytes,16005148.0,ns,213044
256bit,blake3,16,16,bytes,17232630.0,ns,229432
256bit,blake3,16,16,bytes,18491862.0,ns,245820
256bit,blake3,16,16,bytes,19676864.0,ns,262208
256bit,blake3,16,16,bytes,20918853.0,ns,278596
256bit,blake3,16,16,bytes,17658782.0,ns,294984
256bit,blake3,16,16,bytes,18562527.0,ns,311372
256bit,blake3,16,16,bytes,19561583.0,ns,327760
256bit,blake3,16,16,bytes,20772233.0,ns,344148
256bit,blake3,16,16,bytes,21539847.0,ns,360536
256bit,blake3,16,16,bytes,22485392.0,ns,376924
256bit,blake3,16,16,bytes,23500298.0,ns,393312
256bit,blake3,16,16,bytes,24429020.0,ns,409700
256bit,blake3,16,16,bytes,25450199.0,ns,426088
256bit,blake3,16,16,bytes,26448753.0,ns,442476
256bit,blake3,16,16,bytes,27451046.0,ns,458864
256bit,blake3,16,16,bytes,28337448.0,ns,475252
256bit,blake3,16,16,bytes,29385067.0,ns,491640
256bit,blake3,16,16,bytes,30381077.0,ns,508028
256bit,blake3,16,16,bytes,31343202.0,ns,524416
256bit,blake3,16,16,bytes,32295630.0,ns,540804
256bit,blake3,16,16,bytes,36249083.0,ns,557192
256bit,blake3,16,16,bytes,37295409.0,ns,573580
256bit,blake3,16,16,bytes,40426302.0,ns,589968
256bit,blake3,16,16,bytes,39570640.0,ns,606356
256bit,blake3,16,16,bytes,40726695.0,ns,622744
256bit,blake3,16,16,bytes,41780156.0,ns,639132
256bit,blake3,16,16,bytes,42658451.0,ns,655520
256bit,blake3,16,16,bytes,43718995.0,ns,671908
256bit,blake3,16,16,bytes,44962597.0,ns,688296
256bit,blake3,16,16,bytes,45864699.0,ns,704684
256bit,blake3,16,16,bytes,46950461.0,ns,721072
256bit,blake3,16,16,bytes,48062292.0,ns,737460
256bit,blake3,16,16,bytes,48980615.0,ns,753848
256bit,blake3,16,16,bytes,50170905.0,ns,770236
256bit,blake3,16,16,bytes,51206231.0,ns,786624
256bit,blake3,16,16,bytes,52474660.0,ns,803012
256bit,blake3,16,16,bytes,48965605.0,ns,819400
256bit,blake3,16,16,bytes,49900269.0,ns,835788
256bit,blake3,16,16,bytes,50838288.0,ns,852176
256bit,blake3,16,16,bytes,51890827.0,ns,868564
256bit,blake3,16,16,bytes,53347481.0,ns,884952
256bit,blake3,16,16,bytes,54514743.0,ns,901340
256bit,blake3,16,16,bytes,55087486.0,ns,917728
256bit,blake3,16,16,bytes,57086009.0,ns,934116
256bit,blake3,16,16,bytes,56797288.0,ns,950504
256bit,blake3,16,16,bytes,57708397.0,ns,966892
256bit,blake3,16,16,bytes,58735065.0,ns,983280
256bit,blake3,16,16,bytes,60027411.0,ns,999668
256bit,blake3,16,16,bytes,60599092.0,ns,1016056
256bit,blake3,16,16,bytes,61641120.0,ns,1032444
256bit,blake3,16,16,bytes,62629567.0,ns,1048832
256bit,blake3,16,16,bytes,63703034.0,ns,1065220
256bit,blake3,16,16,bytes,70998234.0,ns,1081608
256bit,blake3,16,16,bytes,72465032.0,ns,1097996
256bit,blake3,16,16,bytes,72966138.0,ns,1114384
256bit,blake3,16,16,bytes,74099010.0,ns,1130772
256bit,blake3,16,16,bytes,75307435.0,ns,1147160
256bit,blake3,16,16,bytes,76454985.0,ns,1163548
256bit,blake3,16,16,bytes,79197127.0,ns,1179936
256bit,blake3,16,16,bytes,78700169.0,ns,1196324
256bit,blake3,16,16,bytes,79475879.0,ns,1212712
256bit,blake3,16,16,bytes,80771210.0,ns,1229100
256bit,blake3,16,16,bytes,81644226.0,ns,1245488
256bit,blake3,16,16,bytes,82940429.0,ns,1261876
256bit,blake3,16,16,bytes,83890542.0,ns,1278264
256bit,blake3,16,16,bytes,85328344.0,ns,1294652
256bit,blake3,16,16,bytes,85975971.0,ns,1311040
256bit,blake3,16,16,bytes,86975647.0,ns,1327428
256bit,blake3,16,16,bytes,80371317.0,ns,1343816
256bit,blake3,16,16,bytes,81317963.0,ns,1360204
256bit,blake3,16,16,bytes,84214549.0,ns,1376592
256bit,blake3,16,16,bytes,83402881.0,ns,1392980
256bit,blake3,16,16,bytes,84328828.0,ns,1409368
256bit,blake3,16,16,bytes,85446951.0,ns,1425756
256bit,blake3,16,16,bytes,86258490.0,ns,1442144
256bit,blake3,16,16,bytes,87049378.0,ns,1458532
256bit,blake3,16,16,bytes,88279315.0,ns,1474920
256bit,blake3,16,16,bytes,91146596.0,ns,1491308
256bit,blake3,16,16,bytes,90216641.0,ns,1507696
256bit,blake3,16,16,bytes,91093584.0,ns,1524084
256bit,blake3,16,16,bytes,92044309.0,ns,1540472
256bit,blake3,16,16,bytes,94113116.0,ns,1556860
256bit,blake3,16,16,bytes,94948269.0,ns,1573248
256bit,blake3,16,16,bytes,95917288.0,ns,1589636
256bit,blake3,16,16,bytes,99501477.0,ns,1606024
256bit,blake3,16,16,bytes,100145997.0,ns,1622412
256bit,blake3,16,16,bytes,102955497.0,ns,1638800
64bit,sse,4096,4096,bytes,1004296.0,ns,3645
64bit,sse,4096,4096,bytes,2016548.0,ns,7290
64bit,sse,4096,4096,bytes,2966049.0,ns,10935
64bit,sse,4096,4096,bytes,3861709.0,ns,14580
64bit,sse,4096,4096,bytes,4849674.0,ns,18225
64bit,sse,4096,4096,bytes,5861935.0,ns,21870
64bit,sse,4096,4096,bytes,6785958.0,ns,25515
64bit,sse,4096,4096,bytes,7841151.0,ns,29160
64bit,sse,4096,4096,bytes,9078182.0,ns,32805
64bit,sse,4096,4096,bytes,9766125.0,ns,36450
64bit,sse,4096,4096,bytes,10757847.0,ns,40095
64bit,sse,4096,4096,bytes,11661230.0,ns,43740
64bit,sse,4096,4096,bytes,12644106.0,ns,47385
64bit,sse,4096,4096,bytes,14062673.0,ns,51030
64bit,sse,4096,4096,bytes,15295134.0,ns,54675
64bit,sse,4096,4096,bytes,16555559.0,ns,58320
64bit,sse,4096,4096,bytes,17590514.0,ns,61965
64bit,sse,4096,4096,bytes,18378679.0,ns,65610
64bit,sse,4096,4096,bytes,19393976.0,ns,69255
64bit,sse,4096,4096,bytes,20287080.0,ns,72900
64bit,sse,4096,4096,bytes,20541955.0,ns,76545
64bit,sse,4096,4096,bytes,21455449.0,ns,80190
64bit,sse,4096,4096,bytes,22400693.0,ns,83835
64bit,sse,4096,4096,bytes,23368529.0,ns,87480
64bit,sse,4096,4096,bytes,24444302.0,ns,91125
64bit,sse,4096,4096,bytes,25255910.0,ns,94770
64bit,sse,4096,4096,bytes,26289523.0,ns,98415
64bit,sse,4096,4096,bytes,27319869.0,ns,102060
64bit,sse,4096,4096,bytes,28222281.0,ns,105705
64bit,sse,4096,4096,bytes,29227559.0,ns,109350
64bit,sse,4096,4096,bytes,31460731.0,ns,112995
64bit,sse,4096,4096,bytes,33588430.0,ns,116640
64bit,sse,4096,4096,bytes,32756352.0,ns,120285
64bit,sse,4096,4096,bytes,32981121.0,ns,123930
64bit,sse,4096,4096,bytes,33960720.0,ns,127575
64bit,sse,4096,4096,bytes,34914761.0,ns,131220
64bit,sse,4096,4096,bytes,35893128.0,ns,134865
64bit,sse,4096,4096,bytes,36869711.0,ns,138510
64bit,sse,4096,4096,bytes,37720004.0,ns,142155
64bit,sse,4096,4096,bytes,38637313.0,ns,145800
64bit,sse,4096,4096,bytes,39673421.0,ns,149445
64bit,sse,4096,4096,bytes,40638141.0,ns,153090
64bit,sse,4096,4096,bytes,41550643.0,ns,156735
64bit,sse,4096,4096,bytes,42571621.0,ns,160380
64bit,sse,4096,4096,bytes,43578241.0,ns,164025
64bit,sse,4096,4096,bytes,44521201.0,ns,167670
64bit,sse,4096,4096,bytes,47730619.0,ns,171315
64bit,sse,4096,4096,bytes,47636956.0,ns,174960
64bit,sse,4096,4096,bytes,47357653.0,ns,178605
64bit,sse,4096,4096,bytes,48450087.0,ns,182250
64bit,sse,4096,4096,bytes,49320939.0,ns,185895
64bit,sse,4096,4096,bytes,50953244.0,ns,189540
64bit,sse,4096,4096,bytes,51252024.0,ns,193185
64bit,sse,4096,4096,bytes,52281758.0,ns,196830
64bit,sse,4096,4096,bytes,55402253.0,ns,200475
64bit,sse,4096,4096,bytes,55508195.0,ns,204120
64bit,sse,4096,4096,bytes,55081982.0,ns,207765
64bit,sse,4096,4096,bytes,57550882.0,ns,211410
64bit,sse,4096,4096,bytes,57616628.0,ns,215055
64bit,sse,4096,4096,bytes,58049003.0,ns,218700
64bit,sse,4096,4096,bytes,59071754.0,ns,222345
64bit,sse,4096,4096,bytes,59929290.0,ns,225990
64bit,sse,4096,4096,bytes,60990765.0,ns,229635
64bit,sse,4096,4096,bytes,61936511.0,ns,233280
64bit,sse,4096,4096,bytes,62780120.0,ns,236925
64bit,sse,4096,4096,bytes,64312665.0,ns,240570
64bit,sse,4096,4096,bytes,64771921.0,ns,244215
64bit,sse,4096,4096,bytes,65685584.0,ns,247860
64bit,sse,4096,4096,bytes,66978882.0,ns,251505
64bit,sse,4096,4096,bytes,68201444.0,ns,255150
64bit,sse,4096,4096,bytes,69637464.0,ns,258795
64bit,sse,4096,4096,bytes,71247146.0,ns,262440
64bit,sse,4096,4096,bytes,70551679.0,ns,266085
64bit,sse,4096,4096,bytes,71712735.0,ns,269730
64bit,sse,4096,4096,bytes,72431596.0,ns,273375
64bit,sse,4096,4096,bytes,73355699.0,ns,277020
64bit,sse,4096,4096,bytes,74328546.0,ns,280665
64bit,sse,4096,4096,bytes,75300029.0,ns,284310
64bit,sse,4096,4096,bytes,76310186.0,ns,287955
64bit,sse,4096,4096,bytes,77293753.0,ns,291600
64bit,sse,4096,4096,bytes,78392690.0,ns,295245
64bit,sse,4096,4096,bytes,79946034.0,ns,298890
64bit,sse,4096,4096,bytes,80585695.0,ns,302535
64bit,sse,4096,4096,bytes,81282514.0,ns,306180
64bit,sse,4096,4096,bytes,84353864.0,ns,309825
64bit,sse,4096,4096,bytes,83163183.0,ns,313470
64bit,sse,4096,4096,bytes,84293009.0,ns,317115
64bit,sse,4096,4096,bytes,85150023.0,ns,320760
64bit,sse,4096,4096,bytes,85962795.0,ns,324405
64bit,sse,4096,4096,bytes,86982000.0,ns,328050
64bit,sse,4096,4096,bytes,87984272.0,ns,331695
64bit,sse,4096,4096,bytes,91283813.0,ns,335340
64bit,sse,4096,4096,bytes,93561875.0,ns,338985
64bit,sse,4096,4096,bytes,93654582.0,ns,342630
64bit,sse,4096,4096,bytes,96719820.0,ns,346275
64bit,sse,4096,4096,bytes,95136909.0,ns,349920
64bit,sse,4096,4096,bytes,94237214.0,ns,353565
64bit,sse,4096,4096,bytes,95109778.0,ns,357210
64bit,sse,4096,4096,bytes,95955391.0,ns,360855
64bit,sse,4096,4096,bytes,96726513.0,ns,364500
64bit,sse,256,256,bytes,1019426.0,ns,32293
64bit,sse,256,256,bytes,1963537.0,ns,64586
64bit,sse,256,256,bytes,2960089.0,ns,96879
64bit,sse,256,256,bytes,3924800.0,ns,129172
64bit,sse,256,256,bytes,4883709.0,ns,161465
64bit,sse,256,256,bytes,5867887.0,ns,193758
64bit,sse,256,256,bytes,6887703.0,ns,226051
64bit,sse,256,256,bytes,7844629.0,ns,258344
64bit,sse,256,256,bytes,8787779.0,ns,290637
64bit,sse,256,256,bytes,9780563.0,ns,322930
64bit,sse,256,256,bytes,10890491.0,ns,355223
64bit,sse,256,256,bytes,11840674.0,ns,387516
64bit,sse,256,256,bytes,12736414.0,ns,419809
64bit,sse,256,256,bytes,13730921.0,ns,452102
64bit,sse,256,256,bytes,14936662.0,ns,484395
64bit,sse,256,256,bytes,17038803.0,ns,516688
64bit,sse,256,256,bytes,17260136.0,ns,548981
64bit,sse,256,256,bytes,18135445.0,ns,581274
64bit,sse,256,256,bytes,19017880.0,ns,613567
64bit,sse,256,256,bytes,19971089.0,ns,645860
64bit,sse,256,256,bytes,21774470.0,ns,678153
64bit,sse,256,256,bytes,22850924.0,ns,710446
64bit,sse,256,256,bytes,22999667.0,ns,742739
64bit,sse,256,256,bytes,23869127.0,ns,775032
64bit,sse,256,256,bytes,25003962.0,ns,807325
64bit,sse,256,256,bytes,25910612.0,ns,839618
64bit,sse,256,256,bytes,26989091.0,ns,871911
64bit,sse,256,256,bytes,28065815.0,ns,904204
64bit,sse,256,256,bytes,28896701.0,ns,936497
64bit,sse,256,256,bytes,29815143.0,ns,968790
64bit,sse,256,256,bytes,30933948.0,ns,1001083
64bit,sse,256,256,bytes,31954246.0,ns,1033376
64bit,sse,256,256,bytes,33022544.0,ns,1065669
64bit,sse,256,256,bytes,33338426.0,ns,1097962
64bit,sse,256,256,bytes,34343765.0,ns,1130255
64bit,sse,256,256,bytes,35237188.0,ns,1162548
64bit,sse,256,256,bytes,36423594.0,ns,1194841
64bit,sse,256,256,bytes,37246934.0,ns,1227134
64bit,sse,256,256,bytes,38110783.0,ns,1259427
64bit,sse,256,256,bytes,39212555.0,ns,1291720
64bit,sse,256,256,bytes,40074860.0,ns,1324013
64bit,sse,256,256,bytes,41120346.0,ns,1356306
64bit,sse,256,256,bytes,42041884.0,ns,1388599
64bit,sse,256,256,bytes,42978261.0,ns,1420892
64bit,sse,256,256,bytes,43989049.0,ns,1453185
64bit,sse,256,256,bytes,45076013.0,ns,1485478
64bit,sse,256,256,bytes,46061514.0,ns,1517771
64bit,sse,256,256,bytes,46981921.0,ns,1550064
64bit,sse,256,256,bytes,47825690.0,ns,1582357
64bit,sse,256,256,bytes,52377687.0,ns,1614650
64bit,sse,256,256,bytes,52909842.0,ns,1646943
64bit,sse,256,256,bytes,53293825.0,ns,1679236
64bit,sse,256,256,bytes,55086345.0,ns,1711529
64bit,sse,256,256,bytes,55255939.0,ns,1743822
64bit,sse,256,256,bytes,56354616.0,ns,1776115
64bit,sse,256,256,bytes,57551309.0,ns,1808408
64bit,sse,256,256,bytes,58775766.0,ns,1840701
64bit,sse,256,256,bytes,61797661.0,ns,1872994
64bit,sse,256,256,bytes,62555458.0,ns,1905287
64bit,sse,256,256,bytes,62392917.0,ns,1937580
64bit,sse,256,256,bytes,65490408.0,ns,1969873
64bit,sse,256,256,bytes,65661414.0,ns,2002166
64bit,sse,256,256,bytes,64631790.0,ns,2034459
64bit,sse,256,256,bytes,65721709.0,ns,2066752
64bit,sse,256,256,bytes,66429059.0,ns,2099045
64bit,sse,256,256,bytes,64613105.0,ns,2131338
64bit,sse,256,256,bytes,67469885.0,ns,2163631
64bit,sse,256,256,bytes,66727849.0,ns,2195924
64bit,sse,256,256,bytes,67813571.0,ns,2228217
64bit,sse,256,256,bytes,68727705.0,ns,2260510
64bit,sse,256,256,bytes,69836792.0,ns,2292803
64bit,sse,256,256,bytes,70821391.0,ns,2325096
64bit,sse,256,256,bytes,72021356.0,ns,2357389
64bit,sse,256,256,bytes,72122584.0,ns,2389682
64bit,sse,256,256,bytes,73450106.0,ns,2421975
64bit,sse,256,256,bytes,74449103.0,ns,2454268
64bit,sse,256,256,bytes,75593737.0,ns,2486561
64bit,sse,256,256,bytes,76401949.0,ns,2518854
64bit,sse,256,256,bytes,77562684.0,ns,2551147
64bit,sse,256,256,bytes,78610152.0,ns,2583440
64bit,sse,256,256,bytes,81093091.0,ns,2615733
64bit,sse,256,256,bytes,82104120.0,ns,2648026
64bit,sse,256,256,bytes,82822611.0,ns,2680319
64bit,sse,256,256,bytes,83908173.0,ns,2712612
64bit,sse,256,256,bytes,85236286.0,ns,2744905
64bit,sse,256,256,bytes,86164257.0,ns,2777198
64bit,sse,256,256,bytes,87289424.0,ns,2809491
64bit,sse,256,256,bytes,87650183.0,ns,2841784
64bit,sse,256,256,bytes,88701749.0,ns,2874077
64bit,sse,256,256,bytes,90156916.0,ns,2906370
64bit,sse,256,256,bytes,92268876.0,ns,2938663
64bit,sse,256,256,bytes,93891733.0,ns,2970956
64bit,sse,256,256,bytes,93115281.0,ns,3003249
64bit,sse,256,256,bytes,93990702.0,ns,3035542
64bit,sse,256,256,bytes,94760971.0,ns,3067835
64bit,sse,256,256,bytes,95877763.0,ns,3100128
64bit,sse,256,256,bytes,97055119.0,ns,3132421
64bit,sse,256,256,bytes,96046284.0,ns,3164714
64bit,sse,256,256,bytes,97016566.0,ns,3197007
64bit,sse,256,256,bytes,97947713.0,ns,3229300
64bit,fx,4,4,bytes,1056136.0,ns,4584498
64bit,fx,4,4,bytes,2044242.0,ns,9168996
64bit,fx,4,4,bytes,3065620.0,ns,13753494
64bit,fx,4,4,bytes,4060549.0,ns,18337992
64bit,fx,4,4,bytes,5234830.0,ns,22922490
64bit,fx,4,4,bytes,6129307.0,ns,27506988
64bit,fx,4,4,bytes,7129216.0,ns,32091486
64bit,fx,4,4,bytes,8418787.0,ns,36675984
64bit,fx,4,4,bytes,9305540.0,ns,41260482
64bit,fx,4,4,bytes,9804562.0,ns,45844980
64bit,fx,4,4,bytes,10762851.0,ns,50429478
64bit,fx,4,4,bytes,11705128.0,ns,55013976
64bit,fx,4,4,bytes,12710327.0,ns,59598474
64bit,fx,4,4,bytes,13906771.0,ns,64182972
64bit,fx,4,4,bytes,14630522.0,ns,68767470
64bit,fx,4,4,bytes,15626853.0,ns,73351968
64bit,fx,4,4,bytes,16798449.0,ns,77936466
64bit,fx,4,4,bytes,17889101.0,ns,82520964
64bit,fx,4,4,bytes,18768129.0,ns,87105462
64bit,fx,4,4,bytes,19585778.0,ns,91689960
64bit,fx,4,4,bytes,20520563.0,ns,96274458
64bit,fx,4,4,bytes,21556219.0,ns,100858956
64bit,fx,4,4,bytes,22518987.0,ns,105443454
64bit,fx,4,4,bytes,23461254.0,ns,110027952
64bit,fx,4,4,bytes,24468637.0,ns,114612450
64bit,fx,4,4,bytes,25362644.0,ns,119196948
64bit,fx,4,4,bytes,26407788.0,ns,123781446
64bit,fx,4,4,bytes,27663525.0,ns,128365944
64bit,fx,4,4,bytes,28538114.0,ns,132950442
64bit,fx,4,4,bytes,29346777.0,ns,137534940
64bit,fx,4,4,bytes,30413864.0,ns,142119438
64bit,fx,4,4,bytes,31528501.0,ns,146703936
64bit,fx,4,4,bytes,32306686.0,ns,151288434
64bit,fx,4,4,bytes,33239586.0,ns,155872932
64bit,fx,4,4,bytes,34267739.0,ns,160457430
64bit,fx,4,4,bytes,35147357.0,ns,165041928
64bit,fx,4,4,bytes,36139050.0,ns,169626426
64bit,fx,4,4,bytes,37165569.0,ns,174210924
64bit,fx,4,4,bytes,38019388.0,ns,178795422
64bit,fx,4,4,bytes,39021521.0,ns,183379920
64bit,fx,4,4,bytes,39956726.0,ns,187964418
64bit,fx,4,4,bytes,40988415.0,ns,192548916
64bit,fx,4,4,bytes,42786366.0,ns,197133414
64bit,fx,4,4,bytes,43666396.0,ns,201717912
64bit,fx,4,4,bytes,44741798.0,ns,206302410
64bit,fx,4,4,bytes,45183361.0,ns,210886908
64bit,fx,4,4,bytes,45955444.0,ns,215471406
64bit,fx,4,4,bytes,47153982.0,ns,220055904
64bit,fx,4,4,bytes,48332811.0,ns,224640402
64bit,fx,4,4,bytes,49086349.0,ns,229224900
64bit,fx,4,4,bytes,49936823.0,ns,233809398
64bit,fx,4,4,bytes,50834686.0,ns,238393896
64bit,fx,4,4,bytes,52611858.0,ns,242978394
64bit,fx,4,4,bytes,53445619.0,ns,247562892
64bit,fx,4,4,bytes,54044973.0,ns,252147390
64bit,fx,4,4,bytes,55168337.0,ns,256731888
64bit,fx,4,4,bytes,55707906.0,ns,261316386
64bit,fx,4,4,bytes,56565513.0,ns,265900884
64bit,fx,4,4,bytes,57908757.0,ns,270485382
64bit,fx,4,4,bytes,58851294.0,ns,275069880
64bit,fx,4,4,bytes,59605996.0,ns,279654378
64bit,fx,4,4,bytes,60491355.0,ns,284238876
64bit,fx,4,4,bytes,63252414.0,ns,288823374
64bit,fx,4,4,bytes,63432408.0,ns,293407872
64bit,fx,4,4,bytes,64153454.0,ns,297992370
64bit,fx,4,4,bytes,64649932.0,ns,302576868
64bit,fx,4,4,bytes,66637886.0,ns,307161366
64bit,fx,4,4,bytes,66725193.0,ns,311745864
64bit,fx,4,4,bytes,67383248.0,ns,316330362
64bit,fx,4,4,bytes,69528262.0,ns,320914860
64bit,fx,4,4,bytes,72308337.0,ns,325499358
64bit,fx,4,4,bytes,72210651.0,ns,330083856
64bit,fx,4,4,bytes,71810397.0,ns,334668354
64bit,fx,4,4,bytes,72300943.0,ns,339252852
64bit,fx,4,4,bytes,73567811.0,ns,343837350
64bit,fx,4,4,bytes,74294387.0,ns,348421848
64bit,fx,4,4,bytes,76796043.0,ns,353006346
64bit,fx,4,4,bytes,77688947.0,ns,357590844
64bit,fx,4,4,bytes,77137474.0,ns,362175342
64bit,fx,4,4,bytes,78242643.0,ns,366759840
64bit,fx,4,4,bytes,79465667.0,ns,371344338
64bit,fx,4,4,bytes,81008982.0,ns,375928836
64bit,fx,4,4,bytes,80981560.0,ns,380513334
64bit,fx,4,4,bytes,83020161.0,ns,385097832
64bit,fx,4,4,bytes,82708005.0,ns,389682330
64bit,fx,4,4,bytes,83571022.0,ns,394266828
64bit,fx,4,4,bytes,84542365.0,ns,398851326
64bit,fx,4,4,bytes,85730343.0,ns,403435824
64bit,fx,4,4,bytes,87468349.0,ns,408020322
64bit,fx,4,4,bytes,92028342.0,ns,412604820
64bit,fx,4,4,bytes,91323657.0,ns,417189318
64bit,fx,4,4,bytes,92207755.0,ns,421773816
64bit,fx,4,4,bytes,94431569.0,ns,426358314
64bit,fx,4,4,bytes,92929291.0,ns,430942812
64bit,fx,4,4,bytes,94442390.0,ns,435527310
64bit,fx,4,4,bytes,94134782.0,ns,440111808
64bit,fx,4,4,bytes,94634806.0,ns,444696306
64bit,fx,4,4,bytes,95855155.0,ns,449280804
64bit,fx,4,4,bytes,97802738.0,ns,453865302
64bit,fx,4,4,bytes,98399532.0,ns,458449800
64bit,fx,16384,16384,bytes,1001781.0,ns,470
64bit,fx,16384,16384,bytes,1992442.0,ns,940
64bit,fx,16384,16384,bytes,2955148.0,ns,1410
64bit,fx,16384,16384,bytes,3936982.0,ns,1880
64bit,fx,16384,16384,bytes,4934235.0,ns,2350
64bit,fx,16384,16384,bytes,5908484.0,ns,2820
64bit,fx,16384,16384,bytes,6890438.0,ns,3290
64bit,fx,16384,16384,bytes,7876288.0,ns,3760
64bit,fx,16384,16384,bytes,8860066.0,ns,4230
64bit,fx,16384,16384,bytes,9846228.0,ns,4700
64bit,fx,16384,16384,bytes,10856525.0,ns,5170
64bit,fx,16384,16384,bytes,11807991.0,ns,5640
64bit,fx,16384,16384,bytes,12798961.0,ns,6110
64bit,fx,16384,16384,bytes,13781576.0,ns,6580
64bit,fx,16384,16384,bytes,14770784.0,ns,7050
64bit,fx,16384,16384,bytes,15758528.0,ns,7520
64bit,fx,16384,16384,bytes,16741043.0,ns,7990
64bit,fx,16384,16384,bytes,17737285.0,ns,8460
64bit,fx,16384,16384,bytes,18715821.0,ns,8930
64bit,fx,16384,16384,bytes,19792796.0,ns,9400
64bit,fx,16384,16384,bytes,20717861.0,ns,9870
64bit,fx,16384,16384,bytes,21860351.0,ns,10340
64bit,fx,16384,16384,bytes,22661750.0,ns,10810
64bit,fx,16384,16384,bytes,23854486.0,ns,11280
64bit,fx,16384,16384,bytes,24652639.0,ns,11750
64bit,fx,16384,16384,bytes,25680430.0,ns,12220
64bit,fx,16384,16384,bytes,26718241.0,ns,12690
64bit,fx,16384,16384,bytes,27621303.0,ns,13160
64bit,fx,16384,16384,bytes,28862973.0,ns,13630
64bit,fx,16384,16384,bytes,30325373.0,ns,14100
64bit,fx,16384,16384,bytes,32132291.0,ns,14570
64bit,fx,16384,16384,bytes,31664959.0,ns,15040
64bit,fx,16384,16384,bytes,32527685.0,ns,15510
64bit,fx,16384,16384,bytes,33527153.0,ns,15980
64bit,fx,16384,16384,bytes,34582035.0,ns,16450
64bit,fx,16384,16384,bytes,35474328.0,ns,16920
64bit,fx,16384,16384,bytes,36451352.0,ns,17390
64bit,fx,16384,16384,bytes,37425611.0,ns,17860
64bit,fx,16384,16384,bytes,38488368.0,ns,18330
64bit,fx,16384,16384,bytes,39482295.0,ns,18800
64bit,fx,16384,16384,bytes,40545454.0,ns,19270
64bit,fx,16384,16384,bytes,41348847.0,ns,19740
64bit,fx,16384,16384,bytes,42398259.0,ns,20210
64bit,fx,16384,16384,bytes,44079868.0,ns,20680
64bit,fx,16384,16384,bytes,44404236.0,ns,21150
64bit,fx,16384,16384,bytes,45964934.0,ns,21620
64bit,fx,16384,16384,bytes,46320864.0,ns,22090
64bit,fx,16384,16384,bytes,47346912.0,ns,22560
64bit,fx,16384,16384,bytes,48301513.0,ns,23030
64bit,fx,16384,16384,bytes,49490471.0,ns,23500
64bit,fx,16384,16384,bytes,50631599.0,ns,23970
64bit,fx,16384,16384,bytes,51335010.0,ns,24440
64bit,fx,16384,16384,bytes,52270736.0,ns,24910
64bit,fx,16384,16384,bytes,54013361.0,ns,25380
64bit,fx,16384,16384,bytes,56193471.0,ns,25850
64bit,fx,16384,16384,bytes,56059916.0,ns,26320
64bit,fx,16384,16384,bytes,57200011.0,ns,26790
64bit,fx,16384,16384,bytes,57744411.0,ns,27260
64bit,fx,16384,16384,bytes,58292507.0,ns,27730
64bit,fx,16384,16384,bytes,59191973.0,ns,28200
64bit,fx,16384,16384,bytes,60281141.0,ns,28670
64bit,fx,16384,16384,bytes,61261602.0,ns,29140
64bit,fx,16384,16384,bytes,62183150.0,ns,29610
64bit,fx,16384,16384,bytes,63087205.0,ns,30080
64bit,fx,16384,16384,bytes,64017400.0,ns,30550
64bit,fx,16384,16384,bytes,66162273.0,ns,31020
64bit,fx,16384,16384,bytes,66704788.0,ns,31490
64bit,fx,16384,16384,bytes,67380798.0,ns,31960
64bit,fx,16384,16384,bytes,68067338.0,ns,32430
64bit,fx,16384,16384,bytes,69129374.0,ns,32900
64bit,fx,16384,16384,bytes,72256161.0,ns,33370
64bit,fx,16384,16384,bytes,71032846.0,ns,33840
64bit,fx,16384,16384,bytes,71993779.0,ns,34310
64bit,fx,16384,16384,bytes,73007523.0,ns,34780
64bit,fx,16384,16384,bytes,73883745.0,ns,35250
64bit,fx,16384,16384,bytes,74989756.0,ns,35720
64bit,fx,16384,16384,bytes,76018249.0,ns,36190
64bit,fx,16384,16384,bytes,76910461.0,ns,36660
64bit,fx,16384,16384,bytes,80112441.0,ns,37130
64bit,fx,16384,16384,bytes,78906610.0,ns,37600
64bit,fx,16384,16384,bytes,79973004.0,ns,38070
64bit,fx,16384,16384,bytes,81179386.0,ns,38540
64bit,fx,16384,16384,bytes,82068753.0,ns,39010
64bit,fx,16384,16384,bytes,85012109.0,ns,39480
64bit,fx,16384,16384,bytes,84016159.0,ns,39950
64bit,fx,16384,16384,bytes,84841934.0,ns,40420
64bit,fx,16384,16384,bytes,85736752.0,ns,40890
64bit,fx,16384,16384,bytes,86778851.0,ns,41360
64bit,fx,16384,16384,bytes,87768860.0,ns,41830
64bit,fx,16384,16384,bytes,89078319.0,ns,42300
64bit,fx,16384,16384,bytes,89699503.0,ns,42770
64bit,fx,16384,16384,bytes,90727234.0,ns,43240
64bit,fx,16384,16384,bytes,92370911.0,ns,43710
64bit,fx,16384,16384,bytes,93514212.0,ns,44180
64bit,fx,16384,16384,bytes,96444834.0,ns,44650
64bit,fx,16384,16384,bytes,96844717.0,ns,45120
64bit,fx,16384,16384,bytes,97537128.0,ns,45590
64bit,fx,16384,16384,bytes,98190164.0,ns,46060
64bit,fx,16384,16384,bytes,97632470.0,ns,46530
64bit,fx,16384,16384,bytes,98962538.0,ns,47000
64bit,fx,1,1,bytes,968278.0,ns,4562950
64bit,fx,1,1,bytes,1935624.0,ns,9125900
64bit,fx,1,1,bytes,2940903.0,ns,13688850
64bit,fx,1,1,bytes,3890285.0,ns,18251800
64bit,fx,1,1,bytes,5014772.0,ns,22814750
64bit,fx,1,1,bytes,5812925.0,ns,27377700
64bit,fx,1,1,bytes,6833763.0,ns,31940650
64bit,fx,1,1,bytes,7887374.0,ns,36503600
64bit,fx,1,1,bytes,8804604.0,ns,41066550
64bit,fx,1,1,bytes,9720231.0,ns,45629500
64bit,fx,1,1,bytes,10766158.0,ns,50192450
64bit,fx,1,1,bytes,11747341.0,ns,54755400
64bit,fx,1,1,bytes,12684008.0,ns,59318350
64bit,fx,1,1,bytes,13705297.0,ns,63881300
64bit,fx,1,1,bytes,14627638.0,ns,68444250
64bit,fx,1,1,bytes,15565327.0,ns,73007200
64bit,fx,1,1,bytes,16629148.0,ns,77570150
64bit,fx,1,1,bytes,17631101.0,ns,82133100
64bit,fx,1,1,bytes,18703397.0,ns,86696050
64bit,fx,1,1,bytes,20517419.0,ns,91259000
64bit,fx,1,1,bytes,21788645.0,ns,95821950
64bit,fx,1,1,bytes,22104839.0,ns,100384900
64bit,fx,1,1,bytes,22453594.0,ns,104947850
64bit,fx,1,1,bytes,23416562.0,ns,109510800
64bit,fx,1,1,bytes,24365343.0,ns,114073750
64bit,fx,1,1,bytes,25365241.0,ns,118636700
64bit,fx,1,1,bytes,26281580.0,ns,123199650
64bit,fx,1,1,bytes,27342505.0,ns,127762600
64bit,fx,1,1,bytes,28244897.0,ns,132325550
64bit,fx,1,1,bytes,29890267.0,ns,136888500
64bit,fx,1,1,bytes,32186580.0,ns,141451450
64bit,fx,1,1,bytes,31163247.0,ns,146014400
64bit,fx,1,1,bytes,32165620.0,ns,150577350
64bit,fx,1,1,bytes,33494927.0,ns,155140300
64bit,fx,1,1,bytes,34230300.0,ns,159703250
64bit,fx,1,1,bytes,35405483.0,ns,164266200
64bit,fx,1,1,bytes,36183008.0,ns,168829150
64bit,fx,1,1,bytes,37703860.0,ns,173392100
64bit,fx,1,1,bytes,38293015.0,ns,177955050
64bit,fx,1,1,bytes,39163066.0,ns,182518000
64bit,fx,1,1,bytes,39948985.0,ns,187080950
64bit,fx,1,1,bytes,41068712.0,ns,191643900
64bit,fx,1,1,bytes,42608381.0,ns,196206850
64bit,fx,1,1,bytes,43219457.0,ns,200769800
64bit,fx,1,1,bytes,43880419.0,ns,205332750
64bit,fx,1,1,bytes,45022799.0,ns,209895700
64bit,fx,1,1,bytes,46144215.0,ns,214458650
64bit,fx,1,1,bytes,46212369.0,ns,219021600
64bit,fx,1,1,bytes,47993940.0,ns,223584550
64bit,fx,1,1,bytes,48858299.0,ns,228147500
64bit,fx,1,1,bytes,49690598.0,ns,232710450
64bit,fx,1,1,bytes,50558124.0,ns,237273400
64bit,fx,1,1,bytes,51408006.0,ns,241836350
64bit,fx,1,1,bytes,53237017.0,ns,246399300
64bit,fx,1,1,bytes,54128868.0,ns,250962250
64bit,fx,1,1,bytes,54493966.0,ns,255525200
64bit,fx,1,1,bytes,55420964.0,ns,260088150
64bit,fx,1,1,bytes,56381197.0,ns,264651100
64bit,fx,1,1,bytes,57658245.0,ns,269214050
64bit,fx,1,1,bytes,58433173.0,ns,273777000
64bit,fx,1,1,bytes,59203424.0,ns,278339950
64bit,fx,1,1,bytes,60608555.0,ns,282902900
64bit,fx,1,1,bytes,61174827.0,ns,287465850
64bit,fx,1,1,bytes,62341784.0,ns,292028800
64bit,fx,1,1,bytes,63410483.0,ns,296591750
64bit,fx,1,1,bytes,64430310.0,ns,301154700
64bit,fx,1,1,bytes,65306361.0,ns,305717650
64bit,fx,1,1,bytes,66051523.0,ns,310280600
64bit,fx,1,1,bytes,67172573.0,ns,314843550
64bit,fx,1,1,bytes,67893279.0,ns,319406500
64bit,fx,1,1,bytes,70854991.0,ns,323969450
64bit,fx,1,1,bytes,69869350.0,ns,328532400
64bit,fx,1,1,bytes,70729933.0,ns,333095350
64bit,fx,1,1,bytes,72138140.0,ns,337658300
64bit,fx,1,1,bytes,73416831.0,ns,342221250
64bit,fx,1,1,bytes,73649615.0,ns,346784200
64bit,fx,1,1,bytes,74517962.0,ns,351347150
64bit,fx,1,1,bytes,75448899.0,ns,355910100
64bit,fx,1,1,bytes,76606328.0,ns,360473050
64bit,fx,1,1,bytes,77926979.0,ns,365036000
64bit,fx,1,1,bytes,78725844.0,ns,369598950
64bit,fx,1,1,bytes,80152446.0,ns,374161900
64bit,fx,1,1,bytes,80540076.0,ns,378724850
64bit,fx,1,1,bytes,83338758.0,ns,383287800
64bit,fx,1,1,bytes,82452716.0,ns,387850750
64bit,fx,1,1,bytes,83316275.0,ns,392413700
64bit,fx,1,1,bytes,84307546.0,ns,396976650
64bit,fx,1,1,bytes,85534147.0,ns,401539600
64bit,fx,1,1,bytes,86226007.0,ns,406102550
64bit,fx,1,1,bytes,87549174.0,ns,410665500
64bit,fx,1,1,bytes,88228755.0,ns,415228450
64bit,fx,1,1,bytes,89315635.0,ns,419791400
64bit,fx,1,1,bytes,90896953.0,ns,424354350
64bit,fx,1,1,bytes,91332524.0,ns,428917300
64bit,fx,1,1,bytes,92082365.0,ns,433480250
64bit,fx,1,1,bytes,94742602.0,ns,438043200
64bit,fx,1,1,bytes,94209655.0,ns,442606150
64bit,fx,1,1,bytes,95249811.0,ns,447169100
64bit,fx,1,1,bytes,96588796.0,ns,451732050
64bit,fx,1,1,bytes,97418860.0,ns,456295000
64bit,fx,64,64,bytes,989418.0,ns,341903
64bit,fx,64,64,bytes,1974398.0,ns,683806
64bit,fx,64,64,bytes,2992149.0,ns,1025709
64bit,fx,64,64,bytes,3990726.0,ns,1367612
64bit,fx,64,64,bytes,4931491.0,ns,1709515
64bit,fx,64,64,bytes,5924756.0,ns,2051418
64bit,fx,64,64,bytes,6901952.0,ns,2393321
64bit,fx,64,64,bytes,7925374.0,ns,2735224
64bit,fx,64,64,bytes,8869304.0,ns,3077127
64bit,fx,64,64,bytes,9904551.0,ns,3419030
64bit,fx,64,64,bytes,10834245.0,ns,3760933
64bit,fx,64,64,bytes,11832810.0,ns,4102836
64bit,fx,64,64,bytes,12853177.0,ns,4444739
64bit,fx,64,64,bytes,14075350.0,ns,4786642
64bit,fx,64,64,bytes,14814240.0,ns,5128545
64bit,fx,64,64,bytes,15811583.0,ns,5470448
64bit,fx,64,64,bytes,16728924.0,ns,5812351
64bit,fx,64,64,bytes,17777225.0,ns,6154254
64bit,fx,64,64,bytes,18743809.0,ns,6496157
64bit,fx,64,64,bytes,19720022.0,ns,6838060
64bit,fx,64,64,bytes,20680283.0,ns,7179963
64bit,fx,64,64,bytes,21676054.0,ns,7521866
64bit,fx,64,64,bytes,22617491.0,ns,7863769
64bit,fx,64,64,bytes,23720906.0,ns,8205672
64bit,fx,64,64,bytes,24749348.0,ns,8547575
64bit,fx,64,64,bytes,26001839.0,ns,8889478
64bit,fx,64,64,bytes,26697447.0,ns,9231381
64bit,fx,64,64,bytes,27698787.0,ns,9573284
64bit,fx,64,64,bytes,28709055.0,ns,9915187
64bit,fx,64,64,bytes,29726436.0,ns,10257090
64bit,fx,64,64,bytes,30654728.0,ns,10598993
64bit,fx,64,64,bytes,31585925.0,ns,10940896
64bit,fx,64,64,bytes,32584481.0,ns,11282799
64bit,fx,64,64,bytes,34468426.0,ns,11624702
64bit,fx,64,64,bytes,35253324.0,ns,11966605
64bit,fx,64,64,bytes,35579686.0,ns,12308508
64bit,fx,64,64,bytes,36712428.0,ns,12650411
64bit,fx,64,64,bytes,37445927.0,ns,12992314
64bit,fx,64,64,bytes,38441227.0,ns,13334217
64bit,fx,64,64,bytes,40266200.0,ns,13676120
64bit,fx,64,64,bytes,44279959.0,ns,14018023
64bit,fx,64,64,bytes,44705732.0,ns,14359926
64bit,fx,64,64,bytes,45475500.0,ns,14701829
64bit,fx,64,64,bytes,43674674.0,ns,15043732
64bit,fx,64,64,bytes,44695782.0,ns,15385635
64bit,fx,64,64,bytes,45674741.0,ns,15727538
64bit,fx,64,64,bytes,46806330.0,ns,16069441
64bit,fx,64,64,bytes,47589725.0,ns,16411344
64bit,fx,64,64,bytes,48706566.0,ns,16753247
64bit,fx,64,64,bytes,50082192.0,ns,17095150
64bit,fx,64,64,bytes,51041923.0,ns,17437053
64bit,fx,64,64,bytes,52143685.0,ns,17778956
64bit,fx,64,64,bytes,52779087.0,ns,18120859
64bit,fx,64,64,bytes,53922700.0,ns,18462762
64bit,fx,64,64,bytes,55207071.0,ns,18804665
64bit,fx,64,64,bytes,57420495.0,ns,19146568
64bit,fx,64,64,bytes,56487855.0,ns,19488471
64bit,fx,64,64,bytes,57605979.0,ns,19830374
64bit,fx,64,64,bytes,58353045.0,ns,20172277
64bit,fx,64,64,bytes,60852885.0,ns,20514180
64bit,fx,64,64,bytes,61416741.0,ns,20856083
64bit,fx,64,64,bytes,61688900.0,ns,21197986
64bit,fx,64,64,bytes,62212299.0,ns,21539889
64bit,fx,64,64,bytes,63216876.0,ns,21881792
64bit,fx,64,64,bytes,64641294.0,ns,22223695
64bit,fx,64,64,bytes,65312445.0,ns,22565598
64bit,fx,64,64,bytes,66255604.0,ns,22907501
64bit,fx,64,64,bytes,67381563.0,ns,23249404
64bit,fx,64,64,bytes,68220544.0,ns,23591307
64bit,fx,64,64,bytes,69195114.0,ns,23933210
64bit,fx,64,64,bytes,70212691.0,ns,24275113
64bit,fx,64,64,bytes,73372857.0,ns,24617016
64bit,fx,64,64,bytes,72117040.0,ns,24958919
64bit,fx,64,64,bytes,73464907.0,ns,25300822
64bit,fx,64,64,bytes,74149468.0,ns,25642725
64bit,fx,64,64,bytes,75207047.0,ns,25984628
64bit,fx,64,64,bytes,76122724.0,ns,26326531
64bit,fx,64,64,bytes,76785468.0,ns,26668434
64bit,fx,64,64,bytes,78031897.0,ns,27010337
64bit,fx,64,64,bytes,79276281.0,ns,27352240
64bit,fx,64,64,bytes,80062612.0,ns,27694143
64bit,fx,64,64,bytes,81368374.0,ns,28036046
64bit,fx,64,64,bytes,81875883.0,ns,28377949
64bit,fx,64,64,bytes,82746243.0,ns,28719852
64bit,fx,64,64,bytes,85880465.0,ns,29061755
64bit,fx,64,64,bytes,85151784.0,ns,29403658
64bit,fx,64,64,bytes,85951901.0,ns,29745561
64bit,fx,64,64,bytes,86834205.0,ns,30087464
64bit,fx,64,64,bytes,88085582.0,ns,30429367
64bit,fx,64,64,bytes,88723189.0,ns,30771270
64bit,fx,64,64,bytes,89857714.0,ns,31113173
64bit,fx,64,64,bytes,91109062.0,ns,31455076
64bit,fx,64,64,bytes,91992438.0,ns,31796979
64bit,fx,64,64,bytes,92834525.0,ns,32138882
64bit,fx,64,64,bytes,93690258.0,ns,32480785
64bit,fx,64,64,bytes,95877501.0,ns,32822688
64bit,fx,64,64,bytes,95744157.0,ns,33164591
64bit,fx,64,64,bytes,96543272.0,ns,33506494
64bit,fx,64,64,bytes,97882388.0,ns,33848397
64bit,fx,64,64,bytes,100121320.0,ns,34190300
64bit,fx,16,16,bytes,1066125.0,ns,760975
64bit,fx,16,16,bytes,2015807.0,ns,1521950
64bit,fx,16,16,bytes,2964798.0,ns,2282925
64bit,fx,16,16,bytes,3922365.0,ns,3043900
64bit,fx,16,16,bytes,4900683.0,ns,3804875
64bit,fx,16,16,bytes,5876996.0,ns,4565850
64bit,fx,16,16,bytes,6847848.0,ns,5326825
64bit,fx,16,16,bytes,7866331.0,ns,6087800
64bit,fx,16,16,bytes,8830021.0,ns,6848775
64bit,fx,16,16,bytes,9853525.0,ns,7609750
64bit,fx,16,16,bytes,10786385.0,ns,8370725
64bit,fx,16,16,bytes,11767417.0,ns,9131700
64bit,fx,16,16,bytes,12720235.0,ns,9892675
64bit,fx,16,16,bytes,13689044.0,ns,10653650
64bit,fx,16,16,bytes,14730651.0,ns,11414625
64bit,fx,16,16,bytes,15750538.0,ns,12175600
64bit,fx,16,16,bytes,17005162.0,ns,12936575
64bit,fx,16,16,bytes,17766194.0,ns,13697550
64bit,fx,16,16,bytes,18732248.0,ns,14458525
64bit,fx,16,16,bytes,19662523.0,ns,15219500
64bit,fx,16,16,bytes,20645329.0,ns,15980475
64bit,fx,16,16,bytes,21651289.0,ns,16741450
64bit,fx,16,16,bytes,22641639.0,ns,17502425
64bit,fx,16,16,bytes,23596881.0,ns,18263400
64bit,fx,16,16,bytes,24781602.0,ns,19024375
64bit,fx,16,16,bytes,26164391.0,ns,19785350
64bit,fx,16,16,bytes,27782559.0,ns,20546325
64bit,fx,16,16,bytes,27535678.0,ns,21307300
64bit,fx,16,16,bytes,28425747.0,ns,22068275
64bit,fx,16,16,bytes,29527349.0,ns,22829250
64bit,fx,16,16,bytes,30571662.0,ns,23590225
64bit,fx,16,16,bytes,32366447.0,ns,24351200
64bit,fx,16,16,bytes,33106750.0,ns,25112175
64bit,fx,16,16,bytes,33674222.0,ns,25873150
64bit,fx,16,16,bytes,34438291.0,ns,26634125
64bit,fx,16,16,bytes,35527911.0,ns,27395100
64bit,fx,16,16,bytes,36390336.0,ns,28156075
64bit,fx,16,16,bytes,37628608.0,ns,28917050
64bit,fx,16,16,bytes,38573352.0,ns,29678025
64bit,fx,16,16,bytes,39288336.0,ns,30439000
64bit,fx,16,16,bytes,40465042.0,ns,31199975
64bit,fx,16,16,bytes,41381431.0,ns,31960950
64bit,fx,16,16,bytes,42304302.0,ns,32721925
64bit,fx,16,16,bytes,43182658.0,ns,33482900
64bit,fx,16,16,bytes,44349545.0,ns,34243875
64bit,fx,16,16,bytes,45276333.0,ns,35004850
64bit,fx,16,16,bytes,46371323.0,ns,35765825
64bit,fx,16,16,bytes,47357295.0,ns,36526800
64bit,fx,16,16,bytes,48405525.0,ns,37287775
64bit,fx,16,16,bytes,49657264.0,ns,38048750
64bit,fx,16,16,bytes,50387418.0,ns,38809725
64bit,fx,16,16,bytes,52715840.0,ns,39570700
64bit,fx,16,16,bytes,52748163.0,ns,40331675
64bit,fx,16,16,bytes,53068464.0,ns,41092650
64bit,fx,16,16,bytes,53996515.0,ns,41853625
64bit,fx,16,16,bytes,55226733.0,ns,42614600
64bit,fx,16,16,bytes,56097705.0,ns,43375575
64bit,fx,16,16,bytes,57095178.0,ns,44136550
64bit,fx,16,16,bytes,57999334.0,ns,44897525
64bit,fx,16,16,bytes,58968202.0,ns,45658500
64bit,fx,16,16,bytes,59786805.0,ns,46419475
64bit,fx,16,16,bytes,60815699.0,ns,47180450
64bit,fx,16,16,bytes,61709104.0,ns,47941425
64bit,fx,16,16,bytes,62891250.0,ns,48702400
64bit,fx,16,16,bytes,63824490.0,ns,49463375
64bit,fx,16,16,bytes,69522494.0,ns,50224350
64bit,fx,16,16,bytes,67686380.0,ns,50985325
64bit,fx,16,16,bytes,67539520.0,ns,51746300
64bit,fx,16,16,bytes,70705702.0,ns,52507275
64bit,fx,16,16,bytes,69025115.0,ns,53268250
64bit,fx,16,16,bytes,70121177.0,ns,54029225
64bit,fx,16,16,bytes,71323341.0,ns,54790200
64bit,fx,16,16,bytes,72645954.0,ns,55551175
64bit,fx,16,16,bytes,73595137.0,ns,56312150
64bit,fx,16,16,bytes,73742728.0,ns,57073125
64bit,fx,16,16,bytes,74611486.0,ns,57834100
64bit,fx,16,16,bytes,75636301.0,ns,58595075
64bit,fx,16,16,bytes,76844296.0,ns,59356050
64bit,fx,16,16,bytes,77924989.0,ns,60117025
64bit,fx,16,16,bytes,80249446.0,ns,60878000
64bit,fx,16,16,bytes,80268962.0,ns,61638975
64bit,fx,16,16,bytes,81447572.0,ns,62399950
64bit,fx,16,16,bytes,83098412.0,ns,63160925
64bit,fx,16,16,bytes,82960939.0,ns,63921900
64bit,fx,16,16,bytes,83604909.0,ns,64682875
64bit,fx,16,16,bytes,84481311.0,ns,65443850
64bit,fx,16,16,bytes,86036308.0,ns,66204825
64bit,fx,16,16,bytes,86296736.0,ns,66965800
64bit,fx,16,16,bytes,87383109.0,ns,67726775
64bit,fx,16,16,bytes,88387184.0,ns,68487750
64bit,fx,16,16,bytes,89570042.0,ns,69248725
64bit,fx,16,16,bytes,90465421.0,ns,70009700
64bit,fx,16,16,bytes,91346733.0,ns,70770675
64bit,fx,16,16,bytes,94043098.0,ns,71531650
64bit,fx,16,16,bytes,93217012.0,ns,72292625
64bit,fx,16,16,bytes,95200327.0,ns,73053600
64bit,fx,16,16,bytes,95232919.0,ns,73814575
64bit,fx,16,16,bytes,96262704.0,ns,74575550
64bit,fx,16,16,bytes,97291718.0,ns,75336525
64bit,fx,16,16,bytes,98126210.0,ns,76097500
64bit,fx,1024,1024,bytes,989157.0,ns,8621
64bit,fx,1024,1024,bytes,1999605.0,ns,17242
64bit,fx,1024,1024,bytes,2954548.0,ns,25863
64bit,fx,1024,1024,bytes,3931983.0,ns,34484
64bit,fx,1024,1024,bytes,4892135.0,ns,43105
64bit,fx,1024,1024,bytes,5917351.0,ns,51726
64bit,fx,1024,1024,bytes,6878886.0,ns,60347
64bit,fx,1024,1024,bytes,7910274.0,ns,68968
64bit,fx,1024,1024,bytes,8945790.0,ns,77589
64bit,fx,1024,1024,bytes,9911924.0,ns,86210
64bit,fx,1024,1024,bytes,10859993.0,ns,94831
64bit,fx,1024,1024,bytes,11809945.0,ns,103452
64bit,fx,1024,1024,bytes,12814683.0,ns,112073
64bit,fx,1024,1024,bytes,13780245.0,ns,120694
64bit,fx,1024,1024,bytes,14750947.0,ns,129315
64bit,fx,1024,1024,bytes,15745064.0,ns,137936
64bit,fx,1024,1024,bytes,16701569.0,ns,146557
64bit,fx,1024,1024,bytes,17711276.0,ns,155178
64bit,fx,1024,1024,bytes,18711054.0,ns,163799
64bit,fx,1024,1024,bytes,19654123.0,ns,172420
64bit,fx,1024,1024,bytes,20689148.0,ns,181041
64bit,fx,1024,1024,bytes,21674198.0,ns,189662
64bit,fx,1024,1024,bytes,22717599.0,ns,198283
64bit,fx,1024,1024,bytes,23555929.0,ns,206904
64bit,fx,1024,1024,bytes,24550436.0,ns,215525
64bit,fx,1024,1024,bytes,25539804.0,ns,224146
64bit,fx,1024,1024,bytes,26558058.0,ns,232767
64bit,fx,1024,1024,bytes,27554889.0,ns,241388
64bit,fx,1024,1024,bytes,29198741.0,ns,250009
64bit,fx,1024,1024,bytes,30089345.0,ns,258630
64bit,fx,1024,1024,bytes,31052604.0,ns,267251
64bit,fx,1024,1024,bytes,32029537.0,ns,275872
64bit,fx,1024,1024,bytes,33808171.0,ns,284493
64bit,fx,1024,1024,bytes,35175380.0,ns,293114
64bit,fx,1024,1024,bytes,34782781.0,ns,301735
64bit,fx,1024,1024,bytes,35357788.0,ns,310356
64bit,fx,1024,1024,bytes,36281231.0,ns,318977
64bit,fx,1024,1024,bytes,37349068.0,ns,327598
64bit,fx,1024,1024,bytes,38954873.0,ns,336219
64bit,fx,1024,1024,bytes,40863856.0,ns,344840
64bit,fx,1024,1024,bytes,40288146.0,ns,353461
64bit,fx,1024,1024,bytes,41197071.0,ns,362082
64bit,fx,1024,1024,bytes,42191078.0,ns,370703
64bit,fx,1024,1024,bytes,43434540.0,ns,379324
64bit,fx,1024,1024,bytes,44209689.0,ns,387945
64bit,fx,1024,1024,bytes,45268850.0,ns,396566
64bit,fx,1024,1024,bytes,46108903.0,ns,405187
64bit,fx,1024,1024,bytes,47072452.0,ns,413808
64bit,fx,1024,1024,bytes,48060166.0,ns,422429
64bit,fx,1024,1024,bytes,49125709.0,ns,431050
64bit,fx,1024,1024,bytes,50007302.0,ns,439671
64bit,fx,1024,1024,bytes,51591115.0,ns,448292
64bit,fx,1024,1024,bytes,52252327.0,ns,456913
64bit,fx,1024,1024,bytes,54712390.0,ns,465534
64bit,fx,1024,1024,bytes,55059783.0,ns,474155
64bit,fx,1024,1024,bytes,56127480.0,ns,482776
64bit,fx,1024,1024,bytes,56301724.0,ns,491397
64bit,fx,1024,1024,bytes,56943798.0,ns,500018
64bit,fx,1024,1024,bytes,58072682.0,ns,508639
64bit,fx,1024,1024,bytes,60996331.0,ns,517260
64bit,fx,1024,1024,bytes,59912753.0,ns,525881
64bit,fx,1024,1024,bytes,60980521.0,ns,534502
64bit,fx,1024,1024,bytes,62098013.0,ns,543123
64bit,fx,1024,1024,bytes,63014292.0,ns,551744
64bit,fx,1024,1024,bytes,63880825.0,ns,560365
64bit,fx,1024,1024,bytes,64795089.0,ns,568986
64bit,fx,1024,1024,bytes,65814966.0,ns,577607
64bit,fx,1024,1024,bytes,66688362.0,ns,586228
64bit,fx,1024,1024,bytes,67708278.0,ns,594849
64bit,fx,1024,1024,bytes,68672658.0,ns,603470
64bit,fx,1024,1024,bytes,69782166.0,ns,612091
64bit,fx,1024,1024,bytes,70685209.0,ns,620712
64bit,fx,1024,1024,bytes,72029655.0,ns,629333
64bit,fx,1024,1024,bytes,72614450.0,ns,637954
64bit,fx,1024,1024,bytes,75779890.0,ns,646575
64bit,fx,1024,1024,bytes,74651106.0,ns,655196
64bit,fx,1024,1024,bytes,75663839.0,ns,663817
64bit,fx,1024,1024,bytes,76827890.0,ns,672438
64bit,fx,1024,1024,bytes,77602629.0,ns,681059
64bit,fx,1024,1024,bytes,78571277.0,ns,689680
64bit,fx,1024,1024,bytes,79567938.0,ns,698301
64bit,fx,1024,1024,bytes,80452647.0,ns,706922
64bit,fx,1024,1024,bytes,81735635.0,ns,715543
64bit,fx,1024,1024,bytes,82454116.0,ns,724164
64bit,fx,1024,1024,bytes,83543003.0,ns,732785
64bit,fx,1024,1024,bytes,84650147.0,ns,741406
64bit,fx,1024,1024,bytes,86662135.0,ns,750027
64bit,fx,1024,1024,bytes,87356852.0,ns,758648
64bit,fx,1024,1024,bytes,87282369.0,ns,767269
64bit,fx,1024,1024,bytes,88578562.0,ns,775890
64bit,fx,1024,1024,bytes,89487727.0,ns,784511
64bit,fx,1024,1024,bytes,90374129.0,ns,793132
64bit,fx,1024,1024,bytes,91251723.0,ns,801753
64bit,fx,1024,1024,bytes,92132354.0,ns,810374
64bit,fx,1024,1024,bytes,93319158.0,ns,818995
64bit,fx,1024,1024,bytes,95302994.0,ns,827616
64bit,fx,1024,1024,bytes,95536258.0,ns,836237
64bit,fx,1024,1024,bytes,97885932.0,ns,844858
64bit,fx,1024,1024,bytes,97802412.0,ns,853479
64bit,fx,1024,1024,bytes,98154986.0,ns,862100
64bit,fx,65536,65536,bytes,990299.0,ns,116
64bit,fx,65536,65536,bytes,1984937.0,ns,232
64bit,fx,65536,65536,bytes,2981588.0,ns,348
64bit,fx,65536,65536,bytes,3984162.0,ns,464
64bit,fx,65536,65536,bytes,4964273.0,ns,580
64bit,fx,65536,65536,bytes,5978968.0,ns,696
64bit,fx,65536,65536,bytes,6952646.0,ns,812
64bit,fx,65536,65536,bytes,7899863.0,ns,928
64bit,fx,65536,65536,bytes,8843514.0,ns,1044
64bit,fx,65536,65536,bytes,9823444.0,ns,1160
64bit,fx,65536,65536,bytes,10787133.0,ns,1276
64bit,fx,65536,65536,bytes,11750210.0,ns,1392
64bit,fx,65536,65536,bytes,12813208.0,ns,1508
64bit,fx,65536,65536,bytes,13796775.0,ns,1624
64bit,fx,65536,65536,bytes,14745675.0,ns,1740
64bit,fx,65536,65536,bytes,15923343.0,ns,1856
64bit,fx,65536,65536,bytes,16699834.0,ns,1972
64bit,fx,65536,65536,bytes,17713578.0,ns,2088
64bit,fx,65536,65536,bytes,18766828.0,ns,2204
64bit,fx,65536,65536,bytes,19853531.0,ns,2320
64bit,fx,65536,65536,bytes,20636926.0,ns,2436
64bit,fx,65536,65536,bytes,21947317.0,ns,2552
64bit,fx,65536,65536,bytes,22752031.0,ns,2668
64bit,fx,65536,65536,bytes,23779763.0,ns,2784
64bit,fx,65536,65536,bytes,24772317.0,ns,2900
64bit,fx,65536,65536,bytes,25758237.0,ns,3016
64bit,fx,65536,65536,bytes,26521023.0,ns,3132
64bit,fx,65536,65536,bytes,27441138.0,ns,3248
64bit,fx,65536,65536,bytes,28764484.0,ns,3364
64bit,fx,65536,65536,bytes,29422659.0,ns,3480
64bit,fx,65536,65536,bytes,30379085.0,ns,3596
64bit,fx,65536,65536,bytes,31344327.0,ns,3712
64bit,fx,65536,65536,bytes,32346769.0,ns,3828
64bit,fx,65536,65536,bytes,33756228.0,ns,3944
64bit,fx,65536,65536,bytes,34787716.0,ns,4060
64bit,fx,65536,65536,bytes,36940114.0,ns,4176
64bit,fx,65536,65536,bytes,37048270.0,ns,4292
64bit,fx,65536,65536,bytes,37474383.0,ns,4408
64bit,fx,65536,65536,bytes,38206039.0,ns,4524
64bit,fx,65536,65536,bytes,39176090.0,ns,4640
64bit,fx,65536,65536,bytes,40439871.0,ns,4756
64bit,fx,65536,65536,bytes,41275325.0,ns,4872
64bit,fx,65536,65536,bytes,42214257.0,ns,4988
64bit,fx,65536,65536,bytes,43441278.0,ns,5104
64bit,fx,65536,65536,bytes,44123048.0,ns,5220
64bit,fx,65536,65536,bytes,45007306.0,ns,5336
64bit,fx,65536,65536,bytes,46076877.0,ns,5452
64bit,fx,65536,65536,bytes,47339756.0,ns,5568
64bit,fx,65536,65536,bytes,48540647.0,ns,5684
64bit,fx,65536,65536,bytes,49094845.0,ns,5800
64bit,fx,65536,65536,bytes,50146842.0,ns,5916
64bit,fx,65536,65536,bytes,50938222.0,ns,6032
64bit,fx,65536,65536,bytes,51864399.0,ns,6148
64bit,fx,65536,65536,bytes,52904244.0,ns,6264
64bit,fx,65536,65536,bytes,53842213.0,ns,6380
64bit,fx,65536,65536,bytes,54992167.0,ns,6496
64bit,fx,65536,65536,bytes,56044445.0,ns,6612
64bit,fx,65536,65536,bytes,59160049.0,ns,6728
64bit,fx,65536,65536,bytes,57777101.0,ns,6844
64bit,fx,65536,65536,bytes,58723577.0,ns,6960
64bit,fx,65536,65536,bytes,59728925.0,ns,7076
64bit,fx,65536,65536,bytes,60729906.0,ns,7192
64bit,fx,65536,65536,bytes,61787483.0,ns,7308
64bit,fx,65536,65536,bytes,62723709.0,ns,7424
64bit,fx,65536,65536,bytes,63616664.0,ns,7540
64bit,fx,65536,65536,bytes,65095796.0,ns,7656
64bit,fx,65536,65536,bytes,65933294.0,ns,7772
64bit,fx,65536,65536,bytes,66765161.0,ns,7888
64bit,fx,65536,65536,bytes,67534338.0,ns,8004
64bit,fx,65536,65536,bytes,68495722.0,ns,8120
64bit,fx,65536,65536,bytes,69547389.0,ns,8236
64bit,fx,65536,65536,bytes,70556745.0,ns,8352
64bit,fx,65536,65536,bytes,72417195.0,ns,8468
64bit,fx,65536,65536,bytes,74597696.0,ns,8584
64bit,fx,65536,65536,bytes,75052503.0,ns,8700
64bit,fx,65536,65536,bytes,74486113.0,ns,8816
64bit,fx,65536,65536,bytes,75401859.0,ns,8932
64bit,fx,65536,65536,bytes,76431775.0,ns,9048
64bit,fx,65536,65536,bytes,77411465.0,ns,9164
64bit,fx,65536,65536,bytes,78675145.0,ns,9280
64bit,fx,65536,65536,bytes,79721932.0,ns,9396
64bit,fx,65536,65536,bytes,80261683.0,ns,9512
64bit,fx,65536,65536,bytes,81258605.0,ns,9628
64bit,fx,65536,65536,bytes,82257802.0,ns,9744
64bit,fx,65536,65536,bytes,83443113.0,ns,9860
64bit,fx,65536,65536,bytes,85188633.0,ns,9976
64bit,fx,65536,65536,bytes,86533609.0,ns,10092
64bit,fx,65536,65536,bytes,86161119.0,ns,10208
64bit,fx,65536,65536,bytes,87152240.0,ns,10324
64bit,fx,65536,65536,bytes,88288228.0,ns,10440
64bit,fx,65536,65536,bytes,89125474.0,ns,10556
64bit,fx,65536,65536,bytes,90429503.0,ns,10672
64bit,fx,65536,65536,bytes,91325413.0,ns,10788
64bit,fx,65536,65536,bytes,92082767.0,ns,10904
64bit,fx,65536,65536,bytes,93019976.0,ns,11020
64bit,fx,65536,65536,bytes,94066743.0,ns,11136
64bit,fx,65536,65536,bytes,96068963.0,ns,11252
64bit,fx,65536,65536,bytes,98228825.0,ns,11368
64bit,fx,65536,65536,bytes,96979170.0,ns,11484
64bit,fx,65536,65536,bytes,100552553.0,ns,11600
64bit,fnv,4096,4096,bytes,994518.0,ns,291
64bit,fnv,4096,4096,bytes,1971502.0,ns,582
64bit,fnv,4096,4096,bytes,2939930.0,ns,873
64bit,fnv,4096,4096,bytes,3917856.0,ns,1164
64bit,fnv,4096,4096,bytes,4891744.0,ns,1455
64bit,fnv,4096,4096,bytes,5878036.0,ns,1746
64bit,fnv,4096,4096,bytes,6846364.0,ns,2037
64bit,fnv,4096,4096,bytes,7907388.0,ns,2328
64bit,fnv,4096,4096,bytes,8805782.0,ns,2619
64bit,fnv,4096,4096,bytes,9844745.0,ns,2910
64bit,fnv,4096,4096,bytes,10775391.0,ns,3201
64bit,fnv,4096,4096,bytes,12047227.0,ns,3492
64bit,fnv,4096,4096,bytes,12796918.0,ns,3783
64bit,fnv,4096,4096,bytes,13734607.0,ns,4074
64bit,fnv,4096,4096,bytes,14717663.0,ns,4365
64bit,fnv,4096,4096,bytes,15687343.0,ns,4656
64bit,fnv,4096,4096,bytes,16659769.0,ns,4947
64bit,fnv,4096,4096,bytes,17621093.0,ns,5238
64bit,fnv,4096,4096,bytes,18630369.0,ns,5529
64bit,fnv,4096,4096,bytes,19632000.0,ns,5820
64bit,fnv,4096,4096,bytes,20576262.0,ns,6111
64bit,fnv,4096,4096,bytes,21544379.0,ns,6402
64bit,fnv,4096,4096,bytes,22590806.0,ns,6693
64bit,fnv,4096,4096,bytes,23534576.0,ns,6984
64bit,fnv,4096,4096,bytes,24534575.0,ns,7275
64bit,fnv,4096,4096,bytes,25685872.0,ns,7566
64bit,fnv,4096,4096,bytes,26536605.0,ns,7857
64bit,fnv,4096,4096,bytes,27598762.0,ns,8148
64bit,fnv,4096,4096,bytes,28470895.0,ns,8439
64bit,fnv,4096,4096,bytes,29419416.0,ns,8730
64bit,fnv,4096,4096,bytes,30419895.0,ns,9021
64bit,fnv,4096,4096,bytes,31410495.0,ns,9312
64bit,fnv,4096,4096,bytes,32336953.0,ns,9603
64bit,fnv,4096,4096,bytes,33352741.0,ns,9894
64bit,fnv,4096,4096,bytes,34317141.0,ns,10185
64bit,fnv,4096,4096,bytes,35836811.0,ns,10476
64bit,fnv,4096,4096,bytes,38129445.0,ns,10767
64bit,fnv,4096,4096,bytes,37395515.0,ns,11058
64bit,fnv,4096,4096,bytes,38479774.0,ns,11349
64bit,fnv,4096,4096,bytes,39654365.0,ns,11640
64bit,fnv,4096,4096,bytes,42979340.0,ns,11931
64bit,fnv,4096,4096,bytes,43090562.0,ns,12222
64bit,fnv,4096,4096,bytes,43871392.0,ns,12513
64bit,fnv,4096,4096,bytes,44592478.0,ns,12804
64bit,fnv,4096,4096,bytes,45591884.0,ns,13095
64bit,fnv,4096,4096,bytes,48166748.0,ns,13386
64bit,fnv,4096,4096,bytes,48826857.0,ns,13677
64bit,fnv,4096,4096,bytes,47285416.0,ns,13968
64bit,fnv,4096,4096,bytes,48111463.0,ns,14259
64bit,fnv,4096,4096,bytes,49130877.0,ns,14550
64bit,fnv,4096,4096,bytes,50104134.0,ns,14841
64bit,fnv,4096,4096,bytes,51255952.0,ns,15132
64bit,fnv,4096,4096,bytes,51931782.0,ns,15423
64bit,fnv,4096,4096,bytes,53461912.0,ns,15714
64bit,fnv,4096,4096,bytes,53995610.0,ns,16005
64bit,fnv,4096,4096,bytes,54951164.0,ns,16296
64bit,fnv,4096,4096,bytes,55924260.0,ns,16587
64bit,fnv,4096,4096,bytes,59222473.0,ns,16878
64bit,fnv,4096,4096,bytes,58160147.0,ns,17169
64bit,fnv,4096,4096,bytes,58885410.0,ns,17460
64bit,fnv,4096,4096,bytes,59779948.0,ns,17751
64bit,fnv,4096,4096,bytes,60787991.0,ns,18042
64bit,fnv,4096,4096,bytes,61764655.0,ns,18333
64bit,fnv,4096,4096,bytes,62720729.0,ns,18624
64bit,fnv,4096,4096,bytes,66371464.0,ns,18915
64bit,fnv,4096,4096,bytes,66522533.0,ns,19206
64bit,fnv,4096,4096,bytes,66003713.0,ns,19497
64bit,fnv,4096,4096,bytes,66943136.0,ns,19788
64bit,fnv,4096,4096,bytes,68046190.0,ns,20079
64bit,fnv,4096,4096,bytes,68667496.0,ns,20370
64bit,fnv,4096,4096,bytes,69722875.0,ns,20661
64bit,fnv,4096,4096,bytes,70667322.0,ns,20952
64bit,fnv,4096,4096,bytes,71556949.0,ns,21243
64bit,fnv,4096,4096,bytes,74721647.0,ns,21534
64bit,fnv,4096,4096,bytes,73817092.0,ns,21825
64bit,fnv,4096,4096,bytes,74960744.0,ns,22116
64bit,fnv,4096,4096,bytes,75528377.0,ns,22407
64bit,fnv,4096,4096,bytes,76477308.0,ns,22698
64bit,fnv,4096,4096,bytes,79389775.0,ns,22989
64bit,fnv,4096,4096,bytes,78419924.0,ns,23280
64bit,fnv,4096,4096,bytes,79377311.0,ns,23571
64bit,fnv,4096,4096,bytes,80446792.0,ns,23862
64bit,fnv,4096,4096,bytes,81525621.0,ns,24153
64bit,fnv,4096,4096,bytes,82318534.0,ns,24444
64bit,fnv,4096,4096,bytes,83414935.0,ns,24735
64bit,fnv,4096,4096,bytes,87801687.0,ns,25026
64bit,fnv,4096,4096,bytes,86425430.0,ns,25317
64bit,fnv,4096,4096,bytes,86306333.0,ns,25608
64bit,fnv,4096,4096,bytes,87196702.0,ns,25899
64bit,fnv,4096,4096,bytes,88293424.0,ns,26190
64bit,fnv,4096,4096,bytes,89560201.0,ns,26481
64bit,fnv,4096,4096,bytes,90292249.0,ns,26772
64bit,fnv,4096,4096,bytes,91145787.0,ns,27063
64bit,fnv,4096,4096,bytes,92303486.0,ns,27354
64bit,fnv,4096,4096,bytes,93224443.0,ns,27645
64bit,fnv,4096,4096,bytes,94168945.0,ns,27936
64bit,fnv,4096,4096,bytes,96054012.0,ns,28227
64bit,fnv,4096,4096,bytes,97113254.0,ns,28518
64bit,fnv,4096,4096,bytes,97318816.0,ns,28809
64bit,fnv,4096,4096,bytes,98595492.0,ns,29100
64bit,fnv,256,256,bytes,973558.0,ns,4934
64bit,fnv,256,256,bytes,1948649.0,ns,9868
64bit,fnv,256,256,bytes,2967313.0,ns,14802
64bit,fnv,256,256,bytes,4095275.0,ns,19736
64bit,fnv,256,256,bytes,4886844.0,ns,24670
64bit,fnv,256,256,bytes,5869390.0,ns,29604
64bit,fnv,256,256,bytes,7266036.0,ns,34538
64bit,fnv,256,256,bytes,7757072.0,ns,39472
64bit,fnv,256,256,bytes,8875286.0,ns,44406
64bit,fnv,256,256,bytes,9695411.0,ns,49340
64bit,fnv,256,256,bytes,11227605.0,ns,54274
64bit,fnv,256,256,bytes,12776039.0,ns,59208
64bit,fnv,256,256,bytes,14733034.0,ns,64142
64bit,fnv,256,256,bytes,15540945.0,ns,69076
64bit,fnv,256,256,bytes,15268125.0,ns,74010
64bit,fnv,256,256,bytes,16546354.0,ns,78944
64bit,fnv,256,256,bytes,18538696.0,ns,83878
64bit,fnv,256,256,bytes,19071342.0,ns,88812
64bit,fnv,256,256,bytes,19521241.0,ns,93746
64bit,fnv,256,256,bytes,20654624.0,ns,98680
64bit,fnv,256,256,bytes,22741686.0,ns,103614
64bit,fnv,256,256,bytes,22463445.0,ns,108548
64bit,fnv,256,256,bytes,23432445.0,ns,113482
64bit,fnv,256,256,bytes,23695015.0,ns,118416
64bit,fnv,256,256,bytes,24803361.0,ns,123350
64bit,fnv,256,256,bytes,27404144.0,ns,128284
64bit,fnv,256,256,bytes,29432764.0,ns,133218
64bit,fnv,256,256,bytes,28651705.0,ns,138152
64bit,fnv,256,256,bytes,29677331.0,ns,143086
64bit,fnv,256,256,bytes,30561268.0,ns,148020
64bit,fnv,256,256,bytes,31445545.0,ns,152954
64bit,fnv,256,256,bytes,32069916.0,ns,157888
64bit,fnv,256,256,bytes,33322998.0,ns,162822
64bit,fnv,256,256,bytes,33507731.0,ns,167756
64bit,fnv,256,256,bytes,34022092.0,ns,172690
64bit,fnv,256,256,bytes,36591385.0,ns,177624
64bit,fnv,256,256,bytes,37312931.0,ns,182558
64bit,fnv,256,256,bytes,37742501.0,ns,187492
64bit,fnv,256,256,bytes,38384897.0,ns,192426
64bit,fnv,256,256,bytes,41581347.0,ns,197360
64bit,fnv,256,256,bytes,41030977.0,ns,202294
64bit,fnv,256,256,bytes,40756102.0,ns,207228
64bit,fnv,256,256,bytes,43136694.0,ns,212162
64bit,fnv,256,256,bytes,43320686.0,ns,217096
64bit,fnv,256,256,bytes,43787106.0,ns,222030
64bit,fnv,256,256,bytes,44628691.0,ns,226964
64bit,fnv,256,256,bytes,47301332.0,ns,231898
64bit,fnv,256,256,bytes,48884883.0,ns,236832
64bit,fnv,256,256,bytes,47337471.0,ns,241766
64bit,fnv,256,256,bytes,49626829.0,ns,246700
64bit,fnv,256,256,bytes,49528361.0,ns,251634
64bit,fnv,256,256,bytes,52356989.0,ns,256568
64bit,fnv,256,256,bytes,52653345.0,ns,261502
64bit,fnv,256,256,bytes,52033121.0,ns,266436
64bit,fnv,256,256,bytes,53631862.0,ns,271370
64bit,fnv,256,256,bytes,55433320.0,ns,276304
64bit,fnv,256,256,bytes,55057482.0,ns,281238
64bit,fnv,256,256,bytes,56943010.0,ns,286172
64bit,fnv,256,256,bytes,58460836.0,ns,291106
64bit,fnv,256,256,bytes,57845352.0,ns,296040
64bit,fnv,256,256,bytes,59104846.0,ns,300974
64bit,fnv,256,256,bytes,61389936.0,ns,305908
64bit,fnv,256,256,bytes,65223101.0,ns,310842
64bit,fnv,256,256,bytes,62068862.0,ns,315776
64bit,fnv,256,256,bytes,62922580.0,ns,320710
64bit,fnv,256,256,bytes,64133471.0,ns,325644
64bit,fnv,256,256,bytes,65661227.0,ns,330578
64bit,fnv,256,256,bytes,66861206.0,ns,335512
64bit,fnv,256,256,bytes,69769726.0,ns,340446
64bit,fnv,256,256,bytes,68557814.0,ns,345380
64bit,fnv,256,256,bytes,69292876.0,ns,350314
64bit,fnv,256,256,bytes,69861391.0,ns,355248
64bit,fnv,256,256,bytes,71752189.0,ns,360182
64bit,fnv,256,256,bytes,72945597.0,ns,365116
64bit,fnv,256,256,bytes,73412798.0,ns,370050
64bit,fnv,256,256,bytes,74605335.0,ns,374984
64bit,fnv,256,256,bytes,75547391.0,ns,379918
64bit,fnv,256,256,bytes,75909453.0,ns,384852
64bit,fnv,256,256,bytes,77673920.0,ns,389786
64bit,fnv,256,256,bytes,82751589.0,ns,394720
64bit,fnv,256,256,bytes,82999181.0,ns,399654
64bit,fnv,256,256,bytes,83877778.0,ns,404588
64bit,fnv,256,256,bytes,85814955.0,ns,409522
64bit,fnv,256,256,bytes,86147128.0,ns,414456
64bit,fnv,256,256,bytes,82074567.0,ns,419390
64bit,fnv,256,256,bytes,82976518.0,ns,424324
64bit,fnv,256,256,bytes,85389768.0,ns,429258
64bit,fnv,256,256,bytes,84956106.0,ns,434192
64bit,fnv,256,256,bytes,85909074.0,ns,439126
64bit,fnv,256,256,bytes,87103924.0,ns,444060
64bit,fnv,256,256,bytes,87725069.0,ns,448994
64bit,fnv,256,256,bytes,88860741.0,ns,453928
64bit,fnv,256,256,bytes,89734684.0,ns,458862
64bit,fnv,256,256,bytes,92809622.0,ns,463796
64bit,fnv,256,256,bytes,91709422.0,ns,468730
64bit,fnv,256,256,bytes,92802829.0,ns,473664
64bit,fnv,256,256,bytes,93675835.0,ns,478598
64bit,fnv,256,256,bytes,94644803.0,ns,483532
64bit,fnv,256,256,bytes,95543048.0,ns,488466
64bit,fnv,256,256,bytes,96421364.0,ns,493400
64bit,sse,4,4,bytes,1026579.0,ns,37617
64bit,sse,4,4,bytes,2109826.0,ns,75234
64bit,sse,4,4,bytes,3148850.0,ns,112851
64bit,sse,4,4,bytes,4226225.0,ns,150468
64bit,sse,4,4,bytes,5571302.0,ns,188085
64bit,sse,4,4,bytes,6564828.0,ns,225702
64bit,sse,4,4,bytes,7529881.0,ns,263319
64bit,sse,4,4,bytes,8802042.0,ns,300936
64bit,sse,4,4,bytes,10228731.0,ns,338553
64bit,sse,4,4,bytes,11062301.0,ns,376170
64bit,sse,4,4,bytes,12314914.0,ns,413787
64bit,sse,4,4,bytes,13434990.0,ns,451404
64bit,sse,4,4,bytes,13623036.0,ns,489021
64bit,sse,4,4,bytes,15433004.0,ns,526638
64bit,sse,4,4,bytes,15327018.0,ns,564255
64bit,sse,4,4,bytes,17056641.0,ns,601872
64bit,sse,4,4,bytes,17604547.0,ns,639489
64bit,sse,4,4,bytes,18529852.0,ns,677106
64bit,sse,4,4,bytes,19334528.0,ns,714723
64bit,sse,4,4,bytes,19894116.0,ns,752340
64bit,sse,4,4,bytes,21170772.0,ns,789957
64bit,sse,4,4,bytes,22977380.0,ns,827574
64bit,sse,4,4,bytes,24373866.0,ns,865191
64bit,sse,4,4,bytes,25184787.0,ns,902808
64bit,sse,4,4,bytes,27158990.0,ns,940425
64bit,sse,4,4,bytes,29681053.0,ns,978042
64bit,sse,4,4,bytes,30408662.0,ns,1015659
64bit,sse,4,4,bytes,29236826.0,ns,1053276
64bit,sse,4,4,bytes,30986269.0,ns,1090893
64bit,sse,4,4,bytes,30399395.0,ns,1128510
64bit,sse,4,4,bytes,31046369.0,ns,1166127
64bit,sse,4,4,bytes,32369554.0,ns,1203744
64bit,sse,4,4,bytes,33270844.0,ns,1241361
64bit,sse,4,4,bytes,37821234.0,ns,1278978
64bit,sse,4,4,bytes,41460152.0,ns,1316595
64bit,sse,4,4,bytes,41022252.0,ns,1354212
64bit,sse,4,4,bytes,39234616.0,ns,1391829
64bit,sse,4,4,bytes,39465135.0,ns,1429446
64bit,sse,4,4,bytes,40105878.0,ns,1467063
64bit,sse,4,4,bytes,40930106.0,ns,1504680
64bit,sse,4,4,bytes,41716577.0,ns,1542297
64bit,sse,4,4,bytes,43235561.0,ns,1579914
64bit,sse,4,4,bytes,44408434.0,ns,1617531
64bit,sse,4,4,bytes,45030907.0,ns,1655148
64bit,sse,4,4,bytes,46358115.0,ns,1692765
64bit,sse,4,4,bytes,46205043.0,ns,1730382
64bit,sse,4,4,bytes,47327385.0,ns,1767999
64bit,sse,4,4,bytes,48614286.0,ns,1805616
64bit,sse,4,4,bytes,49775943.0,ns,1843233
64bit,sse,4,4,bytes,49880322.0,ns,1880850
64bit,sse,4,4,bytes,53692687.0,ns,1918467
64bit,sse,4,4,bytes,60408459.0,ns,1956084
64bit,sse,4,4,bytes,57554973.0,ns,1993701
64bit,sse,4,4,bytes,53654806.0,ns,2031318
64bit,sse,4,4,bytes,54042345.0,ns,2068935
64bit,sse,4,4,bytes,56073250.0,ns,2106552
64bit,sse,4,4,bytes,57461290.0,ns,2144169
64bit,sse,4,4,bytes,57511184.0,ns,2181786
64bit,sse,4,4,bytes,59564333.0,ns,2219403
64bit,sse,4,4,bytes,58079389.0,ns,2257020
64bit,sse,4,4,bytes,58972043.0,ns,2294637
64bit,sse,4,4,bytes,60704193.0,ns,2332254
64bit,sse,4,4,bytes,62846054.0,ns,2369871
64bit,sse,4,4,bytes,62636666.0,ns,2407488
64bit,sse,4,4,bytes,64799032.0,ns,2445105
64bit,sse,4,4,bytes,70451059.0,ns,2482722
64bit,sse,4,4,bytes,72916023.0,ns,2520339
64bit,sse,4,4,bytes,68839078.0,ns,2557956
64bit,sse,4,4,bytes,69314640.0,ns,2595573
64bit,sse,4,4,bytes,71165091.0,ns,2633190
64bit,sse,4,4,bytes,71402606.0,ns,2670807
64bit,sse,4,4,bytes,74099141.0,ns,2708424
64bit,sse,4,4,bytes,78970683.0,ns,2746041
64bit,sse,4,4,bytes,83502948.0,ns,2783658
64bit,sse,4,4,bytes,74755033.0,ns,2821275
64bit,sse,4,4,bytes,75814675.0,ns,2858892
64bit,sse,4,4,bytes,76925845.0,ns,2896509
64bit,sse,4,4,bytes,76885148.0,ns,2934126
64bit,sse,4,4,bytes,78270507.0,ns,2971743
64bit,sse,4,4,bytes,79529144.0,ns,3009360
64bit,sse,4,4,bytes,80810990.0,ns,3046977
64bit,sse,4,4,bytes,81985031.0,ns,3084594
64bit,sse,4,4,bytes,82218877.0,ns,3122211
64bit,sse,4,4,bytes,85387564.0,ns,3159828
64bit,sse,4,4,bytes,91178766.0,ns,3197445
64bit,sse,4,4,bytes,93295140.0,ns,3235062
64bit,sse,4,4,bytes,97220545.0,ns,3272679
64bit,sse,4,4,bytes,84765106.0,ns,3310296
64bit,sse,4,4,bytes,85303623.0,ns,3347913
64bit,sse,4,4,bytes,86821851.0,ns,3385530
64bit,sse,4,4,bytes,86789630.0,ns,3423147
64bit,sse,4,4,bytes,89410441.0,ns,3460764
64bit,sse,4,4,bytes,90696405.0,ns,3498381
64bit,sse,4,4,bytes,92673268.0,ns,3535998
64bit,sse,4,4,bytes,90691706.0,ns,3573615
64bit,sse,4,4,bytes,94050626.0,ns,3611232
64bit,sse,4,4,bytes,96872521.0,ns,3648849
64bit,sse,4,4,bytes,102416943.0,ns,3686466
64bit,sse,4,4,bytes,106714434.0,ns,3724083
64bit,sse,4,4,bytes,106800323.0,ns,3761700
64bit,sse,16384,16384,bytes,979850.0,ns,967
64bit,sse,16384,16384,bytes,1969348.0,ns,1934
64bit,sse,16384,16384,bytes,2965368.0,ns,2901
64bit,sse,16384,16384,bytes,3934718.0,ns,3868
64bit,sse,16384,16384,bytes,4915750.0,ns,4835
64bit,sse,16384,16384,bytes,5902832.0,ns,5802
64bit,sse,16384,16384,bytes,6910426.0,ns,6769
64bit,sse,16384,16384,bytes,7878412.0,ns,7736
64bit,sse,16384,16384,bytes,8888911.0,ns,8703
64bit,sse,16384,16384,bytes,9847499.0,ns,9670
64bit,sse,16384,16384,bytes,10815947.0,ns,10637
64bit,sse,16384,16384,bytes,11830032.0,ns,11604
64bit,sse,16384,16384,bytes,12788191.0,ns,12571
64bit,sse,16384,16384,bytes,13789671.0,ns,13538
64bit,sse,16384,16384,bytes,14771335.0,ns,14505
64bit,sse,16384,16384,bytes,15755482.0,ns,15472
64bit,sse,16384,16384,bytes,16754909.0,ns,16439
64bit,sse,16384,16384,bytes,17738786.0,ns,17406
64bit,sse,16384,16384,bytes,18753002.0,ns,18373
64bit,sse,16384,16384,bytes,19735467.0,ns,19340
64bit,sse,16384,16384,bytes,20684637.0,ns,20307
64bit,sse,16384,16384,bytes,22589091.0,ns,21274
64bit,sse,16384,16384,bytes,23695733.0,ns,22241
64bit,sse,16384,16384,bytes,23693068.0,ns,23208
64bit,sse,16384,16384,bytes,24664361.0,ns,24175
64bit,sse,16384,16384,bytes,25642147.0,ns,25142
64bit,sse,16384,16384,bytes,26687531.0,ns,26109
64bit,sse,16384,16384,bytes,27764937.0,ns,27076
64bit,sse,16384,16384,bytes,28607624.0,ns,28043
64bit,sse,16384,16384,bytes,29535626.0,ns,29010
64bit,sse,16384,16384,bytes,30585258.0,ns,29977
64bit,sse,16384,16384,bytes,31873055.0,ns,30944
64bit,sse,16384,16384,bytes,32777902.0,ns,31911
64bit,sse,16384,16384,bytes,33576756.0,ns,32878
64bit,sse,16384,16384,bytes,34530676.0,ns,33845
64bit,sse,16384,16384,bytes,35514473.0,ns,34812
64bit,sse,16384,16384,bytes,36437766.0,ns,35779
64bit,sse,16384,16384,bytes,37514429.0,ns,36746
64bit,sse,16384,16384,bytes,38457949.0,ns,37713
64bit,sse,16384,16384,bytes,39541818.0,ns,38680
64bit,sse,16384,16384,bytes,40489506.0,ns,39647
64bit,sse,16384,16384,bytes,41400955.0,ns,40614
64bit,sse,16384,16384,bytes,42468613.0,ns,41581
64bit,sse,16384,16384,bytes,43330096.0,ns,42548
64bit,sse,16384,16384,bytes,44325425.0,ns,43515
64bit,sse,16384,16384,bytes,45250400.0,ns,44482
64bit,sse,16384,16384,bytes,46315673.0,ns,45449
64bit,sse,16384,16384,bytes,47299811.0,ns,46416
64bit,sse,16384,16384,bytes,48313465.0,ns,47383
64bit,sse,16384,16384,bytes,50699838.0,ns,48350
64bit,sse,16384,16384,bytes,50819206.0,ns,49317
64bit,sse,16384,16384,bytes,51594645.0,ns,50284
64bit,sse,16384,16384,bytes,52535129.0,ns,51251
64bit,sse,16384,16384,bytes,53202844.0,ns,52218
64bit,sse,16384,16384,bytes,54634545.0,ns,53185
64bit,sse,16384,16384,bytes,55423851.0,ns,54152
64bit,sse,16384,16384,bytes,56236943.0,ns,55119
64bit,sse,16384,16384,bytes,57319539.0,ns,56086
64bit,sse,16384,16384,bytes,58266115.0,ns,57053
64bit,sse,16384,16384,bytes,59409707.0,ns,58020
64bit,sse,16384,16384,bytes,60190076.0,ns,58987
64bit,sse,16384,16384,bytes,61087598.0,ns,59954
64bit,sse,16384,16384,bytes,62472711.0,ns,60921
64bit,sse,16384,16384,bytes,63177416.0,ns,61888
64bit,sse,16384,16384,bytes,64137487.0,ns,62855
64bit,sse,16384,16384,bytes,65009772.0,ns,63822
64bit,sse,16384,16384,bytes,67423728.0,ns,64789
64bit,sse,16384,16384,bytes,67604973.0,ns,65756
64bit,sse,16384,16384,bytes,68113655.0,ns,66723
64bit,sse,16384,16384,bytes,71791081.0,ns,67690
64bit,sse,16384,16384,bytes,72774037.0,ns,68657
64bit,sse,16384,16384,bytes,72157871.0,ns,69624
64bit,sse,16384,16384,bytes,72333286.0,ns,70591
64bit,sse,16384,16384,bytes,73045645.0,ns,71558
64bit,sse,16384,16384,bytes,73998513.0,ns,72525
64bit,sse,16384,16384,bytes,74972712.0,ns,73492
64bit,sse,16384,16384,bytes,76040439.0,ns,74459
64bit,sse,16384,16384,bytes,76850504.0,ns,75426
64bit,sse,16384,16384,bytes,78072977.0,ns,76393
64bit,sse,16384,16384,bytes,79254081.0,ns,77360
64bit,sse,16384,16384,bytes,82468454.0,ns,78327
64bit,sse,16384,16384,bytes,82733339.0,ns,79294
64bit,sse,16384,16384,bytes,82157952.0,ns,80261
64bit,sse,16384,16384,bytes,83141639.0,ns,81228
64bit,sse,16384,16384,bytes,84417924.0,ns,82195
64bit,sse,16384,16384,bytes,85145943.0,ns,83162
64bit,sse,16384,16384,bytes,85777097.0,ns,84129
64bit,sse,16384,16384,bytes,86725607.0,ns,85096
64bit,sse,16384,16384,bytes,87609934.0,ns,86063
64bit,sse,16384,16384,bytes,89019484.0,ns,87030
64bit,sse,16384,16384,bytes,89672500.0,ns,87997
64bit,sse,16384,16384,bytes,90707936.0,ns,88964
64bit,sse,16384,16384,bytes,92901100.0,ns,89931
64bit,sse,16384,16384,bytes,92729463.0,ns,90898
64bit,sse,16384,16384,bytes,94190610.0,ns,91865
64bit,sse,16384,16384,bytes,95034601.0,ns,92832
64bit,sse,16384,16384,bytes,95715060.0,ns,93799
64bit,sse,16384,16384,bytes,96712743.0,ns,94766
64bit,sse,16384,16384,bytes,97700227.0,ns,95733
64bit,sse,16384,16384,bytes,98584545.0,ns,96700
64bit,sse,1,1,bytes,983818.0,ns,40600
64bit,sse,1,1,bytes,1983836.0,ns,81200
64bit,sse,1,1,bytes,2980859.0,ns,121800
64bit,sse,1,1,bytes,3885967.0,ns,162400
64bit,sse,1,1,bytes,4946090.0,ns,203000
64bit,sse,1,1,bytes,5811170.0,ns,243600
64bit,sse,1,1,bytes,6646164.0,ns,284200
64bit,sse,1,1,bytes,7604313.0,ns,324800
64bit,sse,1,1,bytes,8500744.0,ns,365400
64bit,sse,1,1,bytes,9477749.0,ns,406000
64bit,sse,1,1,bytes,10495892.0,ns,446600
64bit,sse,1,1,bytes,11346816.0,ns,487200
64bit,sse,1,1,bytes,12272703.0,ns,527800
64bit,sse,1,1,bytes,13313790.0,ns,568400
64bit,sse,1,1,bytes,14164413.0,ns,609000
64bit,sse,1,1,bytes,15227061.0,ns,649600
64bit,sse,1,1,bytes,16167175.0,ns,690200
64bit,sse,1,1,bytes,17395781.0,ns,730800
64bit,sse,1,1,bytes,18566104.0,ns,771400
64bit,sse,1,1,bytes,19518391.0,ns,812000
64bit,sse,1,1,bytes,20271137.0,ns,852600
64bit,sse,1,1,bytes,21332413.0,ns,893200
64bit,sse,1,1,bytes,22615953.0,ns,933800
64bit,sse,1,1,bytes,23411791.0,ns,974400
64bit,sse,1,1,bytes,24116606.0,ns,1015000
64bit,sse,1,1,bytes,25025812.0,ns,1055600
64bit,sse,1,1,bytes,26094392.0,ns,1096200
64bit,sse,1,1,bytes,26957628.0,ns,1136800
64bit,sse,1,1,bytes,27936397.0,ns,1177400
64bit,sse,1,1,bytes,28768355.0,ns,1218000
64bit,sse,1,1,bytes,29778282.0,ns,1258600
64bit,sse,1,1,bytes,30641059.0,ns,1299200
64bit,sse,1,1,bytes,31609618.0,ns,1339800
64bit,sse,1,1,bytes,33914155.0,ns,1380400
64bit,sse,1,1,bytes,34544118.0,ns,1421000
64bit,sse,1,1,bytes,35987823.0,ns,1461600
64bit,sse,1,1,bytes,37651689.0,ns,1502200
64bit,sse,1,1,bytes,37824739.0,ns,1542800
64bit,sse,1,1,bytes,38802254.0,ns,1583400
64bit,sse,1,1,bytes,39751065.0,ns,1624000
64bit,sse,1,1,bytes,40591940.0,ns,1664600
64bit,sse,1,1,bytes,41895397.0,ns,1705200
64bit,sse,1,1,bytes,42570526.0,ns,1745800
64bit,sse,1,1,bytes,43444815.0,ns,1786400
64bit,sse,1,1,bytes,45645334.0,ns,1827000
64bit,sse,1,1,bytes,45839836.0,ns,1867600
64bit,sse,1,1,bytes,46717470.0,ns,1908200
64bit,sse,1,1,bytes,47965051.0,ns,1948800
64bit,sse,1,1,bytes,48897892.0,ns,1989400
64bit,sse,1,1,bytes,47669517.0,ns,2030000
64bit,sse,1,1,bytes,48350537.0,ns,2070600
64bit,sse,1,1,bytes,49968435.0,ns,2111200
64bit,sse,1,1,bytes,50978353.0,ns,2151800
64bit,sse,1,1,bytes,51565302.0,ns,2192400
64bit,sse,1,1,bytes,52231744.0,ns,2233000
64bit,sse,1,1,bytes,53261730.0,ns,2273600
64bit,sse,1,1,bytes,53859516.0,ns,2314200
64bit,sse,1,1,bytes,55074119.0,ns,2354800
64bit,sse,1,1,bytes,57581926.0,ns,2395400
64bit,sse,1,1,bytes,56702757.0,ns,2436000
64bit,sse,1,1,bytes,57761037.0,ns,2476600
64bit,sse,1,1,bytes,59714204.0,ns,2517200
64bit,sse,1,1,bytes,59555893.0,ns,2557800
64bit,sse,1,1,bytes,61494232.0,ns,2598400
64bit,sse,1,1,bytes,61962631.0,ns,2639000
64bit,sse,1,1,bytes,63103703.0,ns,2679600
64bit,sse,1,1,bytes,63805734.0,ns,2720200
64bit,sse,1,1,bytes,64667028.0,ns,2760800
64bit,sse,1,1,bytes,66126373.0,ns,2801400
64bit,sse,1,1,bytes,66870783.0,ns,2842000
64bit,sse,1,1,bytes,67726727.0,ns,2882600
64bit,sse,1,1,bytes,68552984.0,ns,2923200
64bit,sse,1,1,bytes,69242549.0,ns,2963800
64bit,sse,1,1,bytes,71572026.0,ns,3004400
64bit,sse,1,1,bytes,71595180.0,ns,3045000
64bit,sse,1,1,bytes,72728803.0,ns,3085600
64bit,sse,1,1,bytes,73157451.0,ns,3126200
64bit,sse,1,1,bytes,73887785.0,ns,3166800
64bit,sse,1,1,bytes,77524496.0,ns,3207400
64bit,sse,1,1,bytes,77029862.0,ns,3248000
64bit,sse,1,1,bytes,77797377.0,ns,3288600
64bit,sse,1,1,bytes,79754642.0,ns,3329200
64bit,sse,1,1,bytes,80563647.0,ns,3369800
64bit,sse,1,1,bytes,81804544.0,ns,3410400
64bit,sse,1,1,bytes,82335738.0,ns,3451000
64bit,sse,1,1,bytes,83413365.0,ns,3491600
64bit,sse,1,1,bytes,85149118.0,ns,3532200
64bit,sse,1,1,bytes,85171510.0,ns,3572800
64bit,sse,1,1,bytes,86873719.0,ns,3613400
64bit,sse,1,1,bytes,87024867.0,ns,3654000
64bit,sse,1,1,bytes,90592306.0,ns,3694600
64bit,sse,1,1,bytes,89135576.0,ns,3735200
64bit,sse,1,1,bytes,90405379.0,ns,3775800
64bit,sse,1,1,bytes,92577774.0,ns,3816400
64bit,sse,1,1,bytes,94928932.0,ns,3857000
64bit,sse,1,1,bytes,101581118.0,ns,3897600
64bit,sse,1,1,bytes,96217401.0,ns,3938200
64bit,sse,1,1,bytes,99754121.0,ns,3978800
64bit,sse,1,1,bytes,99492582.0,ns,4019400
64bit,sse,1,1,bytes,99142705.0,ns,4060000
64bit,sse,64,64,bytes,1026319.0,ns,50748
64bit,sse,64,64,bytes,1956103.0,ns,101496
64bit,sse,64,64,bytes,2922838.0,ns,152244
64bit,sse,64,64,bytes,3902918.0,ns,202992
64bit,sse,64,64,bytes,4909980.0,ns,253740
64bit,sse,64,64,bytes,5862748.0,ns,304488
64bit,sse,64,64,bytes,6843139.0,ns,355236
64bit,sse,64,64,bytes,7825071.0,ns,405984
64bit,sse,64,64,bytes,8813288.0,ns,456732
64bit,sse,64,64,bytes,9763631.0,ns,507480
64bit,sse,64,64,bytes,10716720.0,ns,558228
64bit,sse,64,64,bytes,11697471.0,ns,608976
64bit,sse,64,64,bytes,12732306.0,ns,659724
64bit,sse,64,64,bytes,13674494.0,ns,710472
64bit,sse,64,64,bytes,14664854.0,ns,761220
64bit,sse,64,64,bytes,15601511.0,ns,811968
64bit,sse,64,64,bytes,16589216.0,ns,862716
64bit,sse,64,64,bytes,17985791.0,ns,913464
64bit,sse,64,64,bytes,19251988.0,ns,964212
64bit,sse,64,64,bytes,20034882.0,ns,1014960
64bit,sse,64,64,bytes,21082680.0,ns,1065708
64bit,sse,64,64,bytes,22126613.0,ns,1116456
64bit,sse,64,64,bytes,24557713.0,ns,1167204
64bit,sse,64,64,bytes,24569825.0,ns,1217952
64bit,sse,64,64,bytes,25083715.0,ns,1268700
64bit,sse,64,64,bytes,26099795.0,ns,1319448
64bit,sse,64,64,bytes,27164727.0,ns,1370196
64bit,sse,64,64,bytes,28362763.0,ns,1420944
64bit,sse,64,64,bytes,29151989.0,ns,1471692
64bit,sse,64,64,bytes,30186643.0,ns,1522440
64bit,sse,64,64,bytes,31103183.0,ns,1573188
64bit,sse,64,64,bytes,32143287.0,ns,1623936
64bit,sse,64,64,bytes,33122947.0,ns,1674684
64bit,sse,64,64,bytes,33421888.0,ns,1725432
64bit,sse,64,64,bytes,34432356.0,ns,1776180
64bit,sse,64,64,bytes,35417556.0,ns,1826928
64bit,sse,64,64,bytes,36431330.0,ns,1877676
64bit,sse,64,64,bytes,37377184.0,ns,1928424
64bit,sse,64,64,bytes,38592464.0,ns,1979172
64bit,sse,64,64,bytes,39280136.0,ns,2029920
64bit,sse,64,64,bytes,40278672.0,ns,2080668
64bit,sse,64,64,bytes,41279341.0,ns,2131416
64bit,sse,64,64,bytes,42193366.0,ns,2182164
64bit,sse,64,64,bytes,43140223.0,ns,2232912
64bit,sse,64,64,bytes,44272373.0,ns,2283660
64bit,sse,64,64,bytes,45325693.0,ns,2334408
64bit,sse,64,64,bytes,46264595.0,ns,2385156
64bit,sse,64,64,bytes,47124896.0,ns,2435904
64bit,sse,64,64,bytes,48455796.0,ns,2486652
64bit,sse,64,64,bytes,52335459.0,ns,2537400
64bit,sse,64,64,bytes,53218354.0,ns,2588148
64bit,sse,64,64,bytes,53464905.0,ns,2638896
64bit,sse,64,64,bytes,54633885.0,ns,2689644
64bit,sse,64,64,bytes,55619746.0,ns,2740392
64bit,sse,64,64,bytes,56616990.0,ns,2791140
64bit,sse,64,64,bytes,57814213.0,ns,2841888
64bit,sse,64,64,bytes,58900838.0,ns,2892636
64bit,sse,64,64,bytes,60121978.0,ns,2943384
64bit,sse,64,64,bytes,62747167.0,ns,2994132
64bit,sse,64,64,bytes,62839143.0,ns,3044880
64bit,sse,64,64,bytes,62741266.0,ns,3095628
64bit,sse,64,64,bytes,63748067.0,ns,3146376
64bit,sse,64,64,bytes,66691273.0,ns,3197124
64bit,sse,64,64,bytes,65729478.0,ns,3247872
64bit,sse,64,64,bytes,66872279.0,ns,3298620
64bit,sse,64,64,bytes,64377158.0,ns,3349368
64bit,sse,64,64,bytes,67467926.0,ns,3400116
64bit,sse,64,64,bytes,66382063.0,ns,3450864
64bit,sse,64,64,bytes,67410416.0,ns,3501612
64bit,sse,64,64,bytes,68787694.0,ns,3552360
64bit,sse,64,64,bytes,69259033.0,ns,3603108
64bit,sse,64,64,bytes,70243883.0,ns,3653856
64bit,sse,64,64,bytes,71276042.0,ns,3704604
64bit,sse,64,64,bytes,72283104.0,ns,3755352
64bit,sse,64,64,bytes,73362284.0,ns,3806100
64bit,sse,64,64,bytes,74138214.0,ns,3856848
64bit,sse,64,64,bytes,75023142.0,ns,3907596
64bit,sse,64,64,bytes,76082674.0,ns,3958344
64bit,sse,64,64,bytes,77050813.0,ns,4009092
64bit,sse,64,64,bytes,77954998.0,ns,4059840
64bit,sse,64,64,bytes,80736315.0,ns,4110588
64bit,sse,64,64,bytes,82498557.0,ns,4161336
64bit,sse,64,64,bytes,83327290.0,ns,4212084
64bit,sse,64,64,bytes,84199103.0,ns,4262832
64bit,sse,64,64,bytes,85620264.0,ns,4313580
64bit,sse,64,64,bytes,86817869.0,ns,4364328
64bit,sse,64,64,bytes,87867112.0,ns,4415076
64bit,sse,64,64,bytes,88416340.0,ns,4465824
64bit,sse,64,64,bytes,89498144.0,ns,4516572
64bit,sse,64,64,bytes,90695679.0,ns,4567320
64bit,sse,64,64,bytes,91425322.0,ns,4618068
64bit,sse,64,64,bytes,92424499.0,ns,4668816
64bit,sse,64,64,bytes,94985666.0,ns,4719564
64bit,sse,64,64,bytes,94568490.0,ns,4770312
64bit,sse,64,64,bytes,95371792.0,ns,4821060
64bit,sse,64,64,bytes,97114623.0,ns,4871808
64bit,sse,64,64,bytes,97681821.0,ns,4922556
64bit,sse,64,64,bytes,96910840.0,ns,4973304
64bit,sse,64,64,bytes,97393881.0,ns,5024052
64bit,sse,64,64,bytes,98863129.0,ns,5074800
64bit,sse,16,16,bytes,975472.0,ns,42250
64bit,sse,16,16,bytes,2018712.0,ns,84500
64bit,sse,16,16,bytes,2978414.0,ns,126750
64bit,sse,16,16,bytes,3968363.0,ns,169000
64bit,sse,16,16,bytes,4982398.0,ns,211250
64bit,sse,16,16,bytes,5975604.0,ns,253500
64bit,sse,16,16,bytes,6961815.0,ns,295750
64bit,sse,16,16,bytes,7961623.0,ns,338000
64bit,sse,16,16,bytes,8973074.0,ns,380250
64bit,sse,16,16,bytes,9932936.0,ns,422500
64bit,sse,16,16,bytes,10943914.0,ns,464750
64bit,sse,16,16,bytes,12046428.0,ns,507000
64bit,sse,16,16,bytes,12888004.0,ns,549250
64bit,sse,16,16,bytes,13973626.0,ns,591500
64bit,sse,16,16,bytes,14909021.0,ns,633750
64bit,sse,16,16,bytes,15972701.0,ns,676000
64bit,sse,16,16,bytes,16924617.0,ns,718250
64bit,sse,16,16,bytes,17711159.0,ns,760500
64bit,sse,16,16,bytes,18685428.0,ns,802750
64bit,sse,16,16,bytes,19711706.0,ns,845000
64bit,sse,16,16,bytes,20803560.0,ns,887250
64bit,sse,16,16,bytes,21626400.0,ns,929500
64bit,sse,16,16,bytes,22622922.0,ns,971750
64bit,sse,16,16,bytes,23611859.0,ns,1014000
64bit,sse,16,16,bytes,24765591.0,ns,1056250
64bit,sse,16,16,bytes,25636893.0,ns,1098500
64bit,sse,16,16,bytes,26653563.0,ns,1140750
64bit,sse,16,16,bytes,28078963.0,ns,1183000
64bit,sse,16,16,bytes,28802545.0,ns,1225250
64bit,sse,16,16,bytes,29745705.0,ns,1267500
64bit,sse,16,16,bytes,31512796.0,ns,1309750
64bit,sse,16,16,bytes,32219174.0,ns,1352000
64bit,sse,16,16,bytes,33581294.0,ns,1394250
64bit,sse,16,16,bytes,33811022.0,ns,1436500
64bit,sse,16,16,bytes,35529832.0,ns,1478750
64bit,sse,16,16,bytes,36296416.0,ns,1521000
64bit,sse,16,16,bytes,36490265.0,ns,1563250
64bit,sse,16,16,bytes,37563934.0,ns,1605500
64bit,sse,16,16,bytes,38466776.0,ns,1647750
64bit,sse,16,16,bytes,39327800.0,ns,1690000
64bit,sse,16,16,bytes,40383033.0,ns,1732250
64bit,sse,16,16,bytes,41565961.0,ns,1774500
64bit,sse,16,16,bytes,42386608.0,ns,1816750
64bit,sse,16,16,bytes,43308627.0,ns,1859000
64bit,sse,16,16,bytes,44395190.0,ns,1901250
64bit,sse,16,16,bytes,45374199.0,ns,1943500
64bit,sse,16,16,bytes,46244329.0,ns,1985750
64bit,sse,16,16,bytes,47149416.0,ns,2028000
64bit,sse,16,16,bytes,48202256.0,ns,2070250
64bit,sse,16,16,bytes,48693623.0,ns,2112500
64bit,sse,16,16,bytes,49578412.0,ns,2154750
64bit,sse,16,16,bytes,50738685.0,ns,2197000
64bit,sse,16,16,bytes,51656276.0,ns,2239250
64bit,sse,16,16,bytes,52494437.0,ns,2281500
64bit,sse,16,16,bytes,53473725.0,ns,2323750
64bit,sse,16,16,bytes,54793293.0,ns,2366000
64bit,sse,16,16,bytes,56620811.0,ns,2408250
64bit,sse,16,16,bytes,56875176.0,ns,2450500
64bit,sse,16,16,bytes,57545294.0,ns,2492750
64bit,sse,16,16,bytes,58367203.0,ns,2535000
64bit,sse,16,16,bytes,59221403.0,ns,2577250
64bit,sse,16,16,bytes,60496166.0,ns,2619500
64bit,sse,16,16,bytes,61295472.0,ns,2661750
64bit,sse,16,16,bytes,62338953.0,ns,2704000
64bit,sse,16,16,bytes,63314334.0,ns,2746250
64bit,sse,16,16,bytes,65503622.0,ns,2788500
64bit,sse,16,16,bytes,66510743.0,ns,2830750
64bit,sse,16,16,bytes,67529257.0,ns,2873000
64bit,sse,16,16,bytes,68478208.0,ns,2915250
64bit,sse,16,16,bytes,69498135.0,ns,2957500
64bit,sse,16,16,bytes,70660944.0,ns,2999750
64bit,sse,16,16,bytes,73368821.0,ns,3042000
64bit,sse,16,16,bytes,74176302.0,ns,3084250
64bit,sse,16,16,bytes,73738095.0,ns,3126500
64bit,sse,16,16,bytes,74579802.0,ns,3168750
64bit,sse,16,16,bytes,75388275.0,ns,3211000
64bit,sse,16,16,bytes,76679158.0,ns,3253250
64bit,sse,16,16,bytes,77429089.0,ns,3295500
64bit,sse,16,16,bytes,78441231.0,ns,3337750
64bit,sse,16,16,bytes,79329176.0,ns,3380000
64bit,sse,16,16,bytes,80527983.0,ns,3422250
64bit,sse,16,16,bytes,80467598.0,ns,3464500
64bit,sse,16,16,bytes,81425756.0,ns,3506750
64bit,sse,16,16,bytes,82528490.0,ns,3549000
64bit,sse,16,16,bytes,84428706.0,ns,3591250
64bit,sse,16,16,bytes,85573887.0,ns,3633500
64bit,sse,16,16,bytes,85414227.0,ns,3675750
64bit,sse,16,16,bytes,86292304.0,ns,3718000
64bit,sse,16,16,bytes,87517351.0,ns,3760250
64bit,sse,16,16,bytes,88705448.0,ns,3802500
64bit,sse,16,16,bytes,89567973.0,ns,3844750
64bit,sse,16,16,bytes,90229196.0,ns,3887000
64bit,sse,16,16,bytes,91281063.0,ns,3929250
64bit,sse,16,16,bytes,92668491.0,ns,3971500
64bit,sse,16,16,bytes,93325264.0,ns,4013750
64bit,sse,16,16,bytes,94605407.0,ns,4056000
64bit,sse,16,16,bytes,96944330.0,ns,4098250
64bit,sse,16,16,bytes,96348554.0,ns,4140500
64bit,sse,16,16,bytes,97580464.0,ns,4182750
64bit,sse,16,16,bytes,98910843.0,ns,4225000
64bit,sse,1024,1024,bytes,998485.0,ns,12735
64bit,sse,1024,1024,bytes,1977915.0,ns,25470
64bit,sse,1024,1024,bytes,2961331.0,ns,38205
64bit,sse,1024,1024,bytes,3941201.0,ns,50940
64bit,sse,1024,1024,bytes,4943413.0,ns,63675
64bit,sse,1024,1024,bytes,5912261.0,ns,76410
64bit,sse,1024,1024,bytes,6909855.0,ns,89145
64bit,sse,1024,1024,bytes,8020284.0,ns,101880
64bit,sse,1024,1024,bytes,8722494.0,ns,114615
64bit,sse,1024,1024,bytes,9776886.0,ns,127350
64bit,sse,1024,1024,bytes,10783617.0,ns,140085
64bit,sse,1024,1024,bytes,11792432.0,ns,152820
64bit,sse,1024,1024,bytes,12768966.0,ns,165555
64bit,sse,1024,1024,bytes,13770095.0,ns,178290
64bit,sse,1024,1024,bytes,14761156.0,ns,191025
64bit,sse,1024,1024,bytes,15915790.0,ns,203760
64bit,sse,1024,1024,bytes,16937418.0,ns,216495
64bit,sse,1024,1024,bytes,17813491.0,ns,229230
64bit,sse,1024,1024,bytes,18786728.0,ns,241965
64bit,sse,1024,1024,bytes,19820781.0,ns,254700
64bit,sse,1024,1024,bytes,20807053.0,ns,267435
64bit,sse,1024,1024,bytes,22109227.0,ns,280170
64bit,sse,1024,1024,bytes,24169579.0,ns,292905
64bit,sse,1024,1024,bytes,24027478.0,ns,305640
64bit,sse,1024,1024,bytes,24794711.0,ns,318375
64bit,sse,1024,1024,bytes,25841880.0,ns,331110
64bit,sse,1024,1024,bytes,26828052.0,ns,343845
64bit,sse,1024,1024,bytes,27734601.0,ns,356580
64bit,sse,1024,1024,bytes,28687419.0,ns,369315
64bit,sse,1024,1024,bytes,29676036.0,ns,382050
64bit,sse,1024,1024,bytes,30761688.0,ns,394785
64bit,sse,1024,1024,bytes,32212105.0,ns,407520
64bit,sse,1024,1024,bytes,32810737.0,ns,420255
64bit,sse,1024,1024,bytes,34152523.0,ns,432990
64bit,sse,1024,1024,bytes,34917627.0,ns,445725
64bit,sse,1024,1024,bytes,35491383.0,ns,458460
64bit,sse,1024,1024,bytes,36511669.0,ns,471195
64bit,sse,1024,1024,bytes,37480999.0,ns,483930
64bit,sse,1024,1024,bytes,38900648.0,ns,496665
64bit,sse,1024,1024,bytes,41055079.0,ns,509400
64bit,sse,1024,1024,bytes,40681556.0,ns,522135
64bit,sse,1024,1024,bytes,41551836.0,ns,534870
64bit,sse,1024,1024,bytes,42444309.0,ns,547605
64bit,sse,1024,1024,bytes,43369004.0,ns,560340
64bit,sse,1024,1024,bytes,44402316.0,ns,573075
64bit,sse,1024,1024,bytes,45350755.0,ns,585810
64bit,sse,1024,1024,bytes,46340895.0,ns,598545
64bit,sse,1024,1024,bytes,47311336.0,ns,611280
64bit,sse,1024,1024,bytes,48280155.0,ns,624015
64bit,sse,1024,1024,bytes,50750880.0,ns,636750
64bit,sse,1024,1024,bytes,51922485.0,ns,649485
64bit,sse,1024,1024,bytes,52043726.0,ns,662220
64bit,sse,1024,1024,bytes,52977849.0,ns,674955
64bit,sse,1024,1024,bytes,54002474.0,ns,687690
64bit,sse,1024,1024,bytes,55403888.0,ns,700425
64bit,sse,1024,1024,bytes,56306531.0,ns,713160
64bit,sse,1024,1024,bytes,57811482.0,ns,725895
64bit,sse,1024,1024,bytes,60966763.0,ns,738630
64bit,sse,1024,1024,bytes,60670267.0,ns,751365
64bit,sse,1024,1024,bytes,60271035.0,ns,764100
64bit,sse,1024,1024,bytes,61075490.0,ns,776835
64bit,sse,1024,1024,bytes,62010525.0,ns,789570
64bit,sse,1024,1024,bytes,62955658.0,ns,802305
64bit,sse,1024,1024,bytes,63967669.0,ns,815040
64bit,sse,1024,1024,bytes,64979510.0,ns,827775
64bit,sse,1024,1024,bytes,65036409.0,ns,840510
64bit,sse,1024,1024,bytes,67553261.0,ns,853245
64bit,sse,1024,1024,bytes,68599046.0,ns,865980
64bit,sse,1024,1024,bytes,68267934.0,ns,878715
64bit,sse,1024,1024,bytes,68978871.0,ns,891450
64bit,sse,1024,1024,bytes,70458935.0,ns,904185
64bit,sse,1024,1024,bytes,71140807.0,ns,916920
64bit,sse,1024,1024,bytes,72002700.0,ns,929655
64bit,sse,1024,1024,bytes,72964667.0,ns,942390
64bit,sse,1024,1024,bytes,74994339.0,ns,955125
64bit,sse,1024,1024,bytes,75282710.0,ns,967860
64bit,sse,1024,1024,bytes,75866955.0,ns,980595
64bit,sse,1024,1024,bytes,76897511.0,ns,993330
64bit,sse,1024,1024,bytes,77905514.0,ns,1006065
64bit,sse,1024,1024,bytes,78814459.0,ns,1018800
64bit,sse,1024,1024,bytes,81627948.0,ns,1031535
64bit,sse,1024,1024,bytes,81728098.0,ns,1044270
64bit,sse,1024,1024,bytes,82509689.0,ns,1057005
64bit,sse,1024,1024,bytes,86371960.0,ns,1069740
64bit,sse,1024,1024,bytes,85415334.0,ns,1082475
64bit,sse,1024,1024,bytes,86876583.0,ns,1095210
64bit,sse,1024,1024,bytes,90961727.0,ns,1107945
64bit,sse,1024,1024,bytes,92013825.0,ns,1120680
64bit,sse,1024,1024,bytes,93904422.0,ns,1133415
64bit,sse,1024,1024,bytes,89912295.0,ns,1146150
64bit,sse,1024,1024,bytes,90200475.0,ns,1158885
64bit,sse,1024,1024,bytes,92212594.0,ns,1171620
64bit,sse,1024,1024,bytes,93506559.0,ns,1184355
64bit,sse,1024,1024,bytes,93368640.0,ns,1197090
64bit,sse,1024,1024,bytes,94554232.0,ns,1209825
64bit,sse,1024,1024,bytes,95337216.0,ns,1222560
64bit,sse,1024,1024,bytes,96391999.0,ns,1235295
64bit,sse,1024,1024,bytes,96876964.0,ns,1248030
64bit,sse,1024,1024,bytes,97822088.0,ns,1260765
64bit,sse,1024,1024,bytes,98781559.0,ns,1273500
64bit,sse,65536,65536,bytes,988236.0,ns,245
64bit,sse,65536,65536,bytes,1964308.0,ns,490
64bit,sse,65536,65536,bytes,2949608.0,ns,735
64bit,sse,65536,65536,bytes,3936351.0,ns,980
64bit,sse,65536,65536,bytes,4925709.0,ns,1225
64bit,sse,65536,65536,bytes,5929824.0,ns,1470
64bit,sse,65536,65536,bytes,6882492.0,ns,1715
64bit,sse,65536,65536,bytes,7975127.0,ns,1960
64bit,sse,65536,65536,bytes,8860647.0,ns,2205
64bit,sse,65536,65536,bytes,9846668.0,ns,2450
64bit,sse,65536,65536,bytes,10850994.0,ns,2695
64bit,sse,65536,65536,bytes,11824732.0,ns,2940
64bit,sse,65536,65536,bytes,12809470.0,ns,3185
64bit,sse,65536,65536,bytes,13784020.0,ns,3430
64bit,sse,65536,65536,bytes,14797975.0,ns,3675
64bit,sse,65536,65536,bytes,15948190.0,ns,3920
64bit,sse,65536,65536,bytes,16829441.0,ns,4165
64bit,sse,65536,65536,bytes,17760818.0,ns,4410
64bit,sse,65536,65536,bytes,18746720.0,ns,4655
64bit,sse,65536,65536,bytes,19711510.0,ns,4900
64bit,sse,65536,65536,bytes,20776442.0,ns,5145
64bit,sse,65536,65536,bytes,21809583.0,ns,5390
64bit,sse,65536,65536,bytes,23057123.0,ns,5635
64bit,sse,65536,65536,bytes,23762470.0,ns,5880
64bit,sse,65536,65536,bytes,24708885.0,ns,6125
64bit,sse,65536,65536,bytes,25624232.0,ns,6370
64bit,sse,65536,65536,bytes,26682380.0,ns,6615
64bit,sse,65536,65536,bytes,27666899.0,ns,6860
64bit,sse,65536,65536,bytes,28615439.0,ns,7105
64bit,sse,65536,65536,bytes,29599537.0,ns,7350
64bit,sse,65536,65536,bytes,30723231.0,ns,7595
64bit,sse,65536,65536,bytes,31584764.0,ns,7840
64bit,sse,65536,65536,bytes,32523335.0,ns,8085
64bit,sse,65536,65536,bytes,33499187.0,ns,8330
64bit,sse,65536,65536,bytes,34541346.0,ns,8575
64bit,sse,65536,65536,bytes,35616808.0,ns,8820
64bit,sse,65536,65536,bytes,37681096.0,ns,9065
64bit,sse,65536,65536,bytes,38246425.0,ns,9310
64bit,sse,65536,65536,bytes,38512082.0,ns,9555
64bit,sse,65536,65536,bytes,39461694.0,ns,9800
64bit,sse,65536,65536,bytes,40462644.0,ns,10045
64bit,sse,65536,65536,bytes,41362992.0,ns,10290
64bit,sse,65536,65536,bytes,42363380.0,ns,10535
64bit,sse,65536,65536,bytes,43483307.0,ns,10780
64bit,sse,65536,65536,bytes,44425375.0,ns,11025
64bit,sse,65536,65536,bytes,45323849.0,ns,11270
64bit,sse,65536,65536,bytes,46351640.0,ns,11515
64bit,sse,65536,65536,bytes,47318816.0,ns,11760
64bit,sse,65536,65536,bytes,48304626.0,ns,12005
64bit,sse,65536,65536,bytes,49367414.0,ns,12250
64bit,sse,65536,65536,bytes,50616558.0,ns,12495
64bit,sse,65536,65536,bytes,51263532.0,ns,12740
64bit,sse,65536,65536,bytes,52428355.0,ns,12985
64bit,sse,65536,65536,bytes,53282434.0,ns,13230
64bit,sse,65536,65536,bytes,54544182.0,ns,13475
64bit,sse,65536,65536,bytes,55287850.0,ns,13720
64bit,sse,65536,65536,bytes,56223065.0,ns,13965
64bit,sse,65536,65536,bytes,58266313.0,ns,14210
64bit,sse,65536,65536,bytes,59034409.0,ns,14455
64bit,sse,65536,65536,bytes,59313361.0,ns,14700
64bit,sse,65536,65536,bytes,60378684.0,ns,14945
64bit,sse,65536,65536,bytes,63501863.0,ns,15190
64bit,sse,65536,65536,bytes,64546586.0,ns,15435
64bit,sse,65536,65536,bytes,64262074.0,ns,15680
64bit,sse,65536,65536,bytes,66934583.0,ns,15925
64bit,sse,65536,65536,bytes,67766470.0,ns,16170
64bit,sse,65536,65536,bytes,66362290.0,ns,16415
64bit,sse,65536,65536,bytes,67461679.0,ns,16660
64bit,sse,65536,65536,bytes,68244452.0,ns,16905
64bit,sse,65536,65536,bytes,70622019.0,ns,17150
64bit,sse,65536,65536,bytes,70355560.0,ns,17395
64bit,sse,65536,65536,bytes,71469185.0,ns,17640
64bit,sse,65536,65536,bytes,72110087.0,ns,17885
64bit,sse,65536,65536,bytes,74701683.0,ns,18130
64bit,sse,65536,65536,bytes,74034299.0,ns,18375
64bit,sse,65536,65536,bytes,74996044.0,ns,18620
64bit,sse,65536,65536,bytes,76230720.0,ns,18865
64bit,sse,65536,65536,bytes,77100570.0,ns,19110
64bit,sse,65536,65536,bytes,78171964.0,ns,19355
64bit,sse,65536,65536,bytes,79025433.0,ns,19600
64bit,sse,65536,65536,bytes,80048655.0,ns,19845
64bit,sse,65536,65536,bytes,81170024.0,ns,20090
64bit,sse,65536,65536,bytes,81905377.0,ns,20335
64bit,sse,65536,65536,bytes,83049510.0,ns,20580
64bit,sse,65536,65536,bytes,83822425.0,ns,20825
64bit,sse,65536,65536,bytes,85858660.0,ns,21070
64bit,sse,65536,65536,bytes,86491388.0,ns,21315
64bit,sse,65536,65536,bytes,86796800.0,ns,21560
64bit,sse,65536,65536,bytes,87756903.0,ns,21805
64bit,sse,65536,65536,bytes,88750277.0,ns,22050
64bit,sse,65536,65536,bytes,89774111.0,ns,22295
64bit,sse,65536,65536,bytes,90763509.0,ns,22540
64bit,sse,65536,65536,bytes,91990219.0,ns,22785
64bit,sse,65536,65536,bytes,92771360.0,ns,23030
64bit,sse,65536,65536,bytes,93707165.0,ns,23275
64bit,sse,65536,65536,bytes,94850807.0,ns,23520
64bit,sse,65536,65536,bytes,97230728.0,ns,23765
64bit,sse,65536,65536,bytes,97651822.0,ns,24010
64bit,sse,65536,65536,bytes,97653435.0,ns,24255
64bit,sse,65536,65536,bytes,99250242.0,ns,24500
64bit,fnv,4,4,bytes,962207.0,ns,678758
64bit,fnv,4,4,bytes,2066003.0,ns,1357516
64bit,fnv,4,4,bytes,3052656.0,ns,2036274
64bit,fnv,4,4,bytes,4229642.0,ns,2715032
64bit,fnv,4,4,bytes,5244549.0,ns,3393790
64bit,fnv,4,4,bytes,6259657.0,ns,4072548
64bit,fnv,4,4,bytes,7444678.0,ns,4751306
64bit,fnv,4,4,bytes,8302596.0,ns,5430064
64bit,fnv,4,4,bytes,8733147.0,ns,6108822
64bit,fnv,4,4,bytes,10126436.0,ns,6787580
64bit,fnv,4,4,bytes,11023448.0,ns,7466338
64bit,fnv,4,4,bytes,11720048.0,ns,8145096
64bit,fnv,4,4,bytes,12765373.0,ns,8823854
64bit,fnv,4,4,bytes,13681701.0,ns,9502612
64bit,fnv,4,4,bytes,15211451.0,ns,10181370
64bit,fnv,4,4,bytes,16319406.0,ns,10860128
64bit,fnv,4,4,bytes,16271033.0,ns,11538886
64bit,fnv,4,4,bytes,17861227.0,ns,12217644
64bit,fnv,4,4,bytes,18749322.0,ns,12896402
64bit,fnv,4,4,bytes,19798796.0,ns,13575160
64bit,fnv,4,4,bytes,20956215.0,ns,14253918
64bit,fnv,4,4,bytes,21881491.0,ns,14932676
64bit,fnv,4,4,bytes,22757933.0,ns,15611434
64bit,fnv,4,4,bytes,23956380.0,ns,16290192
64bit,fnv,4,4,bytes,24959995.0,ns,16968950
64bit,fnv,4,4,bytes,25925919.0,ns,17647708
64bit,fnv,4,4,bytes,26970723.0,ns,18326466
64bit,fnv,4,4,bytes,28133492.0,ns,19005224
64bit,fnv,4,4,bytes,28903893.0,ns,19683982
64bit,fnv,4,4,bytes,30200056.0,ns,20362740
64bit,fnv,4,4,bytes,30839095.0,ns,21041498
64bit,fnv,4,4,bytes,31960165.0,ns,21720256
64bit,fnv,4,4,bytes,33189511.0,ns,22399014
64bit,fnv,4,4,bytes,33949010.0,ns,23077772
64bit,fnv,4,4,bytes,34667523.0,ns,23756530
64bit,fnv,4,4,bytes,35626587.0,ns,24435288
64bit,fnv,4,4,bytes,36248148.0,ns,25114046
64bit,fnv,4,4,bytes,37998338.0,ns,25792804
64bit,fnv,4,4,bytes,38869762.0,ns,26471562
64bit,fnv,4,4,bytes,39649149.0,ns,27150320
64bit,fnv,4,4,bytes,40674276.0,ns,27829078
64bit,fnv,4,4,bytes,41874507.0,ns,28507836
64bit,fnv,4,4,bytes,42646059.0,ns,29186594
64bit,fnv,4,4,bytes,43212340.0,ns,29865352
64bit,fnv,4,4,bytes,45977446.0,ns,30544110
64bit,fnv,4,4,bytes,45601890.0,ns,31222868
64bit,fnv,4,4,bytes,47392256.0,ns,31901626
64bit,fnv,4,4,bytes,47690696.0,ns,32580384
64bit,fnv,4,4,bytes,48890987.0,ns,33259142
64bit,fnv,4,4,bytes,49462558.0,ns,33937900
64bit,fnv,4,4,bytes,50241113.0,ns,34616658
64bit,fnv,4,4,bytes,51867237.0,ns,35295416
64bit,fnv,4,4,bytes,52128706.0,ns,35974174
64bit,fnv,4,4,bytes,53212444.0,ns,36652932
64bit,fnv,4,4,bytes,55021547.0,ns,37331690
64bit,fnv,4,4,bytes,54928630.0,ns,38010448
64bit,fnv,4,4,bytes,56783760.0,ns,38689206
64bit,fnv,4,4,bytes,57577786.0,ns,39367964
64bit,fnv,4,4,bytes,58125220.0,ns,40046722
64bit,fnv,4,4,bytes,60060970.0,ns,40725480
64bit,fnv,4,4,bytes,60215370.0,ns,41404238
64bit,fnv,4,4,bytes,61136778.0,ns,42082996
64bit,fnv,4,4,bytes,62095357.0,ns,42761754
64bit,fnv,4,4,bytes,65039125.0,ns,43440512
64bit,fnv,4,4,bytes,63433922.0,ns,44119270
64bit,fnv,4,4,bytes,65552515.0,ns,44798028
64bit,fnv,4,4,bytes,66823060.0,ns,45476786
64bit,fnv,4,4,bytes,67573852.0,ns,46155544
64bit,fnv,4,4,bytes,68118622.0,ns,46834302
64bit,fnv,4,4,bytes,69644014.0,ns,47513060
64bit,fnv,4,4,bytes,70279686.0,ns,48191818
64bit,fnv,4,4,bytes,71575069.0,ns,48870576
64bit,fnv,4,4,bytes,73217403.0,ns,49549334
64bit,fnv,4,4,bytes,74229615.0,ns,50228092
64bit,fnv,4,4,bytes,74404143.0,ns,50906850
64bit,fnv,4,4,bytes,73840042.0,ns,51585608
64bit,fnv,4,4,bytes,75924419.0,ns,52264366
64bit,fnv,4,4,bytes,79722007.0,ns,52943124
64bit,fnv,4,4,bytes,77732019.0,ns,53621882
64bit,fnv,4,4,bytes,78149907.0,ns,54300640
64bit,fnv,4,4,bytes,79933070.0,ns,54979398
64bit,fnv,4,4,bytes,80776760.0,ns,55658156
64bit,fnv,4,4,bytes,82433392.0,ns,56336914
64bit,fnv,4,4,bytes,83172742.0,ns,57015672
64bit,fnv,4,4,bytes,83247144.0,ns,57694430
64bit,fnv,4,4,bytes,83829436.0,ns,58373188
64bit,fnv,4,4,bytes,86601686.0,ns,59051946
64bit,fnv,4,4,bytes,87102382.0,ns,59730704
64bit,fnv,4,4,bytes,87957764.0,ns,60409462
64bit,fnv,4,4,bytes,89990935.0,ns,61088220
64bit,fnv,4,4,bytes,89751107.0,ns,61766978
64bit,fnv,4,4,bytes,91638449.0,ns,62445736
64bit,fnv,4,4,bytes,91832038.0,ns,63124494
64bit,fnv,4,4,bytes,93140446.0,ns,63803252
64bit,fnv,4,4,bytes,94708959.0,ns,64482010
64bit,fnv,4,4,bytes,94576577.0,ns,65160768
64bit,fnv,4,4,bytes,96156817.0,ns,65839526
64bit,fnv,4,4,bytes,98007534.0,ns,66518284
64bit,fnv,4,4,bytes,97374587.0,ns,67197042
64bit,fnv,4,4,bytes,99248853.0,ns,67875800
64bit,fnv,16384,16384,bytes,992264.0,ns,73
64bit,fnv,16384,16384,bytes,1994886.0,ns,146
64bit,fnv,16384,16384,bytes,2958615.0,ns,219
64bit,fnv,16384,16384,bytes,3936471.0,ns,292
64bit,fnv,16384,16384,bytes,4924777.0,ns,365
64bit,fnv,16384,16384,bytes,6132281.0,ns,438
64bit,fnv,16384,16384,bytes,6945863.0,ns,511
64bit,fnv,16384,16384,bytes,7897550.0,ns,584
64bit,fnv,16384,16384,bytes,8911364.0,ns,657
64bit,fnv,16384,16384,bytes,9872147.0,ns,730
64bit,fnv,16384,16384,bytes,10843260.0,ns,803
64bit,fnv,16384,16384,bytes,11852636.0,ns,876
64bit,fnv,16384,16384,bytes,12817096.0,ns,949
64bit,fnv,16384,16384,bytes,13805312.0,ns,1022
64bit,fnv,16384,16384,bytes,14826290.0,ns,1095
64bit,fnv,16384,16384,bytes,15776573.0,ns,1168
64bit,fnv,16384,16384,bytes,16814824.0,ns,1241
64bit,fnv,16384,16384,bytes,17977002.0,ns,1314
64bit,fnv,16384,16384,bytes,18738043.0,ns,1387
64bit,fnv,16384,16384,bytes,20427106.0,ns,1460
64bit,fnv,16384,16384,bytes,21971975.0,ns,1533
64bit,fnv,16384,16384,bytes,21874508.0,ns,1606
64bit,fnv,16384,16384,bytes,22802740.0,ns,1679
64bit,fnv,16384,16384,bytes,23730980.0,ns,1752
64bit,fnv,16384,16384,bytes,24673750.0,ns,1825
64bit,fnv,16384,16384,bytes,25667796.0,ns,1898
64bit,fnv,16384,16384,bytes,26623741.0,ns,1971
64bit,fnv,16384,16384,bytes,27637665.0,ns,2044
64bit,fnv,16384,16384,bytes,28597085.0,ns,2117
64bit,fnv,16384,16384,bytes,29611531.0,ns,2190
64bit,fnv,16384,16384,bytes,30593776.0,ns,2263
64bit,fnv,16384,16384,bytes,31613340.0,ns,2336
64bit,fnv,16384,16384,bytes,33103875.0,ns,2409
64bit,fnv,16384,16384,bytes,33704210.0,ns,2482
64bit,fnv,16384,16384,bytes,34516370.0,ns,2555
64bit,fnv,16384,16384,bytes,35572606.0,ns,2628
64bit,fnv,16384,16384,bytes,37254344.0,ns,2701
64bit,fnv,16384,16384,bytes,37715344.0,ns,2774
64bit,fnv,16384,16384,bytes,38533134.0,ns,2847
64bit,fnv,16384,16384,bytes,39874974.0,ns,2920
64bit,fnv,16384,16384,bytes,40561595.0,ns,2993
64bit,fnv,16384,16384,bytes,41926103.0,ns,3066
64bit,fnv,16384,16384,bytes,44708577.0,ns,3139
64bit,fnv,16384,16384,bytes,43580465.0,ns,3212
64bit,fnv,16384,16384,bytes,44713697.0,ns,3285
64bit,fnv,16384,16384,bytes,45493064.0,ns,3358
64bit,fnv,16384,16384,bytes,46446895.0,ns,3431
64bit,fnv,16384,16384,bytes,47461801.0,ns,3504
64bit,fnv,16384,16384,bytes,50387373.0,ns,3577
64bit,fnv,16384,16384,bytes,49842363.0,ns,3650
64bit,fnv,16384,16384,bytes,50338720.0,ns,3723
64bit,fnv,16384,16384,bytes,51341203.0,ns,3796
64bit,fnv,16384,16384,bytes,52268743.0,ns,3869
64bit,fnv,16384,16384,bytes,53254935.0,ns,3942
64bit,fnv,16384,16384,bytes,54325637.0,ns,4015
64bit,fnv,16384,16384,bytes,55439453.0,ns,4088
64bit,fnv,16384,16384,bytes,56251382.0,ns,4161
64bit,fnv,16384,16384,bytes,57303530.0,ns,4234
64bit,fnv,16384,16384,bytes,58249444.0,ns,4307
64bit,fnv,16384,16384,bytes,59315569.0,ns,4380
64bit,fnv,16384,16384,bytes,60249671.0,ns,4453
64bit,fnv,16384,16384,bytes,61164015.0,ns,4526
64bit,fnv,16384,16384,bytes,62185876.0,ns,4599
64bit,fnv,16384,16384,bytes,63413979.0,ns,4672
64bit,fnv,16384,16384,bytes,64128723.0,ns,4745
64bit,fnv,16384,16384,bytes,65305137.0,ns,4818
64bit,fnv,16384,16384,bytes,68354415.0,ns,4891
64bit,fnv,16384,16384,bytes,67361781.0,ns,4964
64bit,fnv,16384,16384,bytes,68086615.0,ns,5037
64bit,fnv,16384,16384,bytes,69095841.0,ns,5110
64bit,fnv,16384,16384,bytes,70029662.0,ns,5183
64bit,fnv,16384,16384,bytes,71017176.0,ns,5256
64bit,fnv,16384,16384,bytes,72163553.0,ns,5329
64bit,fnv,16384,16384,bytes,73110250.0,ns,5402
64bit,fnv,16384,16384,bytes,74079720.0,ns,5475
64bit,fnv,16384,16384,bytes,74988283.0,ns,5548
64bit,fnv,16384,16384,bytes,77260108.0,ns,5621
64bit,fnv,16384,16384,bytes,77310525.0,ns,5694
64bit,fnv,16384,16384,bytes,77940847.0,ns,5767
64bit,fnv,16384,16384,bytes,79115869.0,ns,5840
64bit,fnv,16384,16384,bytes,82102408.0,ns,5913
64bit,fnv,16384,16384,bytes,80904893.0,ns,5986
64bit,fnv,16384,16384,bytes,82009881.0,ns,6059
64bit,fnv,16384,16384,bytes,83498161.0,ns,6132
64bit,fnv,16384,16384,bytes,84351530.0,ns,6205
64bit,fnv,16384,16384,bytes,87304654.0,ns,6278
64bit,fnv,16384,16384,bytes,89361178.0,ns,6351
64bit,fnv,16384,16384,bytes,90874186.0,ns,6424
64bit,fnv,16384,16384,bytes,87961026.0,ns,6497
64bit,fnv,16384,16384,bytes,89750551.0,ns,6570
64bit,fnv,16384,16384,bytes,89896640.0,ns,6643
64bit,fnv,16384,16384,bytes,91830940.0,ns,6716
64bit,fnv,16384,16384,bytes,93352865.0,ns,6789
64bit,fnv,16384,16384,bytes,92734374.0,ns,6862
64bit,fnv,16384,16384,bytes,93764731.0,ns,6935
64bit,fnv,16384,16384,bytes,94744509.0,ns,7008
64bit,fnv,16384,16384,bytes,95916787.0,ns,7081
64bit,fnv,16384,16384,bytes,97000083.0,ns,7154
64bit,fnv,16384,16384,bytes,97675492.0,ns,7227
64bit,fnv,16384,16384,bytes,98591440.0,ns,7300
64bit,fnv,16,16,bytes,1700916.0,ns,195857
64bit,fnv,16,16,bytes,3413754.0,ns,391714
64bit,fnv,16,16,bytes,5178513.0,ns,587571
64bit,fnv,16,16,bytes,6968899.0,ns,783428
64bit,fnv,16,16,bytes,8566057.0,ns,979285
64bit,fnv,16,16,bytes,8771970.0,ns,1175142
64bit,fnv,16,16,bytes,6936127.0,ns,1370999
64bit,fnv,16,16,bytes,8002212.0,ns,1566856
64bit,fnv,16,16,bytes,9054469.0,ns,1762713
64bit,fnv,16,16,bytes,10095506.0,ns,1958570
64bit,fnv,16,16,bytes,11258686.0,ns,2154427
64bit,fnv,16,16,bytes,11999980.0,ns,2350284
64bit,fnv,16,16,bytes,12894197.0,ns,2546141
64bit,fnv,16,16,bytes,13885729.0,ns,2741998
64bit,fnv,16,16,bytes,15015875.0,ns,2937855
64bit,fnv,16,16,bytes,16477846.0,ns,3133712
64bit,fnv,16,16,bytes,17110132.0,ns,3329569
64bit,fnv,16,16,bytes,18700858.0,ns,3525426
64bit,fnv,16,16,bytes,18929164.0,ns,3721283
64bit,fnv,16,16,bytes,25363002.0,ns,3917140
64bit,fnv,16,16,bytes,32633678.0,ns,4112997
64bit,fnv,16,16,bytes,27244784.0,ns,4308854
64bit,fnv,16,16,bytes,23246644.0,ns,4504711
64bit,fnv,16,16,bytes,23691502.0,ns,4700568
64bit,fnv,16,16,bytes,24649691.0,ns,4896425
64bit,fnv,16,16,bytes,26761561.0,ns,5092282
64bit,fnv,16,16,bytes,27637472.0,ns,5288139
64bit,fnv,16,16,bytes,27607736.0,ns,5483996
64bit,fnv,16,16,bytes,28189336.0,ns,5679853
64bit,fnv,16,16,bytes,29394826.0,ns,5875710
64bit,fnv,16,16,bytes,30619814.0,ns,6071567
64bit,fnv,16,16,bytes,32182726.0,ns,6267424
64bit,fnv,16,16,bytes,32404189.0,ns,6463281
64bit,fnv,16,16,bytes,33511723.0,ns,6659138
64bit,fnv,16,16,bytes,34099494.0,ns,6854995
64bit,fnv,16,16,bytes,35613454.0,ns,7050852
64bit,fnv,16,16,bytes,37509563.0,ns,7246709
64bit,fnv,16,16,bytes,37123496.0,ns,7442566
64bit,fnv,16,16,bytes,37840153.0,ns,7638423
64bit,fnv,16,16,bytes,39405060.0,ns,7834280
64bit,fnv,16,16,bytes,40585322.0,ns,8030137
64bit,fnv,16,16,bytes,41003000.0,ns,8225994
64bit,fnv,16,16,bytes,44484703.0,ns,8421851
64bit,fnv,16,16,bytes,73062680.0,ns,8617708
64bit,fnv,16,16,bytes,45609850.0,ns,8813565
64bit,fnv,16,16,bytes,45809332.0,ns,9009422
64bit,fnv,16,16,bytes,70611894.0,ns,9205279
64bit,fnv,16,16,bytes,50633127.0,ns,9401136
64bit,fnv,16,16,bytes,49955749.0,ns,9596993
64bit,fnv,16,16,bytes,52409799.0,ns,9792850
64bit,fnv,16,16,bytes,55405695.0,ns,9988707
64bit,fnv,16,16,bytes,56906213.0,ns,10184564
64bit,fnv,16,16,bytes,58553683.0,ns,10380421
64bit,fnv,16,16,bytes,58754375.0,ns,10576278
64bit,fnv,16,16,bytes,53913577.0,ns,10772135
64bit,fnv,16,16,bytes,54780241.0,ns,10967992
64bit,fnv,16,16,bytes,56601306.0,ns,11163849
64bit,fnv,16,16,bytes,56846565.0,ns,11359706
64bit,fnv,16,16,bytes,65201198.0,ns,11555563
64bit,fnv,16,16,bytes,70728085.0,ns,11751420
64bit,fnv,16,16,bytes,64595873.0,ns,11947277
64bit,fnv,16,16,bytes,63077405.0,ns,12143134
64bit,fnv,16,16,bytes,64927075.0,ns,12338991
64bit,fnv,16,16,bytes,67106584.0,ns,12534848
64bit,fnv,16,16,bytes,65293985.0,ns,12730705
64bit,fnv,16,16,bytes,66265690.0,ns,12926562
64bit,fnv,16,16,bytes,67846607.0,ns,13122419
64bit,fnv,16,16,bytes,69016479.0,ns,13318276
64bit,fnv,16,16,bytes,67877927.0,ns,13514133
64bit,fnv,16,16,bytes,69122261.0,ns,13709990
64bit,fnv,16,16,bytes,69958277.0,ns,13905847
64bit,fnv,16,16,bytes,71773861.0,ns,14101704
64bit,fnv,16,16,bytes,72253146.0,ns,14297561
64bit,fnv,16,16,bytes,72554251.0,ns,14493418
64bit,fnv,16,16,bytes,73920849.0,ns,14689275
64bit,fnv,16,16,bytes,76370383.0,ns,14885132
64bit,fnv,16,16,bytes,76755328.0,ns,15080989
64bit,fnv,16,16,bytes,78197700.0,ns,15276846
64bit,fnv,16,16,bytes,76250564.0,ns,15472703
64bit,fnv,16,16,bytes,76811836.0,ns,15668560
64bit,fnv,16,16,bytes,79326985.0,ns,15864417
64bit,fnv,16,16,bytes,78408368.0,ns,16060274
64bit,fnv,16,16,bytes,78874683.0,ns,16256131
64bit,fnv,16,16,bytes,80637797.0,ns,16451988
64bit,fnv,16,16,bytes,81544667.0,ns,16647845
64bit,fnv,16,16,bytes,82282766.0,ns,16843702
64bit,fnv,16,16,bytes,82816455.0,ns,17039559
64bit,fnv,16,16,bytes,83862922.0,ns,17235416
64bit,fnv,16,16,bytes,84499987.0,ns,17431273
64bit,fnv,16,16,bytes,85617439.0,ns,17627130
64bit,fnv,16,16,bytes,86974860.0,ns,17822987
64bit,fnv,16,16,bytes,88102182.0,ns,18018844
64bit,fnv,16,16,bytes,90384528.0,ns,18214701
64bit,fnv,16,16,bytes,90427409.0,ns,18410558
64bit,fnv,16,16,bytes,91072204.0,ns,18606415
64bit,fnv,16,16,bytes,92010640.0,ns,18802272
64bit,fnv,16,16,bytes,92397419.0,ns,18998129
64bit,fnv,16,16,bytes,93987032.0,ns,19193986
64bit,fnv,16,16,bytes,94452941.0,ns,19389843
64bit,fnv,16,16,bytes,96201959.0,ns,19585700
64bit,fnv,1024,1024,bytes,1077988.0,ns,1179
64bit,fnv,1024,1024,bytes,2063948.0,ns,2358
64bit,fnv,1024,1024,bytes,3095618.0,ns,3537
64bit,fnv,1024,1024,bytes,4132916.0,ns,4716
64bit,fnv,1024,1024,bytes,5255017.0,ns,5895
64bit,fnv,1024,1024,bytes,6309049.0,ns,7074
64bit,fnv,1024,1024,bytes,7360374.0,ns,8253
64bit,fnv,1024,1024,bytes,8224775.0,ns,9432
64bit,fnv,1024,1024,bytes,9013579.0,ns,10611
64bit,fnv,1024,1024,bytes,9817754.0,ns,11790
64bit,fnv,1024,1024,bytes,10865143.0,ns,12969
64bit,fnv,1024,1024,bytes,11804836.0,ns,14148
64bit,fnv,1024,1024,bytes,12782502.0,ns,15327
64bit,fnv,1024,1024,bytes,13975638.0,ns,16506
64bit,fnv,1024,1024,bytes,14732803.0,ns,17685
64bit,fnv,1024,1024,bytes,15786974.0,ns,18864
64bit,fnv,1024,1024,bytes,16731376.0,ns,20043
64bit,fnv,1024,1024,bytes,17722407.0,ns,21222
64bit,fnv,1024,1024,bytes,18669545.0,ns,22401
64bit,fnv,1024,1024,bytes,19643904.0,ns,23580
64bit,fnv,1024,1024,bytes,20631318.0,ns,24759
64bit,fnv,1024,1024,bytes,21605397.0,ns,25938
64bit,fnv,1024,1024,bytes,22653256.0,ns,27117
64bit,fnv,1024,1024,bytes,23579894.0,ns,28296
64bit,fnv,1024,1024,bytes,24904452.0,ns,29475
64bit,fnv,1024,1024,bytes,25779813.0,ns,30654
64bit,fnv,1024,1024,bytes,26992977.0,ns,31833
64bit,fnv,1024,1024,bytes,27540713.0,ns,33012
64bit,fnv,1024,1024,bytes,28496316.0,ns,34191
64bit,fnv,1024,1024,bytes,29616654.0,ns,35370
64bit,fnv,1024,1024,bytes,32292199.0,ns,36549
64bit,fnv,1024,1024,bytes,32260879.0,ns,37728
64bit,fnv,1024,1024,bytes,32620155.0,ns,38907
64bit,fnv,1024,1024,bytes,33487160.0,ns,40086
64bit,fnv,1024,1024,bytes,34433896.0,ns,41265
64bit,fnv,1024,1024,bytes,35375963.0,ns,42444
64bit,fnv,1024,1024,bytes,36381142.0,ns,43623
64bit,fnv,1024,1024,bytes,37668277.0,ns,44802
64bit,fnv,1024,1024,bytes,38405715.0,ns,45981
64bit,fnv,1024,1024,bytes,39835142.0,ns,47160
64bit,fnv,1024,1024,bytes,40339675.0,ns,48339
64bit,fnv,1024,1024,bytes,41301931.0,ns,49518
64bit,fnv,1024,1024,bytes,42272573.0,ns,50697
64bit,fnv,1024,1024,bytes,43264476.0,ns,51876
64bit,fnv,1024,1024,bytes,46313965.0,ns,53055
64bit,fnv,1024,1024,bytes,45338464.0,ns,54234
64bit,fnv,1024,1024,bytes,47145602.0,ns,55413
64bit,fnv,1024,1024,bytes,47405547.0,ns,56592
64bit,fnv,1024,1024,bytes,48394565.0,ns,57771
64bit,fnv,1024,1024,bytes,49227284.0,ns,58950
64bit,fnv,1024,1024,bytes,50206412.0,ns,60129
64bit,fnv,1024,1024,bytes,51074929.0,ns,61308
64bit,fnv,1024,1024,bytes,52081079.0,ns,62487
64bit,fnv,1024,1024,bytes,53087119.0,ns,63666
64bit,fnv,1024,1024,bytes,54102777.0,ns,64845
64bit,fnv,1024,1024,bytes,55040056.0,ns,66024
64bit,fnv,1024,1024,bytes,56297786.0,ns,67203
64bit,fnv,1024,1024,bytes,57054910.0,ns,68382
64bit,fnv,1024,1024,bytes,58266152.0,ns,69561
64bit,fnv,1024,1024,bytes,59123017.0,ns,70740
64bit,fnv,1024,1024,bytes,59918335.0,ns,71919
64bit,fnv,1024,1024,bytes,60941506.0,ns,73098
64bit,fnv,1024,1024,bytes,62226043.0,ns,74277
64bit,fnv,1024,1024,bytes,64978781.0,ns,75456
64bit,fnv,1024,1024,bytes,64413212.0,ns,76635
64bit,fnv,1024,1024,bytes,64981907.0,ns,77814
64bit,fnv,1024,1024,bytes,65780831.0,ns,78993
64bit,fnv,1024,1024,bytes,66806619.0,ns,80172
64bit,fnv,1024,1024,bytes,67727154.0,ns,81351
64bit,fnv,1024,1024,bytes,69180292.0,ns,82530
64bit,fnv,1024,1024,bytes,69603385.0,ns,83709
64bit,fnv,1024,1024,bytes,70679067.0,ns,84888
64bit,fnv,1024,1024,bytes,71600316.0,ns,86067
64bit,fnv,1024,1024,bytes,72850360.0,ns,87246
64bit,fnv,1024,1024,bytes,73640669.0,ns,88425
64bit,fnv,1024,1024,bytes,74633673.0,ns,89604
64bit,fnv,1024,1024,bytes,75532819.0,ns,90783
64bit,fnv,1024,1024,bytes,78896478.0,ns,91962
64bit,fnv,1024,1024,bytes,78004365.0,ns,93141
64bit,fnv,1024,1024,bytes,78729289.0,ns,94320
64bit,fnv,1024,1024,bytes,80144289.0,ns,95499
64bit,fnv,1024,1024,bytes,80542198.0,ns,96678
64bit,fnv,1024,1024,bytes,81398863.0,ns,97857
64bit,fnv,1024,1024,bytes,82425842.0,ns,99036
64bit,fnv,1024,1024,bytes,83386085.0,ns,100215
64bit,fnv,1024,1024,bytes,84339143.0,ns,101394
64bit,fnv,1024,1024,bytes,86207950.0,ns,102573
64bit,fnv,1024,1024,bytes,87302898.0,ns,103752
64bit,fnv,1024,1024,bytes,87346572.0,ns,104931
64bit,fnv,1024,1024,bytes,92916721.0,ns,106110
64bit,fnv,1024,1024,bytes,89651640.0,ns,107289
64bit,fnv,1024,1024,bytes,90341316.0,ns,108468
64bit,fnv,1024,1024,bytes,91304514.0,ns,109647
64bit,fnv,1024,1024,bytes,92208209.0,ns,110826
64bit,fnv,1024,1024,bytes,93175314.0,ns,112005
64bit,fnv,1024,1024,bytes,94197194.0,ns,113184
64bit,fnv,1024,1024,bytes,95141106.0,ns,114363
64bit,fnv,1024,1024,bytes,96426006.0,ns,115542
64bit,fnv,1024,1024,bytes,97155479.0,ns,116721
64bit,fnv,1024,1024,bytes,98094771.0,ns,117900
64bit,fnv,1,1,bytes,982765.0,ns,1527484
64bit,fnv,1,1,bytes,1981472.0,ns,3054968
64bit,fnv,1,1,bytes,2947285.0,ns,4582452
64bit,fnv,1,1,bytes,3980166.0,ns,6109936
64bit,fnv,1,1,bytes,5146983.0,ns,7637420
64bit,fnv,1,1,bytes,5959935.0,ns,9164904
64bit,fnv,1,1,bytes,6967017.0,ns,10692388
64bit,fnv,1,1,bytes,7831047.0,ns,12219872
64bit,fnv,1,1,bytes,8880780.0,ns,13747356
64bit,fnv,1,1,bytes,9924121.0,ns,15274840
64bit,fnv,1,1,bytes,10831262.0,ns,16802324
64bit,fnv,1,1,bytes,11837332.0,ns,18329808
64bit,fnv,1,1,bytes,12765865.0,ns,19857292
64bit,fnv,1,1,bytes,13732670.0,ns,21384776
64bit,fnv,1,1,bytes,14749892.0,ns,22912260
64bit,fnv,1,1,bytes,15777974.0,ns,24439744
64bit,fnv,1,1,bytes,16838317.0,ns,25967228
64bit,fnv,1,1,bytes,17856460.0,ns,27494712
64bit,fnv,1,1,bytes,18691614.0,ns,29022196
64bit,fnv,1,1,bytes,19709016.0,ns,30549680
64bit,fnv,1,1,bytes,20646456.0,ns,32077164
64bit,fnv,1,1,bytes,21538879.0,ns,33604648
64bit,fnv,1,1,bytes,22664928.0,ns,35132132
64bit,fnv,1,1,bytes,23874146.0,ns,36659616
64bit,fnv,1,1,bytes,24828888.0,ns,38187100
64bit,fnv,1,1,bytes,25565404.0,ns,39714584
64bit,fnv,1,1,bytes,26487534.0,ns,41242068
64bit,fnv,1,1,bytes,27538179.0,ns,42769552
64bit,fnv,1,1,bytes,28584726.0,ns,44297036
64bit,fnv,1,1,bytes,29678844.0,ns,45824520
64bit,fnv,1,1,bytes,30440498.0,ns,47352004
64bit,fnv,1,1,bytes,31802468.0,ns,48879488
64bit,fnv,1,1,bytes,32722653.0,ns,50406972
64bit,fnv,1,1,bytes,34235782.0,ns,51934456
64bit,fnv,1,1,bytes,34573687.0,ns,53461940
64bit,fnv,1,1,bytes,35523239.0,ns,54989424
64bit,fnv,1,1,bytes,36262060.0,ns,56516908
64bit,fnv,1,1,bytes,37285052.0,ns,58044392
64bit,fnv,1,1,bytes,39719598.0,ns,59571876
64bit,fnv,1,1,bytes,39206329.0,ns,61099360
64bit,fnv,1,1,bytes,40314042.0,ns,62626844
64bit,fnv,1,1,bytes,41286158.0,ns,64154328
64bit,fnv,1,1,bytes,42161117.0,ns,65681812
64bit,fnv,1,1,bytes,43776862.0,ns,67209296
64bit,fnv,1,1,bytes,44472058.0,ns,68736780
64bit,fnv,1,1,bytes,45379681.0,ns,70264264
64bit,fnv,1,1,bytes,46276773.0,ns,71791748
64bit,fnv,1,1,bytes,47416028.0,ns,73319232
64bit,fnv,1,1,bytes,48265528.0,ns,74846716
64bit,fnv,1,1,bytes,49624753.0,ns,76374200
64bit,fnv,1,1,bytes,50508295.0,ns,77901684
64bit,fnv,1,1,bytes,50975181.0,ns,79429168
64bit,fnv,1,1,bytes,51814833.0,ns,80956652
64bit,fnv,1,1,bytes,52742733.0,ns,82484136
64bit,fnv,1,1,bytes,54093081.0,ns,84011620
64bit,fnv,1,1,bytes,56645162.0,ns,85539104
64bit,fnv,1,1,bytes,55871896.0,ns,87066588
64bit,fnv,1,1,bytes,56819735.0,ns,88594072
64bit,fnv,1,1,bytes,58064941.0,ns,90121556
64bit,fnv,1,1,bytes,59217711.0,ns,91649040
64bit,fnv,1,1,bytes,59790605.0,ns,93176524
64bit,fnv,1,1,bytes,60632662.0,ns,94704008
64bit,fnv,1,1,bytes,62788091.0,ns,96231492
64bit,fnv,1,1,bytes,63683815.0,ns,97758976
64bit,fnv,1,1,bytes,64683905.0,ns,99286460
64bit,fnv,1,1,bytes,66405429.0,ns,100813944
64bit,fnv,1,1,bytes,66183016.0,ns,102341428
64bit,fnv,1,1,bytes,67016837.0,ns,103868912
64bit,fnv,1,1,bytes,68250411.0,ns,105396396
64bit,fnv,1,1,bytes,68707343.0,ns,106923880
64bit,fnv,1,1,bytes,70321143.0,ns,108451364
64bit,fnv,1,1,bytes,72966552.0,ns,109978848
64bit,fnv,1,1,bytes,72509139.0,ns,111506332
64bit,fnv,1,1,bytes,73386714.0,ns,113033816
64bit,fnv,1,1,bytes,74427230.0,ns,114561300
64bit,fnv,1,1,bytes,75217729.0,ns,116088784
64bit,fnv,1,1,bytes,75660384.0,ns,117616268
64bit,fnv,1,1,bytes,77451071.0,ns,119143752
64bit,fnv,1,1,bytes,77936378.0,ns,120671236
64bit,fnv,1,1,bytes,79037919.0,ns,122198720
64bit,fnv,1,1,bytes,79610633.0,ns,123726204
64bit,fnv,1,1,bytes,81448681.0,ns,125253688
64bit,fnv,1,1,bytes,81410178.0,ns,126781172
64bit,fnv,1,1,bytes,82675602.0,ns,128308656
64bit,fnv,1,1,bytes,84602059.0,ns,129836140
64bit,fnv,1,1,bytes,84616327.0,ns,131363624
64bit,fnv,1,1,bytes,86117712.0,ns,132891108
64bit,fnv,1,1,bytes,87328262.0,ns,134418592
64bit,fnv,1,1,bytes,87681788.0,ns,135946076
64bit,fnv,1,1,bytes,88644504.0,ns,137473560
64bit,fnv,1,1,bytes,90016183.0,ns,139001044
64bit,fnv,1,1,bytes,90490398.0,ns,140528528
64bit,fnv,1,1,bytes,91625574.0,ns,142056012
64bit,fnv,1,1,bytes,92885759.0,ns,143583496
64bit,fnv,1,1,bytes,93435829.0,ns,145110980
64bit,fnv,1,1,bytes,95636029.0,ns,146638464
64bit,fnv,1,1,bytes,95863553.0,ns,148165948
64bit,fnv,1,1,bytes,97292430.0,ns,149693432
64bit,fnv,1,1,bytes,98176988.0,ns,151220916
64bit,fnv,1,1,bytes,98980722.0,ns,152748400
64bit,fnv,64,64,bytes,981012.0,ns,26667
64bit,fnv,64,64,bytes,1968927.0,ns,53334
64bit,fnv,64,64,bytes,2952615.0,ns,80001
64bit,fnv,64,64,bytes,4022126.0,ns,106668
64bit,fnv,64,64,bytes,5114450.0,ns,133335
64bit,fnv,64,64,bytes,6176206.0,ns,160002
64bit,fnv,64,64,bytes,7230098.0,ns,186669
64bit,fnv,64,64,bytes,8417634.0,ns,213336
64bit,fnv,64,64,bytes,9446927.0,ns,240003
64bit,fnv,64,64,bytes,9924479.0,ns,266670
64bit,fnv,64,64,bytes,10875354.0,ns,293337
64bit,fnv,64,64,bytes,11867337.0,ns,320004
64bit,fnv,64,64,bytes,12977535.0,ns,346671
64bit,fnv,64,64,bytes,13818459.0,ns,373338
64bit,fnv,64,64,bytes,14790014.0,ns,400005
64bit,fnv,64,64,bytes,15767049.0,ns,426672
64bit,fnv,64,64,bytes,16995182.0,ns,453339
64bit,fnv,64,64,bytes,17711950.0,ns,480006
64bit,fnv,64,64,bytes,18711948.0,ns,506673
64bit,fnv,64,64,bytes,19812188.0,ns,533340
64bit,fnv,64,64,bytes,20686255.0,ns,560007
64bit,fnv,64,64,bytes,21671235.0,ns,586674
64bit,fnv,64,64,bytes,22647689.0,ns,613341
64bit,fnv,64,64,bytes,23647566.0,ns,640008
64bit,fnv,64,64,bytes,24594023.0,ns,666675
64bit,fnv,64,64,bytes,25653124.0,ns,693342
64bit,fnv,64,64,bytes,26845129.0,ns,720009
64bit,fnv,64,64,bytes,28149528.0,ns,746676
64bit,fnv,64,64,bytes,29051759.0,ns,773343
64bit,fnv,64,64,bytes,29737959.0,ns,800010
64bit,fnv,64,64,bytes,30834972.0,ns,826677
64bit,fnv,64,64,bytes,31572570.0,ns,853344
64bit,fnv,64,64,bytes,32510099.0,ns,880011
64bit,fnv,64,64,bytes,33480119.0,ns,906678
64bit,fnv,64,64,bytes,34525214.0,ns,933345
64bit,fnv,64,64,bytes,35641054.0,ns,960012
64bit,fnv,64,64,bytes,36533777.0,ns,986679
64bit,fnv,64,64,bytes,37432803.0,ns,1013346
64bit,fnv,64,64,bytes,38448351.0,ns,1040013
64bit,fnv,64,64,bytes,39470992.0,ns,1066680
64bit,fnv,64,64,bytes,40489045.0,ns,1093347
64bit,fnv,64,64,bytes,41491448.0,ns,1120014
64bit,fnv,64,64,bytes,42401374.0,ns,1146681
64bit,fnv,64,64,bytes,43346729.0,ns,1173348
64bit,fnv,64,64,bytes,44799461.0,ns,1200015
64bit,fnv,64,64,bytes,47039455.0,ns,1226682
64bit,fnv,64,64,bytes,46554489.0,ns,1253349
64bit,fnv,64,64,bytes,47329739.0,ns,1280016
64bit,fnv,64,64,bytes,48334136.0,ns,1306683
64bit,fnv,64,64,bytes,49293356.0,ns,1333350
64bit,fnv,64,64,bytes,50336998.0,ns,1360017
64bit,fnv,64,64,bytes,51547327.0,ns,1386684
64bit,fnv,64,64,bytes,52312698.0,ns,1413351
64bit,fnv,64,64,bytes,53188479.0,ns,1440018
64bit,fnv,64,64,bytes,54450106.0,ns,1466685
64bit,fnv,64,64,bytes,55158329.0,ns,1493352
64bit,fnv,64,64,bytes,56117188.0,ns,1520019
64bit,fnv,64,64,bytes,58701395.0,ns,1546686
64bit,fnv,64,64,bytes,58069022.0,ns,1573353
64bit,fnv,64,64,bytes,59631174.0,ns,1600020
64bit,fnv,64,64,bytes,60214717.0,ns,1626687
64bit,fnv,64,64,bytes,61596875.0,ns,1653354
64bit,fnv,64,64,bytes,63020863.0,ns,1680021
64bit,fnv,64,64,bytes,66189849.0,ns,1706688
64bit,fnv,64,64,bytes,64514121.0,ns,1733355
64bit,fnv,64,64,bytes,64956917.0,ns,1760022
64bit,fnv,64,64,bytes,65755020.0,ns,1786689
64bit,fnv,64,64,bytes,66812629.0,ns,1813356
64bit,fnv,64,64,bytes,67974936.0,ns,1840023
64bit,fnv,64,64,bytes,68952111.0,ns,1866690
64bit,fnv,64,64,bytes,69930538.0,ns,1893357
64bit,fnv,64,64,bytes,70691841.0,ns,1920024
64bit,fnv,64,64,bytes,71742085.0,ns,1946691
64bit,fnv,64,64,bytes,72797078.0,ns,1973358
64bit,fnv,64,64,bytes,73632352.0,ns,2000025
64bit,fnv,64,64,bytes,74980464.0,ns,2026692
64bit,fnv,64,64,bytes,75524273.0,ns,2053359
64bit,fnv,64,64,bytes,77654727.0,ns,2080026
64bit,fnv,64,64,bytes,78658363.0,ns,2106693
64bit,fnv,64,64,bytes,78710472.0,ns,2133360
64bit,fnv,64,64,bytes,80212469.0,ns,2160027
64bit,fnv,64,64,bytes,80998780.0,ns,2186694
64bit,fnv,64,64,bytes,81698986.0,ns,2213361
64bit,fnv,64,64,bytes,82829663.0,ns,2240028
64bit,fnv,64,64,bytes,83500934.0,ns,2266695
64bit,fnv,64,64,bytes,84565706.0,ns,2293362
64bit,fnv,64,64,bytes,85687807.0,ns,2320029
64bit,fnv,64,64,bytes,88130930.0,ns,2346696
64bit,fnv,64,64,bytes,87488674.0,ns,2373363
64bit,fnv,64,64,bytes,91278196.0,ns,2400030
64bit,fnv,64,64,bytes,89938790.0,ns,2426697
64bit,fnv,64,64,bytes,90831302.0,ns,2453364
64bit,fnv,64,64,bytes,91852932.0,ns,2480031
64bit,fnv,64,64,bytes,92707143.0,ns,2506698
64bit,fnv,64,64,bytes,93274485.0,ns,2533365
64bit,fnv,64,64,bytes,94729071.0,ns,2560032
64bit,fnv,64,64,bytes,95190702.0,ns,2586699
64bit,fnv,64,64,bytes,96395491.0,ns,2613366
64bit,fnv,64,64,bytes,97432219.0,ns,2640033
64bit,fnv,64,64,bytes,98198722.0,ns,2666700
64bit,fnv,65536,65536,bytes,1035446.0,ns,19
64bit,fnv,65536,65536,bytes,2050783.0,ns,38
64bit,fnv,65536,65536,bytes,3085277.0,ns,57
64bit,fnv,65536,65536,bytes,4103469.0,ns,76
64bit,fnv,65536,65536,bytes,5167880.0,ns,95
64bit,fnv,65536,65536,bytes,6159563.0,ns,114
64bit,fnv,65536,65536,bytes,7194758.0,ns,133
64bit,fnv,65536,65536,bytes,8216677.0,ns,152
64bit,fnv,65536,65536,bytes,9253867.0,ns,171
64bit,fnv,65536,65536,bytes,10318899.0,ns,190
64bit,fnv,65536,65536,bytes,11341640.0,ns,209
64bit,fnv,65536,65536,bytes,12341779.0,ns,228
64bit,fnv,65536,65536,bytes,13405138.0,ns,247
64bit,fnv,65536,65536,bytes,14415024.0,ns,266
64bit,fnv,65536,65536,bytes,15468134.0,ns,285
64bit,fnv,65536,65536,bytes,16476939.0,ns,304
64bit,fnv,65536,65536,bytes,17681698.0,ns,323
64bit,fnv,65536,65536,bytes,18531529.0,ns,342
64bit,fnv,65536,65536,bytes,19663779.0,ns,361
64bit,fnv,65536,65536,bytes,20742658.0,ns,380
64bit,fnv,65536,65536,bytes,21596447.0,ns,399
64bit,fnv,65536,65536,bytes,22598239.0,ns,418
64bit,fnv,65536,65536,bytes,23743824.0,ns,437
64bit,fnv,65536,65536,bytes,24680171.0,ns,456
64bit,fnv,65536,65536,bytes,25715005.0,ns,475
64bit,fnv,65536,65536,bytes,26718230.0,ns,494
64bit,fnv,65536,65536,bytes,27743797.0,ns,513
64bit,fnv,65536,65536,bytes,28780585.0,ns,532
64bit,fnv,65536,65536,bytes,29816221.0,ns,551
64bit,fnv,65536,65536,bytes,30829013.0,ns,570
64bit,fnv,65536,65536,bytes,32142559.0,ns,589
64bit,fnv,65536,65536,bytes,33512764.0,ns,608
64bit,fnv,65536,65536,bytes,34634314.0,ns,627
64bit,fnv,65536,65536,bytes,35723923.0,ns,646
64bit,fnv,65536,65536,bytes,36564277.0,ns,665
64bit,fnv,65536,65536,bytes,37247230.0,ns,684
64bit,fnv,65536,65536,bytes,38292554.0,ns,703
64bit,fnv,65536,65536,bytes,40630765.0,ns,722
64bit,fnv,65536,65536,bytes,40517299.0,ns,741
64bit,fnv,65536,65536,bytes,41117774.0,ns,760
64bit,fnv,65536,65536,bytes,42213967.0,ns,779
64bit,fnv,65536,65536,bytes,43148469.0,ns,798
64bit,fnv,65536,65536,bytes,44287888.0,ns,817
64bit,fnv,65536,65536,bytes,45222336.0,ns,836
64bit,fnv,65536,65536,bytes,46293269.0,ns,855
64bit,fnv,65536,65536,bytes,47427123.0,ns,874
64bit,fnv,65536,65536,bytes,48558141.0,ns,893
64bit,fnv,65536,65536,bytes,49418152.0,ns,912
64bit,fnv,65536,65536,bytes,50678487.0,ns,931
64bit,fnv,65536,65536,bytes,51543016.0,ns,950
64bit,fnv,65536,65536,bytes,52635451.0,ns,969
64bit,fnv,65536,65536,bytes,56525543.0,ns,988
64bit,fnv,65536,65536,bytes,57304940.0,ns,1007
64bit,fnv,65536,65536,bytes,57401545.0,ns,1026
64bit,fnv,65536,65536,bytes,59243259.0,ns,1045
64bit,fnv,65536,65536,bytes,61243014.0,ns,1064
64bit,fnv,65536,65536,bytes,59323973.0,ns,1083
64bit,fnv,65536,65536,bytes,61948841.0,ns,1102
64bit,fnv,65536,65536,bytes,60813194.0,ns,1121
64bit,fnv,65536,65536,bytes,61744141.0,ns,1140
64bit,fnv,65536,65536,bytes,62861292.0,ns,1159
64bit,fnv,65536,65536,bytes,63684843.0,ns,1178
64bit,fnv,65536,65536,bytes,64782026.0,ns,1197
64bit,fnv,65536,65536,bytes,65981005.0,ns,1216
64bit,fnv,65536,65536,bytes,68630319.0,ns,1235
64bit,fnv,65536,65536,bytes,69492825.0,ns,1254
64bit,fnv,65536,65536,bytes,68913740.0,ns,1273
64bit,fnv,65536,65536,bytes,70004421.0,ns,1292
64bit,fnv,65536,65536,bytes,70988720.0,ns,1311
64bit,fnv,65536,65536,bytes,72103607.0,ns,1330
64bit,fnv,65536,65536,bytes,73291934.0,ns,1349
64bit,fnv,65536,65536,bytes,74195489.0,ns,1368
64bit,fnv,65536,65536,bytes,77287878.0,ns,1387
64bit,fnv,65536,65536,bytes,78003324.0,ns,1406
64bit,fnv,65536,65536,bytes,77550549.0,ns,1425
64bit,fnv,65536,65536,bytes,78128563.0,ns,1444
64bit,fnv,65536,65536,bytes,79182273.0,ns,1463
64bit,fnv,65536,65536,bytes,80526619.0,ns,1482
64bit,fnv,65536,65536,bytes,81666413.0,ns,1501
64bit,fnv,65536,65536,bytes,82542986.0,ns,1520
64bit,fnv,65536,65536,bytes,83239876.0,ns,1539
64bit,fnv,65536,65536,bytes,84311209.0,ns,1558
64bit,fnv,65536,65536,bytes,85452306.0,ns,1577
64bit,fnv,65536,65536,bytes,86562605.0,ns,1596
64bit,fnv,65536,65536,bytes,89629246.0,ns,1615
64bit,fnv,65536,65536,bytes,88469513.0,ns,1634
64bit,fnv,65536,65536,bytes,89457389.0,ns,1653
64bit,fnv,65536,65536,bytes,90499337.0,ns,1672
64bit,fnv,65536,65536,bytes,91484617.0,ns,1691
64bit,fnv,65536,65536,bytes,92871874.0,ns,1710
64bit,fnv,65536,65536,bytes,93928920.0,ns,1729
64bit,fnv,65536,65536,bytes,94585693.0,ns,1748
64bit,fnv,65536,65536,bytes,95713696.0,ns,1767
64bit,fnv,65536,65536,bytes,96918315.0,ns,1786
64bit,fnv,65536,65536,bytes,97879378.0,ns,1805
64bit,fnv,65536,65536,bytes,101904809.0,ns,1824
64bit,fnv,65536,65536,bytes,99922797.0,ns,1843
64bit,fnv,65536,65536,bytes,100703406.0,ns,1862
64bit,fnv,65536,65536,bytes,102170456.0,ns,1881
64bit,fnv,65536,65536,bytes,102954892.0,ns,1900
64bit,portable,1024,1024,bytes,988246.0,ns,1698
64bit,portable,1024,1024,bytes,1952867.0,ns,3396
64bit,portable,1024,1024,bytes,2949017.0,ns,5094
64bit,portable,1024,1024,bytes,3895874.0,ns,6792
64bit,portable,1024,1024,bytes,4890822.0,ns,8490
64bit,portable,1024,1024,bytes,5889759.0,ns,10188
64bit,portable,1024,1024,bytes,6834572.0,ns,11886
64bit,portable,1024,1024,bytes,7870428.0,ns,13584
64bit,portable,1024,1024,bytes,8783040.0,ns,15282
64bit,portable,1024,1024,bytes,9832041.0,ns,16980
64bit,portable,1024,1024,bytes,10715708.0,ns,18678
64bit,portable,1024,1024,bytes,11701399.0,ns,20376
64bit,portable,1024,1024,bytes,12690636.0,ns,22074
64bit,portable,1024,1024,bytes,13637984.0,ns,23772
64bit,portable,1024,1024,bytes,14624667.0,ns,25470
64bit,portable,1024,1024,bytes,15602502.0,ns,27168
64bit,portable,1024,1024,bytes,16579477.0,ns,28866
64bit,portable,1024,1024,bytes,17575777.0,ns,30564
64bit,portable,1024,1024,bytes,18586517.0,ns,32262
64bit,portable,1024,1024,bytes,19612935.0,ns,33960
64bit,portable,1024,1024,bytes,20558659.0,ns,35658
64bit,portable,1024,1024,bytes,21613132.0,ns,37356
64bit,portable,1024,1024,bytes,22494253.0,ns,39054
64bit,portable,1024,1024,bytes,23467671.0,ns,40752
64bit,portable,1024,1024,bytes,24398517.0,ns,42450
64bit,portable,1024,1024,bytes,25335595.0,ns,44148
64bit,portable,1024,1024,bytes,26439431.0,ns,45846
64bit,portable,1024,1024,bytes,27306055.0,ns,47544
64bit,portable,1024,1024,bytes,28356209.0,ns,49242
64bit,portable,1024,1024,bytes,29569224.0,ns,50940
64bit,portable,1024,1024,bytes,30366424.0,ns,52638
64bit,portable,1024,1024,bytes,31180328.0,ns,54336
64bit,portable,1024,1024,bytes,32166660.0,ns,56034
64bit,portable,1024,1024,bytes,33674507.0,ns,57732
64bit,portable,1024,1024,bytes,34532845.0,ns,59430
64bit,portable,1024,1024,bytes,35525208.0,ns,61128
64bit,portable,1024,1024,bytes,36449482.0,ns,62826
64bit,portable,1024,1024,bytes,37491811.0,ns,64524
64bit,portable,1024,1024,bytes,38647827.0,ns,66222
64bit,portable,1024,1024,bytes,39467521.0,ns,67920
64bit,portable,1024,1024,bytes,40557711.0,ns,69618
64bit,portable,1024,1024,bytes,41442841.0,ns,71316
64bit,portable,1024,1024,bytes,43241443.0,ns,73014
64bit,portable,1024,1024,bytes,44215381.0,ns,74712
64bit,portable,1024,1024,bytes,44531794.0,ns,76410
64bit,portable,1024,1024,bytes,45400683.0,ns,78108
64bit,portable,1024,1024,bytes,46372748.0,ns,79806
64bit,portable,1024,1024,bytes,47294136.0,ns,81504
64bit,portable,1024,1024,bytes,48619089.0,ns,83202
64bit,portable,1024,1024,bytes,49372612.0,ns,84900
64bit,portable,1024,1024,bytes,50502047.0,ns,86598
64bit,portable,1024,1024,bytes,51418345.0,ns,88296
64bit,portable,1024,1024,bytes,52364010.0,ns,89994
64bit,portable,1024,1024,bytes,53593637.0,ns,91692
64bit,portable,1024,1024,bytes,54294263.0,ns,93390
64bit,portable,1024,1024,bytes,55327475.0,ns,95088
64bit,portable,1024,1024,bytes,56361097.0,ns,96786
64bit,portable,1024,1024,bytes,57293867.0,ns,98484
64bit,portable,1024,1024,bytes,58250422.0,ns,100182
64bit,portable,1024,1024,bytes,59307499.0,ns,101880
64bit,portable,1024,1024,bytes,60371068.0,ns,103578
64bit,portable,1024,1024,bytes,61599574.0,ns,105276
64bit,portable,1024,1024,bytes,63468890.0,ns,106974
64bit,portable,1024,1024,bytes,63222791.0,ns,108672
64bit,portable,1024,1024,bytes,64447237.0,ns,110370
64bit,portable,1024,1024,bytes,64514746.0,ns,112068
64bit,portable,1024,1024,bytes,66049655.0,ns,113766
64bit,portable,1024,1024,bytes,66426444.0,ns,115464
64bit,portable,1024,1024,bytes,67461830.0,ns,117162
64bit,portable,1024,1024,bytes,68418976.0,ns,118860
64bit,portable,1024,1024,bytes,69536558.0,ns,120558
64bit,portable,1024,1024,bytes,70267353.0,ns,122256
64bit,portable,1024,1024,bytes,71360829.0,ns,123954
64bit,portable,1024,1024,bytes,72371288.0,ns,125652
64bit,portable,1024,1024,bytes,73330116.0,ns,127350
64bit,portable,1024,1024,bytes,74354252.0,ns,129048
64bit,portable,1024,1024,bytes,76770211.0,ns,130746
64bit,portable,1024,1024,bytes,76449520.0,ns,132444
64bit,portable,1024,1024,bytes,77220089.0,ns,134142
64bit,portable,1024,1024,bytes,78150585.0,ns,135840
64bit,portable,1024,1024,bytes,79343301.0,ns,137538
64bit,portable,1024,1024,bytes,80322049.0,ns,139236
64bit,portable,1024,1024,bytes,81084414.0,ns,140934
64bit,portable,1024,1024,bytes,82243336.0,ns,142632
64bit,portable,1024,1024,bytes,82693174.0,ns,144330
64bit,portable,1024,1024,bytes,83788744.0,ns,146028
64bit,portable,1024,1024,bytes,84976601.0,ns,147726
64bit,portable,1024,1024,bytes,86527831.0,ns,149424
64bit,portable,1024,1024,bytes,87911030.0,ns,151122
64bit,portable,1024,1024,bytes,88686489.0,ns,152820
64bit,portable,1024,1024,bytes,88729652.0,ns,154518
64bit,portable,1024,1024,bytes,89728749.0,ns,156216
64bit,portable,1024,1024,bytes,90735450.0,ns,157914
64bit,portable,1024,1024,bytes,91607003.0,ns,159612
64bit,portable,1024,1024,bytes,92618462.0,ns,161310
64bit,portable,1024,1024,bytes,93823301.0,ns,163008
64bit,portable,1024,1024,bytes,94459215.0,ns,164706
64bit,portable,1024,1024,bytes,96593839.0,ns,166404
64bit,portable,1024,1024,bytes,97325104.0,ns,168102
64bit,portable,1024,1024,bytes,101085469.0,ns,169800
64bit,portable,65536,65536,bytes,1009376.0,ns,31
64bit,portable,65536,65536,bytes,2015175.0,ns,62
64bit,portable,65536,65536,bytes,3012869.0,ns,93
64bit,portable,65536,65536,bytes,4023748.0,ns,124
64bit,portable,65536,65536,bytes,5044626.0,ns,155
64bit,portable,65536,65536,bytes,6027701.0,ns,186
64bit,portable,65536,65536,bytes,7031867.0,ns,217
64bit,portable,65536,65536,bytes,8040872.0,ns,248
64bit,portable,65536,65536,bytes,9073102.0,ns,279
64bit,portable,65536,65536,bytes,10094020.0,ns,310
64bit,portable,65536,65536,bytes,11067848.0,ns,341
64bit,portable,65536,65536,bytes,12145645.0,ns,372
64bit,portable,65536,65536,bytes,13105506.0,ns,403
64bit,portable,65536,65536,bytes,14080496.0,ns,434
64bit,portable,65536,65536,bytes,15145448.0,ns,465
64bit,portable,65536,65536,bytes,16053100.0,ns,496
64bit,portable,65536,65536,bytes,17145775.0,ns,527
64bit,portable,65536,65536,bytes,18040883.0,ns,558
64bit,portable,65536,65536,bytes,19075107.0,ns,589
64bit,portable,65536,65536,bytes,20087538.0,ns,620
64bit,portable,65536,65536,bytes,21048140.0,ns,651
64bit,portable,65536,65536,bytes,22094788.0,ns,682
64bit,portable,65536,65536,bytes,23086120.0,ns,713
64bit,portable,65536,65536,bytes,24068013.0,ns,744
64bit,portable,65536,65536,bytes,25093459.0,ns,775
64bit,portable,65536,65536,bytes,26225770.0,ns,806
64bit,portable,65536,65536,bytes,27243983.0,ns,837
64bit,portable,65536,65536,bytes,28198524.0,ns,868
64bit,portable,65536,65536,bytes,29233359.0,ns,899
64bit,portable,65536,65536,bytes,30103238.0,ns,930
64bit,portable,65536,65536,bytes,31127543.0,ns,961
64bit,portable,65536,65536,bytes,32104618.0,ns,992
64bit,portable,65536,65536,bytes,33126376.0,ns,1023
64bit,portable,65536,65536,bytes,34987458.0,ns,1054
64bit,portable,65536,65536,bytes,36686640.0,ns,1085
64bit,portable,65536,65536,bytes,36505274.0,ns,1116
64bit,portable,65536,65536,bytes,37593530.0,ns,1147
64bit,portable,65536,65536,bytes,38691720.0,ns,1178
64bit,portable,65536,65536,bytes,39799299.0,ns,1209
64bit,portable,65536,65536,bytes,40558708.0,ns,1240
64bit,portable,65536,65536,bytes,41808212.0,ns,1271
64bit,portable,65536,65536,bytes,42680897.0,ns,1302
64bit,portable,65536,65536,bytes,43737172.0,ns,1333
64bit,portable,65536,65536,bytes,44705961.0,ns,1364
64bit,portable,65536,65536,bytes,45717020.0,ns,1395
64bit,portable,65536,65536,bytes,46729091.0,ns,1426
64bit,portable,65536,65536,bytes,47682250.0,ns,1457
64bit,portable,65536,65536,bytes,48643484.0,ns,1488
64bit,portable,65536,65536,bytes,49588538.0,ns,1519
64bit,portable,65536,65536,bytes,50750555.0,ns,1550
64bit,portable,65536,65536,bytes,51736776.0,ns,1581
64bit,portable,65536,65536,bytes,52659798.0,ns,1612
64bit,portable,65536,65536,bytes,53726663.0,ns,1643
64bit,portable,65536,65536,bytes,54495550.0,ns,1674
64bit,portable,65536,65536,bytes,55591632.0,ns,1705
64bit,portable,65536,65536,bytes,57466138.0,ns,1736
64bit,portable,65536,65536,bytes,58602827.0,ns,1767
64bit,portable,65536,65536,bytes,58752132.0,ns,1798
64bit,portable,65536,65536,bytes,59808227.0,ns,1829
64bit,portable,65536,65536,bytes,60904218.0,ns,1860
64bit,portable,65536,65536,bytes,61818934.0,ns,1891
64bit,portable,65536,65536,bytes,62967615.0,ns,1922
64bit,portable,65536,65536,bytes,63783092.0,ns,1953
64bit,portable,65536,65536,bytes,64786396.0,ns,1984
64bit,portable,65536,65536,bytes,65956738.0,ns,2015
64bit,portable,65536,65536,bytes,66206716.0,ns,2046
64bit,portable,65536,65536,bytes,67640140.0,ns,2077
64bit,portable,65536,65536,bytes,68555737.0,ns,2108
64bit,portable,65536,65536,bytes,69557660.0,ns,2139
64bit,portable,65536,65536,bytes,70341765.0,ns,2170
64bit,portable,65536,65536,bytes,71232255.0,ns,2201
64bit,portable,65536,65536,bytes,73905816.0,ns,2232
64bit,portable,65536,65536,bytes,73487749.0,ns,2263
64bit,portable,65536,65536,bytes,74354692.0,ns,2294
64bit,portable,65536,65536,bytes,76631316.0,ns,2325
64bit,portable,65536,65536,bytes,76745464.0,ns,2356
64bit,portable,65536,65536,bytes,77832408.0,ns,2387
64bit,portable,65536,65536,bytes,78525610.0,ns,2418
64bit,portable,65536,65536,bytes,79778882.0,ns,2449
64bit,portable,65536,65536,bytes,80234121.0,ns,2480
64bit,portable,65536,65536,bytes,81232065.0,ns,2511
64bit,portable,65536,65536,bytes,82170445.0,ns,2542
64bit,portable,65536,65536,bytes,83209228.0,ns,2573
64bit,portable,65536,65536,bytes,84683981.0,ns,2604
64bit,portable,65536,65536,bytes,87140869.0,ns,2635
64bit,portable,65536,65536,bytes,86559710.0,ns,2666
64bit,portable,65536,65536,bytes,87318107.0,ns,2697
64bit,portable,65536,65536,bytes,88473742.0,ns,2728
64bit,portable,65536,65536,bytes,89689602.0,ns,2759
64bit,portable,65536,65536,bytes,90334853.0,ns,2790
64bit,portable,65536,65536,bytes,91559209.0,ns,2821
64bit,portable,65536,65536,bytes,92278321.0,ns,2852
64bit,portable,65536,65536,bytes,93528377.0,ns,2883
64bit,portable,65536,65536,bytes,94577388.0,ns,2914
64bit,portable,65536,65536,bytes,95435365.0,ns,2945
64bit,portable,65536,65536,bytes,98533297.0,ns,2976
64bit,portable,65536,65536,bytes,98031829.0,ns,3007
64bit,portable,65536,65536,bytes,100013951.0,ns,3038
64bit,portable,65536,65536,bytes,100362356.0,ns,3069
64bit,portable,65536,65536,bytes,102600451.0,ns,3100
64bit,portable,4096,4096,bytes,989278.0,ns,469
64bit,portable,4096,4096,bytes,1994385.0,ns,938
64bit,portable,4096,4096,bytes,3066641.0,ns,1407
64bit,portable,4096,4096,bytes,3925881.0,ns,1876
64bit,portable,4096,4096,bytes,4976906.0,ns,2345
64bit,portable,4096,4096,bytes,5895259.0,ns,2814
64bit,portable,4096,4096,bytes,6881421.0,ns,3283
64bit,portable,4096,4096,bytes,8042853.0,ns,3752
64bit,portable,4096,4096,bytes,8872680.0,ns,4221
64bit,portable,4096,4096,bytes,9879141.0,ns,4690
64bit,portable,4096,4096,bytes,10827511.0,ns,5159
64bit,portable,4096,4096,bytes,11731505.0,ns,5628
64bit,portable,4096,4096,bytes,12763875.0,ns,6097
64bit,portable,4096,4096,bytes,13744436.0,ns,6566
64bit,portable,4096,4096,bytes,14741960.0,ns,7035
64bit,portable,4096,4096,bytes,15728632.0,ns,7504
64bit,portable,4096,4096,bytes,16667223.0,ns,7973
64bit,portable,4096,4096,bytes,17739179.0,ns,8442
64bit,portable,4096,4096,bytes,18639025.0,ns,8911
64bit,portable,4096,4096,bytes,19570563.0,ns,9380
64bit,portable,4096,4096,bytes,20601531.0,ns,9849
64bit,portable,4096,4096,bytes,21628299.0,ns,10318
64bit,portable,4096,4096,bytes,22516695.0,ns,10787
64bit,portable,4096,4096,bytes,23532764.0,ns,11256
64bit,portable,4096,4096,bytes,24456015.0,ns,11725
64bit,portable,4096,4096,bytes,25435073.0,ns,12194
64bit,portable,4096,4096,bytes,26445742.0,ns,12663
64bit,portable,4096,4096,bytes,27948319.0,ns,13132
64bit,portable,4096,4096,bytes,29308324.0,ns,13601
64bit,portable,4096,4096,bytes,29471185.0,ns,14070
64bit,portable,4096,4096,bytes,30476413.0,ns,14539
64bit,portable,4096,4096,bytes,31374086.0,ns,15008
64bit,portable,4096,4096,bytes,32316264.0,ns,15477
64bit,portable,4096,4096,bytes,33635751.0,ns,15946
64bit,portable,4096,4096,bytes,34608918.0,ns,16415
64bit,portable,4096,4096,bytes,35717574.0,ns,16884
64bit,portable,4096,4096,bytes,36499896.0,ns,17353
64bit,portable,4096,4096,bytes,37895249.0,ns,17822
64bit,portable,4096,4096,bytes,38486137.0,ns,18291
64bit,portable,4096,4096,bytes,39828388.0,ns,18760
64bit,portable,4096,4096,bytes,40533383.0,ns,19229
64bit,portable,4096,4096,bytes,41790522.0,ns,19698
64bit,portable,4096,4096,bytes,42739122.0,ns,20167
64bit,portable,4096,4096,bytes,43458715.0,ns,20636
64bit,portable,4096,4096,bytes,44804543.0,ns,21105
64bit,portable,4096,4096,bytes,45522884.0,ns,21574
64bit,portable,4096,4096,bytes,46346305.0,ns,22043
64bit,portable,4096,4096,bytes,47333258.0,ns,22512
64bit,portable,4096,4096,bytes,48450270.0,ns,22981
64bit,portable,4096,4096,bytes,49280734.0,ns,23450
64bit,portable,4096,4096,bytes,50279490.0,ns,23919
64bit,portable,4096,4096,bytes,51184186.0,ns,24388
64bit,portable,4096,4096,bytes,52879992.0,ns,24857
64bit,portable,4096,4096,bytes,54214990.0,ns,25326
64bit,portable,4096,4096,bytes,54456590.0,ns,25795
64bit,portable,4096,4096,bytes,55164551.0,ns,26264
64bit,portable,4096,4096,bytes,56316128.0,ns,26733
64bit,portable,4096,4096,bytes,57299235.0,ns,27202
64bit,portable,4096,4096,bytes,58349449.0,ns,27671
64bit,portable,4096,4096,bytes,59179883.0,ns,28140
64bit,portable,4096,4096,bytes,60120788.0,ns,28609
64bit,portable,4096,4096,bytes,61879424.0,ns,29078
64bit,portable,4096,4096,bytes,62482465.0,ns,29547
64bit,portable,4096,4096,bytes,63350381.0,ns,30016
64bit,portable,4096,4096,bytes,64076496.0,ns,30485
64bit,portable,4096,4096,bytes,64725174.0,ns,30954
64bit,portable,4096,4096,bytes,66017009.0,ns,31423
64bit,portable,4096,4096,bytes,66747954.0,ns,31892
64bit,portable,4096,4096,bytes,67513184.0,ns,32361
64bit,portable,4096,4096,bytes,70151238.0,ns,32830
64bit,portable,4096,4096,bytes,69800529.0,ns,33299
64bit,portable,4096,4096,bytes,70574455.0,ns,33768
64bit,portable,4096,4096,bytes,71686447.0,ns,34237
64bit,portable,4096,4096,bytes,72599089.0,ns,34706
64bit,portable,4096,4096,bytes,73782256.0,ns,35175
64bit,portable,4096,4096,bytes,74488143.0,ns,35644
64bit,portable,4096,4096,bytes,76704542.0,ns,36113
64bit,portable,4096,4096,bytes,76887802.0,ns,36582
64bit,portable,4096,4096,bytes,77375513.0,ns,37051
64bit,portable,4096,4096,bytes,78401630.0,ns,37520
64bit,portable,4096,4096,bytes,79539372.0,ns,37989
64bit,portable,4096,4096,bytes,80512238.0,ns,38458
64bit,portable,4096,4096,bytes,82333594.0,ns,38927
64bit,portable,4096,4096,bytes,83211478.0,ns,39396
64bit,portable,4096,4096,bytes,83353630.0,ns,39865
64bit,portable,4096,4096,bytes,84495057.0,ns,40334
64bit,portable,4096,4096,bytes,85654150.0,ns,40803
64bit,portable,4096,4096,bytes,86400603.0,ns,41272
64bit,portable,4096,4096,bytes,87272568.0,ns,41741
64bit,portable,4096,4096,bytes,88410148.0,ns,42210
64bit,portable,4096,4096,bytes,89283224.0,ns,42679
64bit,portable,4096,4096,bytes,90162923.0,ns,43148
64bit,portable,4096,4096,bytes,91315462.0,ns,43617
64bit,portable,4096,4096,bytes,92082044.0,ns,44086
64bit,portable,4096,4096,bytes,95124189.0,ns,44555
64bit,portable,4096,4096,bytes,94126626.0,ns,45024
64bit,portable,4096,4096,bytes,95279736.0,ns,45493
64bit,portable,4096,4096,bytes,97447993.0,ns,45962
64bit,portable,4096,4096,bytes,97572781.0,ns,46431
64bit,portable,4096,4096,bytes,98641731.0,ns,46900
64bit,portable,256,256,bytes,988096.0,ns,4955
64bit,portable,256,256,bytes,1967635.0,ns,9910
64bit,portable,256,256,bytes,2919250.0,ns,14865
64bit,portable,256,256,bytes,3902877.0,ns,19820
64bit,portable,256,256,bytes,4863000.0,ns,24775
64bit,portable,256,256,bytes,5856105.0,ns,29730
64bit,portable,256,256,bytes,6875871.0,ns,34685
64bit,portable,256,256,bytes,7989506.0,ns,39640
64bit,portable,256,256,bytes,8776628.0,ns,44595
64bit,portable,256,256,bytes,9757259.0,ns,49550
64bit,portable,256,256,bytes,10744232.0,ns,54505
64bit,portable,256,256,bytes,11722460.0,ns,59460
64bit,portable,256,256,bytes,12679506.0,ns,64415
64bit,portable,256,256,bytes,13602306.0,ns,69370
64bit,portable,256,256,bytes,14604409.0,ns,74325
64bit,portable,256,256,bytes,15546236.0,ns,79280
64bit,portable,256,256,bytes,16516829.0,ns,84235
64bit,portable,256,256,bytes,17593162.0,ns,89190
64bit,portable,256,256,bytes,18586387.0,ns,94145
64bit,portable,256,256,bytes,19512726.0,ns,99100
64bit,portable,256,256,bytes,20478778.0,ns,104055
64bit,portable,256,256,bytes,21432759.0,ns,109010
64bit,portable,256,256,bytes,22451793.0,ns,113965
64bit,portable,256,256,bytes,23322966.0,ns,118920
64bit,portable,256,256,bytes,24269783.0,ns,123875
64bit,portable,256,256,bytes,25324054.0,ns,128830
64bit,portable,256,256,bytes,26324273.0,ns,133785
64bit,portable,256,256,bytes,27272192.0,ns,138740
64bit,portable,256,256,bytes,28202437.0,ns,143695
64bit,portable,256,256,bytes,29102073.0,ns,148650
64bit,portable,256,256,bytes,30187345.0,ns,153605
64bit,portable,256,256,bytes,32783559.0,ns,158560
64bit,portable,256,256,bytes,32214844.0,ns,163515
64bit,portable,256,256,bytes,33759151.0,ns,168470
64bit,portable,256,256,bytes,34745072.0,ns,173425
64bit,portable,256,256,bytes,35396324.0,ns,178380
64bit,portable,256,256,bytes,36436660.0,ns,183335
64bit,portable,256,256,bytes,37313494.0,ns,188290
64bit,portable,256,256,bytes,38228409.0,ns,193245
64bit,portable,256,256,bytes,39309903.0,ns,198200
64bit,portable,256,256,bytes,40333596.0,ns,203155
64bit,portable,256,256,bytes,41435449.0,ns,208110
64bit,portable,256,256,bytes,42198255.0,ns,213065
64bit,portable,256,256,bytes,43210186.0,ns,218020
64bit,portable,256,256,bytes,44315414.0,ns,222975
64bit,portable,256,256,bytes,45824734.0,ns,227930
64bit,portable,256,256,bytes,46941476.0,ns,232885
64bit,portable,256,256,bytes,48126638.0,ns,237840
64bit,portable,256,256,bytes,49623133.0,ns,242795
64bit,portable,256,256,bytes,52607758.0,ns,247750
64bit,portable,256,256,bytes,51013076.0,ns,252705
64bit,portable,256,256,bytes,51668115.0,ns,257660
64bit,portable,256,256,bytes,52366127.0,ns,262615
64bit,portable,256,256,bytes,53429576.0,ns,267570
64bit,portable,256,256,bytes,55975715.0,ns,272525
64bit,portable,256,256,bytes,56531134.0,ns,277480
64bit,portable,256,256,bytes,56769360.0,ns,282435
64bit,portable,256,256,bytes,57310061.0,ns,287390
64bit,portable,256,256,bytes,58174422.0,ns,292345
64bit,portable,256,256,bytes,58926546.0,ns,297300
64bit,portable,256,256,bytes,60015625.0,ns,302255
64bit,portable,256,256,bytes,60969615.0,ns,307210
64bit,portable,256,256,bytes,62024638.0,ns,312165
64bit,portable,256,256,bytes,63334026.0,ns,317120
64bit,portable,256,256,bytes,63914214.0,ns,322075
64bit,portable,256,256,bytes,64581958.0,ns,327030
64bit,portable,256,256,bytes,65661167.0,ns,331985
64bit,portable,256,256,bytes,66335875.0,ns,336940
64bit,portable,256,256,bytes,67223419.0,ns,341895
64bit,portable,256,256,bytes,68155507.0,ns,346850
64bit,portable,256,256,bytes,70856170.0,ns,351805
64bit,portable,256,256,bytes,71538833.0,ns,356760
64bit,portable,256,256,bytes,71293625.0,ns,361715
64bit,portable,256,256,bytes,72045230.0,ns,366670
64bit,portable,256,256,bytes,73086476.0,ns,371625
64bit,portable,256,256,bytes,73945996.0,ns,376580
64bit,portable,256,256,bytes,75227863.0,ns,381535
64bit,portable,256,256,bytes,76845389.0,ns,386490
64bit,portable,256,256,bytes,77241175.0,ns,391445
64bit,portable,256,256,bytes,77753192.0,ns,396400
64bit,portable,256,256,bytes,78723042.0,ns,401355
64bit,portable,256,256,bytes,79673406.0,ns,406310
64bit,portable,256,256,bytes,80601977.0,ns,411265
64bit,portable,256,256,bytes,82162837.0,ns,416220
64bit,portable,256,256,bytes,84107547.0,ns,421175
64bit,portable,256,256,bytes,83621239.0,ns,426130
64bit,portable,256,256,bytes,84455331.0,ns,431085
64bit,portable,256,256,bytes,85382359.0,ns,436040
64bit,portable,256,256,bytes,86394542.0,ns,440995
64bit,portable,256,256,bytes,87499089.0,ns,445950
64bit,portable,256,256,bytes,89022957.0,ns,450905
64bit,portable,256,256,bytes,89550343.0,ns,455860
64bit,portable,256,256,bytes,90468216.0,ns,460815
64bit,portable,256,256,bytes,93117341.0,ns,465770
64bit,portable,256,256,bytes,94617623.0,ns,470725
64bit,portable,256,256,bytes,95973962.0,ns,475680
64bit,portable,256,256,bytes,94836330.0,ns,480635
64bit,portable,256,256,bytes,96147102.0,ns,485590
64bit,portable,256,256,bytes,98424688.0,ns,490545
64bit,portable,256,256,bytes,100755705.0,ns,495500
64bit,farmhash,1,1,bytes,976123.0,ns,657052
64bit,farmhash,1,1,bytes,1962606.0,ns,1314104
64bit,farmhash,1,1,bytes,2967964.0,ns,1971156
64bit,farmhash,1,1,bytes,3925773.0,ns,2628208
64bit,farmhash,1,1,bytes,4894211.0,ns,3285260
64bit,farmhash,1,1,bytes,5925489.0,ns,3942312
64bit,farmhash,1,1,bytes,6934836.0,ns,4599364
64bit,farmhash,1,1,bytes,7892553.0,ns,5256416
64bit,farmhash,1,1,bytes,8841434.0,ns,5913468
64bit,farmhash,1,1,bytes,9825612.0,ns,6570520
64bit,farmhash,1,1,bytes,10810102.0,ns,7227572
64bit,farmhash,1,1,bytes,11772188.0,ns,7884624
64bit,farmhash,1,1,bytes,12795190.0,ns,8541676
64bit,farmhash,1,1,bytes,13824765.0,ns,9198728
64bit,farmhash,1,1,bytes,14828972.0,ns,9855780
64bit,farmhash,1,1,bytes,16162281.0,ns,10512832
64bit,farmhash,1,1,bytes,16852383.0,ns,11169884
64bit,farmhash,1,1,bytes,17720350.0,ns,11826936
64bit,farmhash,1,1,bytes,18640346.0,ns,12483988
64bit,farmhash,1,1,bytes,19605328.0,ns,13141040
64bit,farmhash,1,1,bytes,20790039.0,ns,13798092
64bit,farmhash,1,1,bytes,21620454.0,ns,14455144
64bit,farmhash,1,1,bytes,22783383.0,ns,15112196
64bit,farmhash,1,1,bytes,23672510.0,ns,15769248
64bit,farmhash,1,1,bytes,24603637.0,ns,16426300
64bit,farmhash,1,1,bytes,25762169.0,ns,17083352
64bit,farmhash,1,1,bytes,26604566.0,ns,17740404
64bit,farmhash,1,1,bytes,27662426.0,ns,18397456
64bit,farmhash,1,1,bytes,28455719.0,ns,19054508
64bit,farmhash,1,1,bytes,29817979.0,ns,19711560
64bit,farmhash,1,1,bytes,31128039.0,ns,20368612
64bit,farmhash,1,1,bytes,31808789.0,ns,21025664
64bit,farmhash,1,1,bytes,32465712.0,ns,21682716
64bit,farmhash,1,1,bytes,34173703.0,ns,22339768
64bit,farmhash,1,1,bytes,34716619.0,ns,22996820
64bit,farmhash,1,1,bytes,35495826.0,ns,23653872
64bit,farmhash,1,1,bytes,36394501.0,ns,24310924
64bit,farmhash,1,1,bytes,37863695.0,ns,24967976
64bit,farmhash,1,1,bytes,38498466.0,ns,25625028
64bit,farmhash,1,1,bytes,41049986.0,ns,26282080
64bit,farmhash,1,1,bytes,41106123.0,ns,26939132
64bit,farmhash,1,1,bytes,41357102.0,ns,27596184
64bit,farmhash,1,1,bytes,44065742.0,ns,28253236
64bit,farmhash,1,1,bytes,43258231.0,ns,28910288
64bit,farmhash,1,1,bytes,44230777.0,ns,29567340
64bit,farmhash,1,1,bytes,45323403.0,ns,30224392
64bit,farmhash,1,1,bytes,46125182.0,ns,30881444
64bit,farmhash,1,1,bytes,47157413.0,ns,31538496
64bit,farmhash,1,1,bytes,48259396.0,ns,32195548
64bit,farmhash,1,1,bytes,49146018.0,ns,32852600
64bit,farmhash,1,1,bytes,50467079.0,ns,33509652
64bit,farmhash,1,1,bytes,51352920.0,ns,34166704
64bit,farmhash,1,1,bytes,52214885.0,ns,34823756
64bit,farmhash,1,1,bytes,53120303.0,ns,35480808
64bit,farmhash,1,1,bytes,54060487.0,ns,36137860
64bit,farmhash,1,1,bytes,55041600.0,ns,36794912
64bit,farmhash,1,1,bytes,56234938.0,ns,37451964
64bit,farmhash,1,1,bytes,57337491.0,ns,38109016
64bit,farmhash,1,1,bytes,58321199.0,ns,38766068
64bit,farmhash,1,1,bytes,59145913.0,ns,39423120
64bit,farmhash,1,1,bytes,60336426.0,ns,40080172
64bit,farmhash,1,1,bytes,63456360.0,ns,40737224
64bit,farmhash,1,1,bytes,62887885.0,ns,41394276
64bit,farmhash,1,1,bytes,64430539.0,ns,42051328
64bit,farmhash,1,1,bytes,63978186.0,ns,42708380
64bit,farmhash,1,1,bytes,65275501.0,ns,43365432
64bit,farmhash,1,1,bytes,66211979.0,ns,44022484
64bit,farmhash,1,1,bytes,68109380.0,ns,44679536
64bit,farmhash,1,1,bytes,70347913.0,ns,45336588
64bit,farmhash,1,1,bytes,71328495.0,ns,45993640
64bit,farmhash,1,1,bytes,70582440.0,ns,46650692
64bit,farmhash,1,1,bytes,71103315.0,ns,47307744
64bit,farmhash,1,1,bytes,72718146.0,ns,47964796
64bit,farmhash,1,1,bytes,73678990.0,ns,48621848
64bit,farmhash,1,1,bytes,74976276.0,ns,49278900
64bit,farmhash,1,1,bytes,74876826.0,ns,49935952
64bit,farmhash,1,1,bytes,77050755.0,ns,50593004
64bit,farmhash,1,1,bytes,76724663.0,ns,51250056
64bit,farmhash,1,1,bytes,77602328.0,ns,51907108
64bit,farmhash,1,1,bytes,80585822.0,ns,52564160
64bit,farmhash,1,1,bytes,79817005.0,ns,53221212
64bit,farmhash,1,1,bytes,80872490.0,ns,53878264
64bit,farmhash,1,1,bytes,81646717.0,ns,54535316
64bit,farmhash,1,1,bytes,82459438.0,ns,55192368
64bit,farmhash,1,1,bytes,84116991.0,ns,55849420
64bit,farmhash,1,1,bytes,85058658.0,ns,56506472
64bit,farmhash,1,1,bytes,85530390.0,ns,57163524
64bit,farmhash,1,1,bytes,86617062.0,ns,57820576
64bit,farmhash,1,1,bytes,88732531.0,ns,58477628
64bit,farmhash,1,1,bytes,88504826.0,ns,59134680
64bit,farmhash,1,1,bytes,89375307.0,ns,59791732
64bit,farmhash,1,1,bytes,90316163.0,ns,60448784
64bit,farmhash,1,1,bytes,91498108.0,ns,61105836
64bit,farmhash,1,1,bytes,92500643.0,ns,61762888
64bit,farmhash,1,1,bytes,93264560.0,ns,62419940
64bit,farmhash,1,1,bytes,95355331.0,ns,63076992
64bit,farmhash,1,1,bytes,99236267.0,ns,63734044
64bit,farmhash,1,1,bytes,96256370.0,ns,64391096
64bit,farmhash,1,1,bytes,97330100.0,ns,65048148
64bit,farmhash,1,1,bytes,99543544.0,ns,65705200
64bit,farmhash,4,4,bytes,992474.0,ns,813725
64bit,farmhash,4,4,bytes,1998033.0,ns,1627450
64bit,farmhash,4,4,bytes,2980197.0,ns,2441175
64bit,farmhash,4,4,bytes,3891908.0,ns,3254900
64bit,farmhash,4,4,bytes,4847641.0,ns,4068625
64bit,farmhash,4,4,bytes,5828314.0,ns,4882350
64bit,farmhash,4,4,bytes,6848390.0,ns,5696075
64bit,farmhash,4,4,bytes,7707178.0,ns,6509800
64bit,farmhash,4,4,bytes,8822347.0,ns,7323525
64bit,farmhash,4,4,bytes,9775326.0,ns,8137250
64bit,farmhash,4,4,bytes,10553420.0,ns,8950975
64bit,farmhash,4,4,bytes,11769351.0,ns,9764700
64bit,farmhash,4,4,bytes,12756937.0,ns,10578425
64bit,farmhash,4,4,bytes,13821658.0,ns,11392150
64bit,farmhash,4,4,bytes,14368982.0,ns,12205875
64bit,farmhash,4,4,bytes,15588299.0,ns,13019600
64bit,farmhash,4,4,bytes,16430657.0,ns,13833325
64bit,farmhash,4,4,bytes,17717463.0,ns,14647050
64bit,farmhash,4,4,bytes,19027303.0,ns,15460775
64bit,farmhash,4,4,bytes,19539931.0,ns,16274500
64bit,farmhash,4,4,bytes,20299902.0,ns,17088225
64bit,farmhash,4,4,bytes,21288989.0,ns,17901950
64bit,farmhash,4,4,bytes,22637312.0,ns,18715675
64bit,farmhash,4,4,bytes,23940228.0,ns,19529400
64bit,farmhash,4,4,bytes,24404064.0,ns,20343125
64bit,farmhash,4,4,bytes,25918064.0,ns,21156850
64bit,farmhash,4,4,bytes,26636253.0,ns,21970575
64bit,farmhash,4,4,bytes,28712216.0,ns,22784300
64bit,farmhash,4,4,bytes,28742714.0,ns,23598025
64bit,farmhash,4,4,bytes,29622422.0,ns,24411750
64bit,farmhash,4,4,bytes,30553801.0,ns,25225475
64bit,farmhash,4,4,bytes,31247153.0,ns,26039200
64bit,farmhash,4,4,bytes,32359877.0,ns,26852925
64bit,farmhash,4,4,bytes,34095349.0,ns,27666650
64bit,farmhash,4,4,bytes,35155874.0,ns,28480375
64bit,farmhash,4,4,bytes,35997410.0,ns,29294100
64bit,farmhash,4,4,bytes,36494838.0,ns,30107825
64bit,farmhash,4,4,bytes,37814467.0,ns,30921550
64bit,farmhash,4,4,bytes,38168783.0,ns,31735275
64bit,farmhash,4,4,bytes,38993808.0,ns,32549000
64bit,farmhash,4,4,bytes,40502617.0,ns,33362725
64bit,farmhash,4,4,bytes,40928680.0,ns,34176450
64bit,farmhash,4,4,bytes,42203434.0,ns,34990175
64bit,farmhash,4,4,bytes,42983422.0,ns,35803900
64bit,farmhash,4,4,bytes,44853300.0,ns,36617625
64bit,farmhash,4,4,bytes,46044633.0,ns,37431350
64bit,farmhash,4,4,bytes,46822288.0,ns,38245075
64bit,farmhash,4,4,bytes,47817437.0,ns,39058800
64bit,farmhash,4,4,bytes,48960609.0,ns,39872525
64bit,farmhash,4,4,bytes,49976498.0,ns,40686250
64bit,farmhash,4,4,bytes,50197500.0,ns,41499975
64bit,farmhash,4,4,bytes,51645453.0,ns,42313700
64bit,farmhash,4,4,bytes,53451330.0,ns,43127425
64bit,farmhash,4,4,bytes,53165383.0,ns,43941150
64bit,farmhash,4,4,bytes,54419507.0,ns,44754875
64bit,farmhash,4,4,bytes,55224503.0,ns,45568600
64bit,farmhash,4,4,bytes,56256322.0,ns,46382325
64bit,farmhash,4,4,bytes,56971627.0,ns,47196050
64bit,farmhash,4,4,bytes,57304582.0,ns,48009775
64bit,farmhash,4,4,bytes,58583293.0,ns,48823500
64bit,farmhash,4,4,bytes,59104087.0,ns,49637225
64bit,farmhash,4,4,bytes,61346426.0,ns,50450950
64bit,farmhash,4,4,bytes,61695052.0,ns,51264675
64bit,farmhash,4,4,bytes,62808547.0,ns,52078400
64bit,farmhash,4,4,bytes,63810048.0,ns,52892125
64bit,farmhash,4,4,bytes,64323247.0,ns,53705850
64bit,farmhash,4,4,bytes,65409100.0,ns,54519575
64bit,farmhash,4,4,bytes,66351708.0,ns,55333300
64bit,farmhash,4,4,bytes,68281461.0,ns,56147025
64bit,farmhash,4,4,bytes,69511469.0,ns,56960750
64bit,farmhash,4,4,bytes,69297911.0,ns,57774475
64bit,farmhash,4,4,bytes,70475629.0,ns,58588200
64bit,farmhash,4,4,bytes,71601548.0,ns,59401925
64bit,farmhash,4,4,bytes,73715142.0,ns,60215650
64bit,farmhash,4,4,bytes,74349001.0,ns,61029375
64bit,farmhash,4,4,bytes,74218121.0,ns,61843100
64bit,farmhash,4,4,bytes,75126826.0,ns,62656825
64bit,farmhash,4,4,bytes,76399344.0,ns,63470550
64bit,farmhash,4,4,bytes,76882396.0,ns,64284275
64bit,farmhash,4,4,bytes,78431652.0,ns,65098000
64bit,farmhash,4,4,bytes,79202464.0,ns,65911725
64bit,farmhash,4,4,bytes,80228512.0,ns,66725450
64bit,farmhash,4,4,bytes,83733802.0,ns,67539175
64bit,farmhash,4,4,bytes,82552066.0,ns,68352900
64bit,farmhash,4,4,bytes,82500066.0,ns,69166625
64bit,farmhash,4,4,bytes,83853240.0,ns,69980350
64bit,farmhash,4,4,bytes,85419879.0,ns,70794075
64bit,farmhash,4,4,bytes,86165713.0,ns,71607800
64bit,farmhash,4,4,bytes,88499261.0,ns,72421525
64bit,farmhash,4,4,bytes,87381022.0,ns,73235250
64bit,farmhash,4,4,bytes,89203470.0,ns,74048975
64bit,farmhash,4,4,bytes,90390836.0,ns,74862700
64bit,farmhash,4,4,bytes,90884207.0,ns,75676425
64bit,farmhash,4,4,bytes,94064246.0,ns,76490150
64bit,farmhash,4,4,bytes,93369280.0,ns,77303875
64bit,farmhash,4,4,bytes,94557277.0,ns,78117600
64bit,farmhash,4,4,bytes,95509234.0,ns,78931325
64bit,farmhash,4,4,bytes,95874301.0,ns,79745050
64bit,farmhash,4,4,bytes,98360355.0,ns,80558775
64bit,farmhash,4,4,bytes,98598740.0,ns,81372500
64bit,farmhash,16384,16384,bytes,990720.0,ns,1591
64bit,farmhash,16384,16384,bytes,1974116.0,ns,3182
64bit,farmhash,16384,16384,bytes,2961741.0,ns,4773
64bit,farmhash,16384,16384,bytes,3939326.0,ns,6364
64bit,farmhash,16384,16384,bytes,4941659.0,ns,7955
64bit,farmhash,16384,16384,bytes,5917742.0,ns,9546
64bit,farmhash,16384,16384,bytes,6916988.0,ns,11137
64bit,farmhash,16384,16384,bytes,7904462.0,ns,12728
64bit,farmhash,16384,16384,bytes,8914970.0,ns,14319
64bit,farmhash,16384,16384,bytes,9888158.0,ns,15910
64bit,farmhash,16384,16384,bytes,10926288.0,ns,17501
64bit,farmhash,16384,16384,bytes,11854709.0,ns,19092
64bit,farmhash,16384,16384,bytes,12853916.0,ns,20683
64bit,farmhash,16384,16384,bytes,13825991.0,ns,22274
64bit,farmhash,16384,16384,bytes,14776044.0,ns,23865
64bit,farmhash,16384,16384,bytes,15740294.0,ns,25456
64bit,farmhash,16384,16384,bytes,16723559.0,ns,27047
64bit,farmhash,16384,16384,bytes,17767121.0,ns,28638
64bit,farmhash,16384,16384,bytes,18800553.0,ns,30229
64bit,farmhash,16384,16384,bytes,19782606.0,ns,31820
64bit,farmhash,16384,16384,bytes,20781252.0,ns,33411
64bit,farmhash,16384,16384,bytes,21711708.0,ns,35002
64bit,farmhash,16384,16384,bytes,22696637.0,ns,36593
64bit,farmhash,16384,16384,bytes,23615269.0,ns,38184
64bit,farmhash,16384,16384,bytes,24638542.0,ns,39775
64bit,farmhash,16384,16384,bytes,25700499.0,ns,41366
64bit,farmhash,16384,16384,bytes,26706869.0,ns,42957
64bit,farmhash,16384,16384,bytes,27704992.0,ns,44548
64bit,farmhash,16384,16384,bytes,29043753.0,ns,46139
64bit,farmhash,16384,16384,bytes,29956439.0,ns,47730
64bit,farmhash,16384,16384,bytes,30694788.0,ns,49321
64bit,farmhash,16384,16384,bytes,31514923.0,ns,50912
64bit,farmhash,16384,16384,bytes,32570087.0,ns,52503
64bit,farmhash,16384,16384,bytes,33568090.0,ns,54094
64bit,farmhash,16384,16384,bytes,34591463.0,ns,55685
64bit,farmhash,16384,16384,bytes,35664310.0,ns,57276
64bit,farmhash,16384,16384,bytes,36566481.0,ns,58867
64bit,farmhash,16384,16384,bytes,37564495.0,ns,60458
64bit,farmhash,16384,16384,bytes,38423324.0,ns,62049
64bit,farmhash,16384,16384,bytes,39562599.0,ns,63640
64bit,farmhash,16384,16384,bytes,40633752.0,ns,65231
64bit,farmhash,16384,16384,bytes,41421905.0,ns,66822
64bit,farmhash,16384,16384,bytes,43104566.0,ns,68413
64bit,farmhash,16384,16384,bytes,44112300.0,ns,70004
64bit,farmhash,16384,16384,bytes,44458310.0,ns,71595
64bit,farmhash,16384,16384,bytes,45481452.0,ns,73186
64bit,farmhash,16384,16384,bytes,46430252.0,ns,74777
64bit,farmhash,16384,16384,bytes,47285394.0,ns,76368
64bit,farmhash,16384,16384,bytes,48288217.0,ns,77959
64bit,farmhash,16384,16384,bytes,49431629.0,ns,79550
64bit,farmhash,16384,16384,bytes,50245572.0,ns,81141
64bit,farmhash,16384,16384,bytes,51236603.0,ns,82732
64bit,farmhash,16384,16384,bytes,52293559.0,ns,84323
64bit,farmhash,16384,16384,bytes,53285983.0,ns,85914
64bit,farmhash,16384,16384,bytes,54350856.0,ns,87505
64bit,farmhash,16384,16384,bytes,55383906.0,ns,89096
64bit,farmhash,16384,16384,bytes,56340682.0,ns,90687
64bit,farmhash,16384,16384,bytes,58079981.0,ns,92278
64bit,farmhash,16384,16384,bytes,58864207.0,ns,93869
64bit,farmhash,16384,16384,bytes,59350625.0,ns,95460
64bit,farmhash,16384,16384,bytes,60719066.0,ns,97051
64bit,farmhash,16384,16384,bytes,61516357.0,ns,98642
64bit,farmhash,16384,16384,bytes,63370576.0,ns,100233
64bit,farmhash,16384,16384,bytes,63207805.0,ns,101824
64bit,farmhash,16384,16384,bytes,64254923.0,ns,103415
64bit,farmhash,16384,16384,bytes,65274438.0,ns,105006
64bit,farmhash,16384,16384,bytes,66273334.0,ns,106597
64bit,farmhash,16384,16384,bytes,67141520.0,ns,108188
64bit,farmhash,16384,16384,bytes,68029344.0,ns,109779
64bit,farmhash,16384,16384,bytes,69078317.0,ns,111370
64bit,farmhash,16384,16384,bytes,71500738.0,ns,112961
64bit,farmhash,16384,16384,bytes,71264006.0,ns,114552
64bit,farmhash,16384,16384,bytes,72295335.0,ns,116143
64bit,farmhash,16384,16384,bytes,74026187.0,ns,117734
64bit,farmhash,16384,16384,bytes,79025456.0,ns,119325
64bit,farmhash,16384,16384,bytes,76408392.0,ns,120916
64bit,farmhash,16384,16384,bytes,77720146.0,ns,122507
64bit,farmhash,16384,16384,bytes,77271970.0,ns,124098
64bit,farmhash,16384,16384,bytes,78171316.0,ns,125689
64bit,farmhash,16384,16384,bytes,79049312.0,ns,127280
64bit,farmhash,16384,16384,bytes,80169018.0,ns,128871
64bit,farmhash,16384,16384,bytes,81256544.0,ns,130462
64bit,farmhash,16384,16384,bytes,83160927.0,ns,132053
64bit,farmhash,16384,16384,bytes,83276508.0,ns,133644
64bit,farmhash,16384,16384,bytes,84137209.0,ns,135235
64bit,farmhash,16384,16384,bytes,84946263.0,ns,136826
64bit,farmhash,16384,16384,bytes,86141214.0,ns,138417
64bit,farmhash,16384,16384,bytes,87312679.0,ns,140008
64bit,farmhash,16384,16384,bytes,89748927.0,ns,141599
64bit,farmhash,16384,16384,bytes,89130908.0,ns,143190
64bit,farmhash,16384,16384,bytes,89991640.0,ns,144781
64bit,farmhash,16384,16384,bytes,91009893.0,ns,146372
64bit,farmhash,16384,16384,bytes,91927173.0,ns,147963
64bit,farmhash,16384,16384,bytes,92753791.0,ns,149554
64bit,farmhash,16384,16384,bytes,93695557.0,ns,151145
64bit,farmhash,16384,16384,bytes,94838668.0,ns,152736
64bit,farmhash,16384,16384,bytes,95991238.0,ns,154327
64bit,farmhash,16384,16384,bytes,96920782.0,ns,155918
64bit,farmhash,16384,16384,bytes,98242734.0,ns,157509
64bit,farmhash,16384,16384,bytes,100608728.0,ns,159100
64bit,farmhash,64,64,bytes,982154.0,ns,235659
64bit,farmhash,64,64,bytes,1974478.0,ns,471318
64bit,farmhash,64,64,bytes,2956382.0,ns,706977
64bit,farmhash,64,64,bytes,3936421.0,ns,942636
64bit,farmhash,64,64,bytes,4908607.0,ns,1178295
64bit,farmhash,64,64,bytes,5933903.0,ns,1413954
64bit,farmhash,64,64,bytes,6857987.0,ns,1649613
64bit,farmhash,64,64,bytes,7868765.0,ns,1885272
64bit,farmhash,64,64,bytes,8862222.0,ns,2120931
64bit,farmhash,64,64,bytes,9878079.0,ns,2356590
64bit,farmhash,64,64,bytes,10818435.0,ns,2592249
64bit,farmhash,64,64,bytes,11805769.0,ns,2827908
64bit,farmhash,64,64,bytes,12779075.0,ns,3063567
64bit,farmhash,64,64,bytes,13798521.0,ns,3299226
64bit,farmhash,64,64,bytes,14765868.0,ns,3534885
64bit,farmhash,64,64,bytes,15710861.0,ns,3770544
64bit,farmhash,64,64,bytes,17194242.0,ns,4006203
64bit,farmhash,64,64,bytes,17968218.0,ns,4241862
64bit,farmhash,64,64,bytes,18854851.0,ns,4477521
64bit,farmhash,64,64,bytes,20221849.0,ns,4713180
64bit,farmhash,64,64,bytes,21231355.0,ns,4948839
64bit,farmhash,64,64,bytes,21822694.0,ns,5184498
64bit,farmhash,64,64,bytes,22713954.0,ns,5420157
64bit,farmhash,64,64,bytes,23638389.0,ns,5655816
64bit,farmhash,64,64,bytes,24931717.0,ns,5891475
64bit,farmhash,64,64,bytes,25798410.0,ns,6127134
64bit,farmhash,64,64,bytes,26542200.0,ns,6362793
64bit,farmhash,64,64,bytes,27703586.0,ns,6598452
64bit,farmhash,64,64,bytes,28564008.0,ns,6834111
64bit,farmhash,64,64,bytes,30754348.0,ns,7069770
64bit,farmhash,64,64,bytes,31797008.0,ns,7305429
64bit,farmhash,64,64,bytes,32404155.0,ns,7541088
64bit,farmhash,64,64,bytes,32589711.0,ns,7776747
64bit,farmhash,64,64,bytes,33643411.0,ns,8012406
64bit,farmhash,64,64,bytes,34433680.0,ns,8248065
64bit,farmhash,64,64,bytes,36162908.0,ns,8483724
64bit,farmhash,64,64,bytes,37010877.0,ns,8719383
64bit,farmhash,64,64,bytes,37403346.0,ns,8955042
64bit,farmhash,64,64,bytes,38515579.0,ns,9190701
64bit,farmhash,64,64,bytes,39388364.0,ns,9426360
64bit,farmhash,64,64,bytes,41035798.0,ns,9662019
64bit,farmhash,64,64,bytes,41668425.0,ns,9897678
64bit,farmhash,64,64,bytes,42405031.0,ns,10133337
64bit,farmhash,64,64,bytes,43302523.0,ns,10368996
64bit,farmhash,64,64,bytes,44393426.0,ns,10604655
64bit,farmhash,64,64,bytes,45350632.0,ns,10840314
64bit,farmhash,64,64,bytes,46325863.0,ns,11075973
64bit,farmhash,64,64,bytes,47257991.0,ns,11311632
64bit,farmhash,64,64,bytes,48288989.0,ns,11547291
64bit,farmhash,64,64,bytes,49446407.0,ns,11782950
64bit,farmhash,64,64,bytes,50342367.0,ns,12018609
64bit,farmhash,64,64,bytes,51380318.0,ns,12254268
64bit,farmhash,64,64,bytes,52353535.0,ns,12489927
64bit,farmhash,64,64,bytes,53163501.0,ns,12725586
64bit,farmhash,64,64,bytes,54193927.0,ns,12961245
64bit,farmhash,64,64,bytes,54940236.0,ns,13196904
64bit,farmhash,64,64,bytes,53421253.0,ns,13432563
64bit,farmhash,64,64,bytes,58029225.0,ns,13668222
64bit,farmhash,64,64,bytes,58639832.0,ns,13903881
64bit,farmhash,64,64,bytes,59082396.0,ns,14139540
64bit,farmhash,64,64,bytes,60319747.0,ns,14375199
64bit,farmhash,64,64,bytes,61025854.0,ns,14610858
64bit,farmhash,64,64,bytes,62119882.0,ns,14846517
64bit,farmhash,64,64,bytes,63074805.0,ns,15082176
64bit,farmhash,64,64,bytes,64383171.0,ns,15317835
64bit,farmhash,64,64,bytes,65071103.0,ns,15553494
64bit,farmhash,64,64,bytes,65968687.0,ns,15789153
64bit,farmhash,64,64,bytes,66907778.0,ns,16024812
64bit,farmhash,64,64,bytes,68003410.0,ns,16260471
64bit,farmhash,64,64,bytes,69034136.0,ns,16496130
64bit,farmhash,64,64,bytes,70031269.0,ns,16731789
64bit,farmhash,64,64,bytes,70883726.0,ns,16967448
64bit,farmhash,64,64,bytes,71734499.0,ns,17203107
64bit,farmhash,64,64,bytes,74383895.0,ns,17438766
64bit,farmhash,64,64,bytes,73928055.0,ns,17674425
64bit,farmhash,64,64,bytes,75832559.0,ns,17910084
64bit,farmhash,64,64,bytes,76013725.0,ns,18145743
64bit,farmhash,64,64,bytes,77016198.0,ns,18381402
64bit,farmhash,64,64,bytes,77888322.0,ns,18617061
64bit,farmhash,64,64,bytes,78854756.0,ns,18852720
64bit,farmhash,64,64,bytes,79981246.0,ns,19088379
64bit,farmhash,64,64,bytes,81046609.0,ns,19324038
64bit,farmhash,64,64,bytes,82266447.0,ns,19559697
64bit,farmhash,64,64,bytes,82978145.0,ns,19795356
64bit,farmhash,64,64,bytes,84283546.0,ns,20031015
64bit,farmhash,64,64,bytes,87495987.0,ns,20266674
64bit,farmhash,64,64,bytes,88869789.0,ns,20502333
64bit,farmhash,64,64,bytes,89057937.0,ns,20737992
64bit,farmhash,64,64,bytes,87764609.0,ns,20973651
64bit,farmhash,64,64,bytes,88751953.0,ns,21209310
64bit,farmhash,64,64,bytes,89508968.0,ns,21444969
64bit,farmhash,64,64,bytes,90774764.0,ns,21680628
64bit,farmhash,64,64,bytes,91629474.0,ns,21916287
64bit,farmhash,64,64,bytes,92967398.0,ns,22151946
64bit,farmhash,64,64,bytes,93360588.0,ns,22387605
64bit,farmhash,64,64,bytes,94282066.0,ns,22623264
64bit,farmhash,64,64,bytes,95624198.0,ns,22858923
64bit,farmhash,64,64,bytes,97789975.0,ns,23094582
64bit,farmhash,64,64,bytes,97647669.0,ns,23330241
64bit,farmhash,64,64,bytes,98494505.0,ns,23565900
64bit,farmhash,16,16,bytes,1038933.0,ns,781247
64bit,farmhash,16,16,bytes,2072855.0,ns,1562494
64bit,farmhash,16,16,bytes,3186030.0,ns,2343741
64bit,farmhash,16,16,bytes,4097449.0,ns,3124988
64bit,farmhash,16,16,bytes,5205774.0,ns,3906235
64bit,farmhash,16,16,bytes,6117244.0,ns,4687482
64bit,farmhash,16,16,bytes,7183218.0,ns,5468729
64bit,farmhash,16,16,bytes,8169009.0,ns,6249976
64bit,farmhash,16,16,bytes,9425427.0,ns,7031223
64bit,farmhash,16,16,bytes,10340202.0,ns,7812470
64bit,farmhash,16,16,bytes,11514224.0,ns,8593717
64bit,farmhash,16,16,bytes,12349728.0,ns,9374964
64bit,farmhash,16,16,bytes,13440359.0,ns,10156211
64bit,farmhash,16,16,bytes,14492075.0,ns,10937458
64bit,farmhash,16,16,bytes,15292334.0,ns,11718705
64bit,farmhash,16,16,bytes,16257935.0,ns,12499952
64bit,farmhash,16,16,bytes,17334079.0,ns,13281199
64bit,farmhash,16,16,bytes,17713875.0,ns,14062446
64bit,farmhash,16,16,bytes,20774755.0,ns,14843693
64bit,farmhash,16,16,bytes,19936126.0,ns,15624940
64bit,farmhash,16,16,bytes,20605312.0,ns,16406187
64bit,farmhash,16,16,bytes,21522373.0,ns,17187434
64bit,farmhash,16,16,bytes,22553520.0,ns,17968681
64bit,farmhash,16,16,bytes,23523992.0,ns,18749928
64bit,farmhash,16,16,bytes,24432856.0,ns,19531175
64bit,farmhash,16,16,bytes,25422675.0,ns,20312422
64bit,farmhash,16,16,bytes,26498188.0,ns,21093669
64bit,farmhash,16,16,bytes,27421239.0,ns,21874916
64bit,farmhash,16,16,bytes,29237766.0,ns,22656163
64bit,farmhash,16,16,bytes,29568116.0,ns,23437410
64bit,farmhash,16,16,bytes,30387780.0,ns,24218657
64bit,farmhash,16,16,bytes,31431041.0,ns,24999904
64bit,farmhash,16,16,bytes,33451708.0,ns,25781151
64bit,farmhash,16,16,bytes,33430446.0,ns,26562398
64bit,farmhash,16,16,bytes,34310317.0,ns,27343645
64bit,farmhash,16,16,bytes,35287531.0,ns,28124892
64bit,farmhash,16,16,bytes,36184502.0,ns,28906139
64bit,farmhash,16,16,bytes,37210541.0,ns,29687386
64bit,farmhash,16,16,bytes,39533063.0,ns,30468633
64bit,farmhash,16,16,bytes,40102770.0,ns,31249880
64bit,farmhash,16,16,bytes,41236244.0,ns,32031127
64bit,farmhash,16,16,bytes,42223938.0,ns,32812374
64bit,farmhash,16,16,bytes,44671799.0,ns,33593621
64bit,farmhash,16,16,bytes,45805743.0,ns,34374868
64bit,farmhash,16,16,bytes,47244770.0,ns,35156115
64bit,farmhash,16,16,bytes,47550072.0,ns,35937362
64bit,farmhash,16,16,bytes,49900709.0,ns,36718609
64bit,farmhash,16,16,bytes,51869235.0,ns,37499856
64bit,farmhash,16,16,bytes,50976230.0,ns,38281103
64bit,farmhash,16,16,bytes,51414757.0,ns,39062350
64bit,farmhash,16,16,bytes,52967922.0,ns,39843597
64bit,farmhash,16,16,bytes,54790660.0,ns,40624844
64bit,farmhash,16,16,bytes,54789428.0,ns,41406091
64bit,farmhash,16,16,bytes,57050933.0,ns,42187338
64bit,farmhash,16,16,bytes,56852564.0,ns,42968585
64bit,farmhash,16,16,bytes,56832637.0,ns,43749832
64bit,farmhash,16,16,bytes,57673417.0,ns,44531079
64bit,farmhash,16,16,bytes,58683509.0,ns,45312326
64bit,farmhash,16,16,bytes,58807746.0,ns,46093573
64bit,farmhash,16,16,bytes,59416898.0,ns,46874820
64bit,farmhash,16,16,bytes,60572785.0,ns,47656067
64bit,farmhash,16,16,bytes,61054553.0,ns,48437314
64bit,farmhash,16,16,bytes,62026950.0,ns,49218561
64bit,farmhash,16,16,bytes,62892852.0,ns,49999808
64bit,farmhash,16,16,bytes,63956402.0,ns,50781055
64bit,farmhash,16,16,bytes,65861016.0,ns,51562302
64bit,farmhash,16,16,bytes,67756673.0,ns,52343549
64bit,farmhash,16,16,bytes,69674454.0,ns,53124796
64bit,farmhash,16,16,bytes,67659538.0,ns,53906043
64bit,farmhash,16,16,bytes,68663505.0,ns,54687290
64bit,farmhash,16,16,bytes,72140690.0,ns,55468537
64bit,farmhash,16,16,bytes,72258224.0,ns,56249784
64bit,farmhash,16,16,bytes,71813486.0,ns,57031031
64bit,farmhash,16,16,bytes,72840445.0,ns,57812278
64bit,farmhash,16,16,bytes,73641815.0,ns,58593525
64bit,farmhash,16,16,bytes,74390233.0,ns,59374772
64bit,farmhash,16,16,bytes,75534296.0,ns,60156019
64bit,farmhash,16,16,bytes,76237748.0,ns,60937266
64bit,farmhash,16,16,bytes,77041522.0,ns,61718513
64bit,farmhash,16,16,bytes,77836610.0,ns,62499760
64bit,farmhash,16,16,bytes,79076876.0,ns,63281007
64bit,farmhash,16,16,bytes,79705345.0,ns,64062254
64bit,farmhash,16,16,bytes,80816266.0,ns,64843501
64bit,farmhash,16,16,bytes,82876508.0,ns,65624748
64bit,farmhash,16,16,bytes,84183652.0,ns,66405995
64bit,farmhash,16,16,bytes,84370619.0,ns,67187242
64bit,farmhash,16,16,bytes,84880221.0,ns,67968489
64bit,farmhash,16,16,bytes,87435077.0,ns,68749736
64bit,farmhash,16,16,bytes,86536562.0,ns,69530983
64bit,farmhash,16,16,bytes,87689722.0,ns,70312230
64bit,farmhash,16,16,bytes,88706934.0,ns,71093477
64bit,farmhash,16,16,bytes,89706501.0,ns,71874724
64bit,farmhash,16,16,bytes,90580479.0,ns,72655971
64bit,farmhash,16,16,bytes,91990561.0,ns,73437218
64bit,farmhash,16,16,bytes,92558054.0,ns,74218465
64bit,farmhash,16,16,bytes,95993649.0,ns,74999712
64bit,farmhash,16,16,bytes,94442339.0,ns,75780959
64bit,farmhash,16,16,bytes,95587565.0,ns,76562206
64bit,farmhash,16,16,bytes,96665822.0,ns,77343453
64bit,farmhash,16,16,bytes,97349046.0,ns,78124700
64bit,farmhash,1024,1024,bytes,996472.0,ns,20723
64bit,farmhash,1024,1024,bytes,1986921.0,ns,41446
64bit,farmhash,1024,1024,bytes,2976210.0,ns,62169
64bit,farmhash,1024,1024,bytes,3911965.0,ns,82892
64bit,farmhash,1024,1024,bytes,4950947.0,ns,103615
64bit,farmhash,1024,1024,bytes,5966695.0,ns,124338
64bit,farmhash,1024,1024,bytes,6896209.0,ns,145061
64bit,farmhash,1024,1024,bytes,7840140.0,ns,165784
64bit,farmhash,1024,1024,bytes,8883020.0,ns,186507
64bit,farmhash,1024,1024,bytes,9829977.0,ns,207230
64bit,farmhash,1024,1024,bytes,10881093.0,ns,227953
64bit,farmhash,1024,1024,bytes,11848408.0,ns,248676
64bit,farmhash,1024,1024,bytes,12851804.0,ns,269399
64bit,farmhash,1024,1024,bytes,13890656.0,ns,290122
64bit,farmhash,1024,1024,bytes,14795613.0,ns,310845
64bit,farmhash,1024,1024,bytes,15956177.0,ns,331568
64bit,farmhash,1024,1024,bytes,16731756.0,ns,352291
64bit,farmhash,1024,1024,bytes,17774947.0,ns,373014
64bit,farmhash,1024,1024,bytes,18786548.0,ns,393737
64bit,farmhash,1024,1024,bytes,20253727.0,ns,414460
64bit,farmhash,1024,1024,bytes,21409342.0,ns,435183
64bit,farmhash,1024,1024,bytes,21752106.0,ns,455906
64bit,farmhash,1024,1024,bytes,22777323.0,ns,476629
64bit,farmhash,1024,1024,bytes,23783302.0,ns,497352
64bit,farmhash,1024,1024,bytes,24774664.0,ns,518075
64bit,farmhash,1024,1024,bytes,25761617.0,ns,538798
64bit,farmhash,1024,1024,bytes,26717601.0,ns,559521
64bit,farmhash,1024,1024,bytes,27533188.0,ns,580244
64bit,farmhash,1024,1024,bytes,28638146.0,ns,600967
64bit,farmhash,1024,1024,bytes,29616834.0,ns,621690
64bit,farmhash,1024,1024,bytes,30570403.0,ns,642413
64bit,farmhash,1024,1024,bytes,31648570.0,ns,663136
64bit,farmhash,1024,1024,bytes,33469966.0,ns,683859
64bit,farmhash,1024,1024,bytes,33534719.0,ns,704582
64bit,farmhash,1024,1024,bytes,34388318.0,ns,725305
64bit,farmhash,1024,1024,bytes,35631601.0,ns,746028
64bit,farmhash,1024,1024,bytes,36584298.0,ns,766751
64bit,farmhash,1024,1024,bytes,37488184.0,ns,787474
64bit,farmhash,1024,1024,bytes,38496497.0,ns,808197
64bit,farmhash,1024,1024,bytes,39495795.0,ns,828920
64bit,farmhash,1024,1024,bytes,40274760.0,ns,849643
64bit,farmhash,1024,1024,bytes,41328442.0,ns,870366
64bit,farmhash,1024,1024,bytes,42570551.0,ns,891089
64bit,farmhash,1024,1024,bytes,43449138.0,ns,911812
64bit,farmhash,1024,1024,bytes,44452913.0,ns,932535
64bit,farmhash,1024,1024,bytes,45408637.0,ns,953258
64bit,farmhash,1024,1024,bytes,46562218.0,ns,973981
64bit,farmhash,1024,1024,bytes,48468736.0,ns,994704
64bit,farmhash,1024,1024,bytes,48925908.0,ns,1015427
64bit,farmhash,1024,1024,bytes,50609621.0,ns,1036150
64bit,farmhash,1024,1024,bytes,50533796.0,ns,1056873
64bit,farmhash,1024,1024,bytes,51527503.0,ns,1077596
64bit,farmhash,1024,1024,bytes,52373918.0,ns,1098319
64bit,farmhash,1024,1024,bytes,53490970.0,ns,1119042
64bit,farmhash,1024,1024,bytes,54452344.0,ns,1139765
64bit,farmhash,1024,1024,bytes,55292417.0,ns,1160488
64bit,farmhash,1024,1024,bytes,56708238.0,ns,1181211
64bit,farmhash,1024,1024,bytes,57271383.0,ns,1201934
64bit,farmhash,1024,1024,bytes,58100766.0,ns,1222657
64bit,farmhash,1024,1024,bytes,59303120.0,ns,1243380
64bit,farmhash,1024,1024,bytes,60047089.0,ns,1264103
64bit,farmhash,1024,1024,bytes,61229135.0,ns,1284826
64bit,farmhash,1024,1024,bytes,63324734.0,ns,1305549
64bit,farmhash,1024,1024,bytes,63600569.0,ns,1326272
64bit,farmhash,1024,1024,bytes,63944807.0,ns,1346995
64bit,farmhash,1024,1024,bytes,68989172.0,ns,1367718
64bit,farmhash,1024,1024,bytes,70218178.0,ns,1388441
64bit,farmhash,1024,1024,bytes,68733615.0,ns,1409164
64bit,farmhash,1024,1024,bytes,68306279.0,ns,1429887
64bit,farmhash,1024,1024,bytes,69475210.0,ns,1450610
64bit,farmhash,1024,1024,bytes,70469868.0,ns,1471333
64bit,farmhash,1024,1024,bytes,71606567.0,ns,1492056
64bit,farmhash,1024,1024,bytes,72191613.0,ns,1512779
64bit,farmhash,1024,1024,bytes,72933108.0,ns,1533502
64bit,farmhash,1024,1024,bytes,73610270.0,ns,1554225
64bit,farmhash,1024,1024,bytes,74999000.0,ns,1574948
64bit,farmhash,1024,1024,bytes,75951658.0,ns,1595671
64bit,farmhash,1024,1024,bytes,77313606.0,ns,1616394
64bit,farmhash,1024,1024,bytes,77588341.0,ns,1637117
64bit,farmhash,1024,1024,bytes,80020041.0,ns,1657840
64bit,farmhash,1024,1024,bytes,81221974.0,ns,1678563
64bit,farmhash,1024,1024,bytes,81009228.0,ns,1699286
64bit,farmhash,1024,1024,bytes,81591450.0,ns,1720009
64bit,farmhash,1024,1024,bytes,83153129.0,ns,1740732
64bit,farmhash,1024,1024,bytes,83954679.0,ns,1761455
64bit,farmhash,1024,1024,bytes,84910563.0,ns,1782178
64bit,farmhash,1024,1024,bytes,85543300.0,ns,1802901
64bit,farmhash,1024,1024,bytes,86930477.0,ns,1823624
64bit,farmhash,1024,1024,bytes,87627216.0,ns,1844347
64bit,farmhash,1024,1024,bytes,88607687.0,ns,1865070
64bit,farmhash,1024,1024,bytes,89840860.0,ns,1885793
64bit,farmhash,1024,1024,bytes,92208319.0,ns,1906516
64bit,farmhash,1024,1024,bytes,91946197.0,ns,1927239
64bit,farmhash,1024,1024,bytes,92169224.0,ns,1947962
64bit,farmhash,1024,1024,bytes,93727336.0,ns,1968685
64bit,farmhash,1024,1024,bytes,94564684.0,ns,1989408
64bit,farmhash,1024,1024,bytes,95749234.0,ns,2010131
64bit,farmhash,1024,1024,bytes,96771735.0,ns,2030854
64bit,farmhash,1024,1024,bytes,97705413.0,ns,2051577
64bit,farmhash,1024,1024,bytes,99295792.0,ns,2072300
64bit,farmhash,65536,65536,bytes,993015.0,ns,402
64bit,farmhash,65536,65536,bytes,1986089.0,ns,804
64bit,farmhash,65536,65536,bytes,2953456.0,ns,1206
64bit,farmhash,65536,65536,bytes,3944005.0,ns,1608
64bit,farmhash,65536,65536,bytes,4925378.0,ns,2010
64bit,farmhash,65536,65536,bytes,5947338.0,ns,2412
64bit,farmhash,65536,65536,bytes,6912360.0,ns,2814
64bit,farmhash,65536,65536,bytes,7941122.0,ns,3216
64bit,farmhash,65536,65536,bytes,8883791.0,ns,3618
64bit,farmhash,65536,65536,bytes,9882647.0,ns,4020
64bit,farmhash,65536,65536,bytes,10896972.0,ns,4422
64bit,farmhash,65536,65536,bytes,11864748.0,ns,4824
64bit,farmhash,65536,65536,bytes,12825381.0,ns,5226
64bit,farmhash,65536,65536,bytes,13848103.0,ns,5628
64bit,farmhash,65536,65536,bytes,14841388.0,ns,6030
64bit,farmhash,65536,65536,bytes,15799035.0,ns,6432
64bit,farmhash,65536,65536,bytes,17014123.0,ns,6834
64bit,farmhash,65536,65536,bytes,17960019.0,ns,7236
64bit,farmhash,65536,65536,bytes,19096056.0,ns,7638
64bit,farmhash,65536,65536,bytes,20361089.0,ns,8040
64bit,farmhash,65536,65536,bytes,20783536.0,ns,8442
64bit,farmhash,65536,65536,bytes,21753617.0,ns,8844
64bit,farmhash,65536,65536,bytes,22765026.0,ns,9246
64bit,farmhash,65536,65536,bytes,23716542.0,ns,9648
64bit,farmhash,65536,65536,bytes,24611986.0,ns,10050
64bit,farmhash,65536,65536,bytes,25521476.0,ns,10452
64bit,farmhash,65536,65536,bytes,26574495.0,ns,10854
64bit,farmhash,65536,65536,bytes,27734058.0,ns,11256
64bit,farmhash,65536,65536,bytes,28701143.0,ns,11658
64bit,farmhash,65536,65536,bytes,29585150.0,ns,12060
64bit,farmhash,65536,65536,bytes,30587241.0,ns,12462
64bit,farmhash,65536,65536,bytes,31609011.0,ns,12864
64bit,farmhash,65536,65536,bytes,32574092.0,ns,13266
64bit,farmhash,65536,65536,bytes,33524156.0,ns,13668
64bit,farmhash,65536,65536,bytes,34628342.0,ns,14070
64bit,farmhash,65536,65536,bytes,35565580.0,ns,14472
64bit,farmhash,65536,65536,bytes,36756423.0,ns,14874
64bit,farmhash,65536,65536,bytes,37557932.0,ns,15276
64bit,farmhash,65536,65536,bytes,38651629.0,ns,15678
64bit,farmhash,65536,65536,bytes,39498324.0,ns,16080
64bit,farmhash,65536,65536,bytes,40588114.0,ns,16482
64bit,farmhash,65536,65536,bytes,41431182.0,ns,16884
64bit,farmhash,65536,65536,bytes,42416171.0,ns,17286
64bit,farmhash,65536,65536,bytes,43349763.0,ns,17688
64bit,farmhash,65536,65536,bytes,44431246.0,ns,18090
64bit,farmhash,65536,65536,bytes,45390116.0,ns,18492
64bit,farmhash,65536,65536,bytes,46359265.0,ns,18894
64bit,farmhash,65536,65536,bytes,47389842.0,ns,19296
64bit,farmhash,65536,65536,bytes,49289035.0,ns,19698
64bit,farmhash,65536,65536,bytes,49734395.0,ns,20100
64bit,farmhash,65536,65536,bytes,50368525.0,ns,20502
64bit,farmhash,65536,65536,bytes,51378021.0,ns,20904
64bit,farmhash,65536,65536,bytes,52401464.0,ns,21306
64bit,farmhash,65536,65536,bytes,53277736.0,ns,21708
64bit,farmhash,65536,65536,bytes,54279858.0,ns,22110
64bit,farmhash,65536,65536,bytes,55186738.0,ns,22512
64bit,farmhash,65536,65536,bytes,56353054.0,ns,22914
64bit,farmhash,65536,65536,bytes,57265574.0,ns,23316
64bit,farmhash,65536,65536,bytes,58449774.0,ns,23718
64bit,farmhash,65536,65536,bytes,59602263.0,ns,24120
64bit,farmhash,65536,65536,bytes,60529553.0,ns,24522
64bit,farmhash,65536,65536,bytes,61307848.0,ns,24924
64bit,farmhash,65536,65536,bytes,62198908.0,ns,25326
64bit,farmhash,65536,65536,bytes,63293957.0,ns,25728
64bit,farmhash,65536,65536,bytes,64181570.0,ns,26130
64bit,farmhash,65536,65536,bytes,65292410.0,ns,26532
64bit,farmhash,65536,65536,bytes,70239819.0,ns,26934
64bit,farmhash,65536,65536,bytes,67299169.0,ns,27336
64bit,farmhash,65536,65536,bytes,68335567.0,ns,27738
64bit,farmhash,65536,65536,bytes,69252326.0,ns,28140
64bit,farmhash,65536,65536,bytes,70271560.0,ns,28542
64bit,farmhash,65536,65536,bytes,71046660.0,ns,28944
64bit,farmhash,65536,65536,bytes,72156066.0,ns,29346
64bit,farmhash,65536,65536,bytes,73259972.0,ns,29748
64bit,farmhash,65536,65536,bytes,74264650.0,ns,30150
64bit,farmhash,65536,65536,bytes,75756065.0,ns,30552
64bit,farmhash,65536,65536,bytes,76140299.0,ns,30954
64bit,farmhash,65536,65536,bytes,77036158.0,ns,31356
64bit,farmhash,65536,65536,bytes,78010086.0,ns,31758
64bit,farmhash,65536,65536,bytes,79416781.0,ns,32160
64bit,farmhash,65536,65536,bytes,81171428.0,ns,32562
64bit,farmhash,65536,65536,bytes,81140769.0,ns,32964
64bit,farmhash,65536,65536,bytes,83635109.0,ns,33366
64bit,farmhash,65536,65536,bytes,83149281.0,ns,33768
64bit,farmhash,65536,65536,bytes,83996058.0,ns,34170
64bit,farmhash,65536,65536,bytes,84840779.0,ns,34572
64bit,farmhash,65536,65536,bytes,86340590.0,ns,34974
64bit,farmhash,65536,65536,bytes,86930276.0,ns,35376
64bit,farmhash,65536,65536,bytes,87885959.0,ns,35778
64bit,farmhash,65536,65536,bytes,88901507.0,ns,36180
64bit,farmhash,65536,65536,bytes,89871468.0,ns,36582
64bit,farmhash,65536,65536,bytes,92143322.0,ns,36984
64bit,farmhash,65536,65536,bytes,92051608.0,ns,37386
64bit,farmhash,65536,65536,bytes,92666997.0,ns,37788
64bit,farmhash,65536,65536,bytes,93517174.0,ns,38190
64bit,farmhash,65536,65536,bytes,94591784.0,ns,38592
64bit,farmhash,65536,65536,bytes,95754533.0,ns,38994
64bit,farmhash,65536,65536,bytes,97271297.0,ns,39396
64bit,farmhash,65536,65536,bytes,97893184.0,ns,39798
64bit,farmhash,65536,65536,bytes,99141265.0,ns,40200
64bit,ahash,4096,4096,bytes,992855.0,ns,13031
64bit,ahash,4096,4096,bytes,1961783.0,ns,26062
64bit,ahash,4096,4096,bytes,2934971.0,ns,39093
64bit,ahash,4096,4096,bytes,3917195.0,ns,52124
64bit,ahash,4096,4096,bytes,4913666.0,ns,65155
64bit,ahash,4096,4096,bytes,5888837.0,ns,78186
64bit,ahash,4096,4096,bytes,6861662.0,ns,91217
64bit,ahash,4096,4096,bytes,7872812.0,ns,104248
64bit,ahash,4096,4096,bytes,8953475.0,ns,117279
64bit,ahash,4096,4096,bytes,9826119.0,ns,130310
64bit,ahash,4096,4096,bytes,10824654.0,ns,143341
64bit,ahash,4096,4096,bytes,11817419.0,ns,156372
64bit,ahash,4096,4096,bytes,12788622.0,ns,169403
64bit,ahash,4096,4096,bytes,13783671.0,ns,182434
64bit,ahash,4096,4096,bytes,14761907.0,ns,195465
64bit,ahash,4096,4096,bytes,15966626.0,ns,208496
64bit,ahash,4096,4096,bytes,16841616.0,ns,221527
64bit,ahash,4096,4096,bytes,17720823.0,ns,234558
64bit,ahash,4096,4096,bytes,18736952.0,ns,247589
64bit,ahash,4096,4096,bytes,19695080.0,ns,260620
64bit,ahash,4096,4096,bytes,20705428.0,ns,273651
64bit,ahash,4096,4096,bytes,21653367.0,ns,286682
64bit,ahash,4096,4096,bytes,22656070.0,ns,299713
64bit,ahash,4096,4096,bytes,23576026.0,ns,312744
64bit,ahash,4096,4096,bytes,24600932.0,ns,325775
64bit,ahash,4096,4096,bytes,25535995.0,ns,338806
64bit,ahash,4096,4096,bytes,26503671.0,ns,351837
64bit,ahash,4096,4096,bytes,28426360.0,ns,364868
64bit,ahash,4096,4096,bytes,29772869.0,ns,377899
64bit,ahash,4096,4096,bytes,29582827.0,ns,390930
64bit,ahash,4096,4096,bytes,31069484.0,ns,403961
64bit,ahash,4096,4096,bytes,31821348.0,ns,416992
64bit,ahash,4096,4096,bytes,32627637.0,ns,430023
64bit,ahash,4096,4096,bytes,33436751.0,ns,443054
64bit,ahash,4096,4096,bytes,34424175.0,ns,456085
64bit,ahash,4096,4096,bytes,35491441.0,ns,469116
64bit,ahash,4096,4096,bytes,36412689.0,ns,482147
64bit,ahash,4096,4096,bytes,37343024.0,ns,495178
64bit,ahash,4096,4096,bytes,38444175.0,ns,508209
64bit,ahash,4096,4096,bytes,39410499.0,ns,521240
64bit,ahash,4096,4096,bytes,40516881.0,ns,534271
64bit,ahash,4096,4096,bytes,41408241.0,ns,547302
64bit,ahash,4096,4096,bytes,42574286.0,ns,560333
64bit,ahash,4096,4096,bytes,43362911.0,ns,573364
64bit,ahash,4096,4096,bytes,44224264.0,ns,586395
64bit,ahash,4096,4096,bytes,45210757.0,ns,599426
64bit,ahash,4096,4096,bytes,46204713.0,ns,612457
64bit,ahash,4096,4096,bytes,47509583.0,ns,625488
64bit,ahash,4096,4096,bytes,48281446.0,ns,638519
64bit,ahash,4096,4096,bytes,49187835.0,ns,651550
64bit,ahash,4096,4096,bytes,50206329.0,ns,664581
64bit,ahash,4096,4096,bytes,51140080.0,ns,677612
64bit,ahash,4096,4096,bytes,52933182.0,ns,690643
64bit,ahash,4096,4096,bytes,57355590.0,ns,703674
64bit,ahash,4096,4096,bytes,54376105.0,ns,716705
64bit,ahash,4096,4096,bytes,55232409.0,ns,729736
64bit,ahash,4096,4096,bytes,56069206.0,ns,742767
64bit,ahash,4096,4096,bytes,57041741.0,ns,755798
64bit,ahash,4096,4096,bytes,58005260.0,ns,768829
64bit,ahash,4096,4096,bytes,58954471.0,ns,781860
64bit,ahash,4096,4096,bytes,60119013.0,ns,794891
64bit,ahash,4096,4096,bytes,61177463.0,ns,807922
64bit,ahash,4096,4096,bytes,62219410.0,ns,820953
64bit,ahash,4096,4096,bytes,62930808.0,ns,833984
64bit,ahash,4096,4096,bytes,63837729.0,ns,847015
64bit,ahash,4096,4096,bytes,65053008.0,ns,860046
64bit,ahash,4096,4096,bytes,65848996.0,ns,873077
64bit,ahash,4096,4096,bytes,67588576.0,ns,886108
64bit,ahash,4096,4096,bytes,68417998.0,ns,899139
64bit,ahash,4096,4096,bytes,71801184.0,ns,912170
64bit,ahash,4096,4096,bytes,71302082.0,ns,925201
64bit,ahash,4096,4096,bytes,71372266.0,ns,938232
64bit,ahash,4096,4096,bytes,71989253.0,ns,951263
64bit,ahash,4096,4096,bytes,72831349.0,ns,964294
64bit,ahash,4096,4096,bytes,73858108.0,ns,977325
64bit,ahash,4096,4096,bytes,75144443.0,ns,990356
64bit,ahash,4096,4096,bytes,75903411.0,ns,1003387
64bit,ahash,4096,4096,bytes,76788961.0,ns,1016418
64bit,ahash,4096,4096,bytes,78017355.0,ns,1029449
64bit,ahash,4096,4096,bytes,78982427.0,ns,1042480
64bit,ahash,4096,4096,bytes,79973237.0,ns,1055511
64bit,ahash,4096,4096,bytes,80725702.0,ns,1068542
64bit,ahash,4096,4096,bytes,83535153.0,ns,1081573
64bit,ahash,4096,4096,bytes,82800412.0,ns,1094604
64bit,ahash,4096,4096,bytes,83477804.0,ns,1107635
64bit,ahash,4096,4096,bytes,84822204.0,ns,1120666
64bit,ahash,4096,4096,bytes,85433095.0,ns,1133697
64bit,ahash,4096,4096,bytes,86565275.0,ns,1146728
64bit,ahash,4096,4096,bytes,87973462.0,ns,1159759
64bit,ahash,4096,4096,bytes,88676944.0,ns,1172790
64bit,ahash,4096,4096,bytes,89465349.0,ns,1185821
64bit,ahash,4096,4096,bytes,90735983.0,ns,1198852
64bit,ahash,4096,4096,bytes,91778311.0,ns,1211883
64bit,ahash,4096,4096,bytes,92511562.0,ns,1224914
64bit,ahash,4096,4096,bytes,95341040.0,ns,1237945
64bit,ahash,4096,4096,bytes,94769600.0,ns,1250976
64bit,ahash,4096,4096,bytes,95551091.0,ns,1264007
64bit,ahash,4096,4096,bytes,96488109.0,ns,1277038
64bit,ahash,4096,4096,bytes,97614118.0,ns,1290069
64bit,ahash,4096,4096,bytes,98967840.0,ns,1303100
64bit,ahash,256,256,bytes,981432.0,ns,147408
64bit,ahash,256,256,bytes,1977163.0,ns,294816
64bit,ahash,256,256,bytes,2939819.0,ns,442224
64bit,ahash,256,256,bytes,4046722.0,ns,589632
64bit,ahash,256,256,bytes,4908186.0,ns,737040
64bit,ahash,256,256,bytes,5903406.0,ns,884448
64bit,ahash,256,256,bytes,6841916.0,ns,1031856
64bit,ahash,256,256,bytes,7825974.0,ns,1179264
64bit,ahash,256,256,bytes,8804291.0,ns,1326672
64bit,ahash,256,256,bytes,9786435.0,ns,1474080
64bit,ahash,256,256,bytes,10790711.0,ns,1621488
64bit,ahash,256,256,bytes,11713662.0,ns,1768896
64bit,ahash,256,256,bytes,12799895.0,ns,1916304
64bit,ahash,256,256,bytes,13736863.0,ns,2063712
64bit,ahash,256,256,bytes,14702776.0,ns,2211120
64bit,ahash,256,256,bytes,15767638.0,ns,2358528
64bit,ahash,256,256,bytes,16609284.0,ns,2505936
64bit,ahash,256,256,bytes,17732527.0,ns,2653344
64bit,ahash,256,256,bytes,18737024.0,ns,2800752
64bit,ahash,256,256,bytes,19613206.0,ns,2948160
64bit,ahash,256,256,bytes,20675272.0,ns,3095568
64bit,ahash,256,256,bytes,21498874.0,ns,3242976
64bit,ahash,256,256,bytes,22535172.0,ns,3390384
64bit,ahash,256,256,bytes,23386967.0,ns,3537792
64bit,ahash,256,256,bytes,24432703.0,ns,3685200
64bit,ahash,256,256,bytes,25686976.0,ns,3832608
64bit,ahash,256,256,bytes,26432719.0,ns,3980016
64bit,ahash,256,256,bytes,27364357.0,ns,4127424
64bit,ahash,256,256,bytes,28332234.0,ns,4274832
64bit,ahash,256,256,bytes,29359113.0,ns,4422240
64bit,ahash,256,256,bytes,30702667.0,ns,4569648
64bit,ahash,256,256,bytes,31335835.0,ns,4717056
64bit,ahash,256,256,bytes,32327487.0,ns,4864464
64bit,ahash,256,256,bytes,33353565.0,ns,5011872
64bit,ahash,256,256,bytes,34386757.0,ns,5159280
64bit,ahash,256,256,bytes,35472779.0,ns,5306688
64bit,ahash,256,256,bytes,36214625.0,ns,5454096
64bit,ahash,256,256,bytes,37162594.0,ns,5601504
64bit,ahash,256,256,bytes,38244548.0,ns,5748912
64bit,ahash,256,256,bytes,39143644.0,ns,5896320
64bit,ahash,256,256,bytes,40109377.0,ns,6043728
64bit,ahash,256,256,bytes,40974578.0,ns,6191136
64bit,ahash,256,256,bytes,42965997.0,ns,6338544
64bit,ahash,256,256,bytes,43384085.0,ns,6485952
64bit,ahash,256,256,bytes,43911512.0,ns,6633360
64bit,ahash,256,256,bytes,46719981.0,ns,6780768
64bit,ahash,256,256,bytes,46040665.0,ns,6928176
64bit,ahash,256,256,bytes,46982221.0,ns,7075584
64bit,ahash,256,256,bytes,48237487.0,ns,7222992
64bit,ahash,256,256,bytes,48880895.0,ns,7370400
64bit,ahash,256,256,bytes,49795300.0,ns,7517808
64bit,ahash,256,256,bytes,50972034.0,ns,7665216
64bit,ahash,256,256,bytes,51834521.0,ns,7812624
64bit,ahash,256,256,bytes,52700483.0,ns,7960032
64bit,ahash,256,256,bytes,54224270.0,ns,8107440
64bit,ahash,256,256,bytes,54549602.0,ns,8254848
64bit,ahash,256,256,bytes,55700327.0,ns,8402256
64bit,ahash,256,256,bytes,56639970.0,ns,8549664
64bit,ahash,256,256,bytes,57635901.0,ns,8697072
64bit,ahash,256,256,bytes,58748674.0,ns,8844480
64bit,ahash,256,256,bytes,59602424.0,ns,8991888
64bit,ahash,256,256,bytes,60703003.0,ns,9139296
64bit,ahash,256,256,bytes,63153940.0,ns,9286704
64bit,ahash,256,256,bytes,62768215.0,ns,9434112
64bit,ahash,256,256,bytes,63492847.0,ns,9581520
64bit,ahash,256,256,bytes,64513956.0,ns,9728928
64bit,ahash,256,256,bytes,65415155.0,ns,9876336
64bit,ahash,256,256,bytes,66651665.0,ns,10023744
64bit,ahash,256,256,bytes,67729571.0,ns,10171152
64bit,ahash,256,256,bytes,68573823.0,ns,10318560
64bit,ahash,256,256,bytes,69926123.0,ns,10465968
64bit,ahash,256,256,bytes,70611180.0,ns,10613376
64bit,ahash,256,256,bytes,71401629.0,ns,10760784
64bit,ahash,256,256,bytes,72558125.0,ns,10908192
64bit,ahash,256,256,bytes,73859238.0,ns,11055600
64bit,ahash,256,256,bytes,74396784.0,ns,11203008
64bit,ahash,256,256,bytes,77501949.0,ns,11350416
64bit,ahash,256,256,bytes,77362794.0,ns,11497824
64bit,ahash,256,256,bytes,77438188.0,ns,11645232
64bit,ahash,256,256,bytes,78423106.0,ns,11792640
64bit,ahash,256,256,bytes,79481006.0,ns,11940048
64bit,ahash,256,256,bytes,80451067.0,ns,12087456
64bit,ahash,256,256,bytes,81543221.0,ns,12234864
64bit,ahash,256,256,bytes,82723943.0,ns,12382272
64bit,ahash,256,256,bytes,83692367.0,ns,12529680
64bit,ahash,256,256,bytes,85004947.0,ns,12677088
64bit,ahash,256,256,bytes,86454973.0,ns,12824496
64bit,ahash,256,256,bytes,86592666.0,ns,12971904
64bit,ahash,256,256,bytes,87667717.0,ns,13119312
64bit,ahash,256,256,bytes,90440699.0,ns,13266720
64bit,ahash,256,256,bytes,89391547.0,ns,13414128
64bit,ahash,256,256,bytes,90180021.0,ns,13561536
64bit,ahash,256,256,bytes,91531681.0,ns,13708944
64bit,ahash,256,256,bytes,92608315.0,ns,13856352
64bit,ahash,256,256,bytes,94830876.0,ns,14003760
64bit,ahash,256,256,bytes,94730094.0,ns,14151168
64bit,ahash,256,256,bytes,95819573.0,ns,14298576
64bit,ahash,256,256,bytes,97102030.0,ns,14445984
64bit,ahash,256,256,bytes,97415618.0,ns,14593392
64bit,ahash,256,256,bytes,99420996.0,ns,14740800
64bit,farmhash,4096,4096,bytes,979278.0,ns,6118
64bit,farmhash,4096,4096,bytes,1976581.0,ns,12236
64bit,farmhash,4096,4096,bytes,2979675.0,ns,18354
64bit,farmhash,4096,4096,bytes,3934457.0,ns,24472
64bit,farmhash,4096,4096,bytes,4914607.0,ns,30590
64bit,farmhash,4096,4096,bytes,5987435.0,ns,36708
64bit,farmhash,4096,4096,bytes,7003773.0,ns,42826
64bit,farmhash,4096,4096,bytes,7873303.0,ns,48944
64bit,farmhash,4096,4096,bytes,8861148.0,ns,55062
64bit,farmhash,4096,4096,bytes,9895362.0,ns,61180
64bit,farmhash,4096,4096,bytes,10836376.0,ns,67298
64bit,farmhash,4096,4096,bytes,11886250.0,ns,73416
64bit,farmhash,4096,4096,bytes,12852514.0,ns,79534
64bit,farmhash,4096,4096,bytes,13857532.0,ns,85652
64bit,farmhash,4096,4096,bytes,14823154.0,ns,91770
64bit,farmhash,4096,4096,bytes,15828783.0,ns,97888
64bit,farmhash,4096,4096,bytes,16834843.0,ns,104006
64bit,farmhash,4096,4096,bytes,17808871.0,ns,110124
64bit,farmhash,4096,4096,bytes,18761399.0,ns,116242
64bit,farmhash,4096,4096,bytes,19714748.0,ns,122360
64bit,farmhash,4096,4096,bytes,20819356.0,ns,128478
64bit,farmhash,4096,4096,bytes,21816628.0,ns,134596
64bit,farmhash,4096,4096,bytes,22731795.0,ns,140714
64bit,farmhash,4096,4096,bytes,23669925.0,ns,146832
64bit,farmhash,4096,4096,bytes,25016264.0,ns,152950
64bit,farmhash,4096,4096,bytes,26647726.0,ns,159068
64bit,farmhash,4096,4096,bytes,26708914.0,ns,165186
64bit,farmhash,4096,4096,bytes,27698192.0,ns,171304
64bit,farmhash,4096,4096,bytes,28679884.0,ns,177422
64bit,farmhash,4096,4096,bytes,29724748.0,ns,183540
64bit,farmhash,4096,4096,bytes,30722482.0,ns,189658
64bit,farmhash,4096,4096,bytes,31518220.0,ns,195776
64bit,farmhash,4096,4096,bytes,32644950.0,ns,201894
64bit,farmhash,4096,4096,bytes,33540879.0,ns,208012
64bit,farmhash,4096,4096,bytes,34571867.0,ns,214130
64bit,farmhash,4096,4096,bytes,35638452.0,ns,220248
64bit,farmhash,4096,4096,bytes,36537257.0,ns,226366
64bit,farmhash,4096,4096,bytes,37457744.0,ns,232484
64bit,farmhash,4096,4096,bytes,38767573.0,ns,238602
64bit,farmhash,4096,4096,bytes,39528254.0,ns,244720
64bit,farmhash,4096,4096,bytes,40468749.0,ns,250838
64bit,farmhash,4096,4096,bytes,41554631.0,ns,256956
64bit,farmhash,4096,4096,bytes,42458004.0,ns,263074
64bit,farmhash,4096,4096,bytes,43359285.0,ns,269192
64bit,farmhash,4096,4096,bytes,44297183.0,ns,275310
64bit,farmhash,4096,4096,bytes,45430407.0,ns,281428
64bit,farmhash,4096,4096,bytes,46280789.0,ns,287546
64bit,farmhash,4096,4096,bytes,47293652.0,ns,293664
64bit,farmhash,4096,4096,bytes,48324478.0,ns,299782
64bit,farmhash,4096,4096,bytes,49571318.0,ns,305900
64bit,farmhash,4096,4096,bytes,50575954.0,ns,312018
64bit,farmhash,4096,4096,bytes,52441794.0,ns,318136
64bit,farmhash,4096,4096,bytes,52613393.0,ns,324254
64bit,farmhash,4096,4096,bytes,53435170.0,ns,330372
64bit,farmhash,4096,4096,bytes,54430009.0,ns,336490
64bit,farmhash,4096,4096,bytes,55332340.0,ns,342608
64bit,farmhash,4096,4096,bytes,56491973.0,ns,348726
64bit,farmhash,4096,4096,bytes,57254718.0,ns,354844
64bit,farmhash,4096,4096,bytes,58496388.0,ns,360962
64bit,farmhash,4096,4096,bytes,59534268.0,ns,367080
64bit,farmhash,4096,4096,bytes,60291883.0,ns,373198
64bit,farmhash,4096,4096,bytes,61434965.0,ns,379316
64bit,farmhash,4096,4096,bytes,62642488.0,ns,385434
64bit,farmhash,4096,4096,bytes,63412438.0,ns,391552
64bit,farmhash,4096,4096,bytes,64312756.0,ns,397670
64bit,farmhash,4096,4096,bytes,65426011.0,ns,403788
64bit,farmhash,4096,4096,bytes,66565585.0,ns,409906
64bit,farmhash,4096,4096,bytes,67557326.0,ns,416024
64bit,farmhash,4096,4096,bytes,69313177.0,ns,422142
64bit,farmhash,4096,4096,bytes,69381247.0,ns,428260
64bit,farmhash,4096,4096,bytes,70549837.0,ns,434378
64bit,farmhash,4096,4096,bytes,71997279.0,ns,440496
64bit,farmhash,4096,4096,bytes,72384227.0,ns,446614
64bit,farmhash,4096,4096,bytes,73346202.0,ns,452732
64bit,farmhash,4096,4096,bytes,74492911.0,ns,458850
64bit,farmhash,4096,4096,bytes,75347371.0,ns,464968
64bit,farmhash,4096,4096,bytes,76234994.0,ns,471086
64bit,farmhash,4096,4096,bytes,77350934.0,ns,477204
64bit,farmhash,4096,4096,bytes,78267623.0,ns,483322
64bit,farmhash,4096,4096,bytes,79221544.0,ns,489440
64bit,farmhash,4096,4096,bytes,80206602.0,ns,495558
64bit,farmhash,4096,4096,bytes,82313904.0,ns,501676
64bit,farmhash,4096,4096,bytes,82118391.0,ns,507794
64bit,farmhash,4096,4096,bytes,83032805.0,ns,513912
64bit,farmhash,4096,4096,bytes,83981465.0,ns,520030
64bit,farmhash,4096,4096,bytes,84861314.0,ns,526148
64bit,farmhash,4096,4096,bytes,85973236.0,ns,532266
64bit,farmhash,4096,4096,bytes,86853686.0,ns,538384
64bit,farmhash,4096,4096,bytes,87691886.0,ns,544502
64bit,farmhash,4096,4096,bytes,88751978.0,ns,550620
64bit,farmhash,4096,4096,bytes,90011282.0,ns,556738
64bit,farmhash,4096,4096,bytes,90347303.0,ns,562856
64bit,farmhash,4096,4096,bytes,91507206.0,ns,568974
64bit,farmhash,4096,4096,bytes,94153265.0,ns,575092
64bit,farmhash,4096,4096,bytes,93661717.0,ns,581210
64bit,farmhash,4096,4096,bytes,94758900.0,ns,587328
64bit,farmhash,4096,4096,bytes,95654469.0,ns,593446
64bit,farmhash,4096,4096,bytes,96926922.0,ns,599564
64bit,farmhash,4096,4096,bytes,98009273.0,ns,605682
64bit,farmhash,4096,4096,bytes,98763451.0,ns,611800
64bit,farmhash,256,256,bytes,999838.0,ns,51795
64bit,farmhash,256,256,bytes,1974158.0,ns,103590
64bit,farmhash,256,256,bytes,2944599.0,ns,155385
64bit,farmhash,256,256,bytes,3917124.0,ns,207180
64bit,farmhash,256,256,bytes,4901302.0,ns,258975
64bit,farmhash,256,256,bytes,5899978.0,ns,310770
64bit,farmhash,256,256,bytes,6881542.0,ns,362565
64bit,farmhash,256,256,bytes,7843597.0,ns,414360
64bit,farmhash,256,256,bytes,8870446.0,ns,466155
64bit,farmhash,256,256,bytes,9827002.0,ns,517950
64bit,farmhash,256,256,bytes,10817432.0,ns,569745
64bit,farmhash,256,256,bytes,11793765.0,ns,621540
64bit,farmhash,256,256,bytes,12786249.0,ns,673335
64bit,farmhash,256,256,bytes,13759786.0,ns,725130
64bit,farmhash,256,256,bytes,14964105.0,ns,776925
64bit,farmhash,256,256,bytes,15850567.0,ns,828720
64bit,farmhash,256,256,bytes,16797122.0,ns,880515
64bit,farmhash,256,256,bytes,17891842.0,ns,932310
64bit,farmhash,256,256,bytes,18688932.0,ns,984105
64bit,farmhash,256,256,bytes,19793901.0,ns,1035900
64bit,farmhash,256,256,bytes,20629025.0,ns,1087695
64bit,farmhash,256,256,bytes,21620727.0,ns,1139490
64bit,farmhash,256,256,bytes,23136029.0,ns,1191285
64bit,farmhash,256,256,bytes,23673364.0,ns,1243080
64bit,farmhash,256,256,bytes,24550648.0,ns,1294875
64bit,farmhash,256,256,bytes,25555616.0,ns,1346670
64bit,farmhash,256,256,bytes,26605389.0,ns,1398465
64bit,farmhash,256,256,bytes,27485888.0,ns,1450260
64bit,farmhash,256,256,bytes,28792613.0,ns,1502055
64bit,farmhash,256,256,bytes,29440879.0,ns,1553850
64bit,farmhash,256,256,bytes,30423434.0,ns,1605645
64bit,farmhash,256,256,bytes,31419826.0,ns,1657440
64bit,farmhash,256,256,bytes,32396870.0,ns,1709235
64bit,farmhash,256,256,bytes,33387872.0,ns,1761030
64bit,farmhash,256,256,bytes,34586198.0,ns,1812825
64bit,farmhash,256,256,bytes,35630440.0,ns,1864620
64bit,farmhash,256,256,bytes,36372065.0,ns,1916415
64bit,farmhash,256,256,bytes,37569371.0,ns,1968210
64bit,farmhash,256,256,bytes,38548720.0,ns,2020005
64bit,farmhash,256,256,bytes,39344127.0,ns,2071800
64bit,farmhash,256,256,bytes,40332854.0,ns,2123595
64bit,farmhash,256,256,bytes,41449635.0,ns,2175390
64bit,farmhash,256,256,bytes,43177041.0,ns,2227185
64bit,farmhash,256,256,bytes,44073402.0,ns,2278980
64bit,farmhash,256,256,bytes,44143064.0,ns,2330775
64bit,farmhash,256,256,bytes,45124818.0,ns,2382570
64bit,farmhash,256,256,bytes,46137901.0,ns,2434365
64bit,farmhash,256,256,bytes,48804840.0,ns,2486160
64bit,farmhash,256,256,bytes,48386673.0,ns,2537955
64bit,farmhash,256,256,bytes,49076629.0,ns,2589750
64bit,farmhash,256,256,bytes,50129437.0,ns,2641545
64bit,farmhash,256,256,bytes,51111662.0,ns,2693340
64bit,farmhash,256,256,bytes,52221380.0,ns,2745135
64bit,farmhash,256,256,bytes,53069759.0,ns,2796930
64bit,farmhash,256,256,bytes,54108811.0,ns,2848725
64bit,farmhash,256,256,bytes,54852531.0,ns,2900520
64bit,farmhash,256,256,bytes,55935848.0,ns,2952315
64bit,farmhash,256,256,bytes,57075423.0,ns,3004110
64bit,farmhash,256,256,bytes,58235596.0,ns,3055905
64bit,farmhash,256,256,bytes,59093803.0,ns,3107700
64bit,farmhash,256,256,bytes,60188542.0,ns,3159495
64bit,farmhash,256,256,bytes,61884920.0,ns,3211290
64bit,farmhash,256,256,bytes,62623259.0,ns,3263085
64bit,farmhash,256,256,bytes,62869218.0,ns,3314880
64bit,farmhash,256,256,bytes,63908040.0,ns,3366675
64bit,farmhash,256,256,bytes,64953495.0,ns,3418470
64bit,farmhash,256,256,bytes,66115933.0,ns,3470265
64bit,farmhash,256,256,bytes,66933233.0,ns,3522060
64bit,farmhash,256,256,bytes,68161136.0,ns,3573855
64bit,farmhash,256,256,bytes,68939962.0,ns,3625650
64bit,farmhash,256,256,bytes,70065069.0,ns,3677445
64bit,farmhash,256,256,bytes,70758171.0,ns,3729240
64bit,farmhash,256,256,bytes,71808205.0,ns,3781035
64bit,farmhash,256,256,bytes,73030628.0,ns,3832830
64bit,farmhash,256,256,bytes,73954782.0,ns,3884625
64bit,farmhash,256,256,bytes,74703630.0,ns,3936420
64bit,farmhash,256,256,bytes,80916636.0,ns,3988215
64bit,farmhash,256,256,bytes,77253146.0,ns,4040010
64bit,farmhash,256,256,bytes,77499907.0,ns,4091805
64bit,farmhash,256,256,bytes,78755612.0,ns,4143600
64bit,farmhash,256,256,bytes,79515773.0,ns,4195395
64bit,farmhash,256,256,bytes,80539487.0,ns,4247190
64bit,farmhash,256,256,bytes,81214525.0,ns,4298985
64bit,farmhash,256,256,bytes,82292802.0,ns,4350780
64bit,farmhash,256,256,bytes,83484396.0,ns,4402575
64bit,farmhash,256,256,bytes,84724382.0,ns,4454370
64bit,farmhash,256,256,bytes,85595846.0,ns,4506165
64bit,farmhash,256,256,bytes,86384891.0,ns,4557960
64bit,farmhash,256,256,bytes,88655604.0,ns,4609755
64bit,farmhash,256,256,bytes,88750183.0,ns,4661550
64bit,farmhash,256,256,bytes,89560711.0,ns,4713345
64bit,farmhash,256,256,bytes,90942597.0,ns,4765140
64bit,farmhash,256,256,bytes,91567711.0,ns,4816935
64bit,farmhash,256,256,bytes,92513997.0,ns,4868730
64bit,farmhash,256,256,bytes,93292411.0,ns,4920525
64bit,farmhash,256,256,bytes,94485829.0,ns,4972320
64bit,farmhash,256,256,bytes,95478724.0,ns,5024115
64bit,farmhash,256,256,bytes,96204349.0,ns,5075910
64bit,farmhash,256,256,bytes,96910486.0,ns,5127705
64bit,farmhash,256,256,bytes,99769481.0,ns,5179500
64bit,portable,4,4,bytes,965603.0,ns,10151
64bit,portable,4,4,bytes,1896670.0,ns,20302
64bit,portable,4,4,bytes,2883744.0,ns,30453
64bit,portable,4,4,bytes,3862451.0,ns,40604
64bit,portable,4,4,bytes,4771687.0,ns,50755
64bit,portable,4,4,bytes,5684348.0,ns,60906
64bit,portable,4,4,bytes,6789017.0,ns,71057
64bit,portable,4,4,bytes,7600706.0,ns,81208
64bit,portable,4,4,bytes,8692730.0,ns,91359
64bit,portable,4,4,bytes,9522283.0,ns,101510
64bit,portable,4,4,bytes,10778460.0,ns,111661
64bit,portable,4,4,bytes,11502271.0,ns,121812
64bit,portable,4,4,bytes,12655223.0,ns,131963
64bit,portable,4,4,bytes,13577132.0,ns,142114
64bit,portable,4,4,bytes,14478041.0,ns,152265
64bit,portable,4,4,bytes,15295762.0,ns,162416
64bit,portable,4,4,bytes,16180901.0,ns,172567
64bit,portable,4,4,bytes,17143107.0,ns,182718
64bit,portable,4,4,bytes,18046201.0,ns,192869
64bit,portable,4,4,bytes,18998368.0,ns,203020
64bit,portable,4,4,bytes,20280706.0,ns,213171
64bit,portable,4,4,bytes,21418397.0,ns,223322
64bit,portable,4,4,bytes,22185581.0,ns,233473
64bit,portable,4,4,bytes,23103372.0,ns,243624
64bit,portable,4,4,bytes,23892349.0,ns,253775
64bit,portable,4,4,bytes,24829427.0,ns,263926
64bit,portable,4,4,bytes,25879591.0,ns,274077
64bit,portable,4,4,bytes,26835075.0,ns,284228
64bit,portable,4,4,bytes,27793835.0,ns,294379
64bit,portable,4,4,bytes,29758464.0,ns,304530
64bit,portable,4,4,bytes,29620871.0,ns,314681
64bit,portable,4,4,bytes,30385831.0,ns,324832
64bit,portable,4,4,bytes,31344541.0,ns,334983
64bit,portable,4,4,bytes,33247132.0,ns,345134
64bit,portable,4,4,bytes,34092735.0,ns,355285
64bit,portable,4,4,bytes,35059782.0,ns,365436
64bit,portable,4,4,bytes,36011437.0,ns,375587
64bit,portable,4,4,bytes,36951402.0,ns,385738
64bit,portable,4,4,bytes,38005934.0,ns,395889
64bit,portable,4,4,bytes,38987668.0,ns,406040
64bit,portable,4,4,bytes,39816100.0,ns,416191
64bit,portable,4,4,bytes,40861594.0,ns,426342
64bit,portable,4,4,bytes,42059430.0,ns,436493
64bit,portable,4,4,bytes,43020895.0,ns,446644
64bit,portable,4,4,bytes,43698728.0,ns,456795
64bit,portable,4,4,bytes,44830679.0,ns,466946
64bit,portable,4,4,bytes,46021431.0,ns,477097
64bit,portable,4,4,bytes,47101853.0,ns,487248
64bit,portable,4,4,bytes,47864529.0,ns,497399
64bit,portable,4,4,bytes,48777852.0,ns,507550
64bit,portable,4,4,bytes,49887510.0,ns,517701
64bit,portable,4,4,bytes,50933757.0,ns,527852
64bit,portable,4,4,bytes,51477975.0,ns,538003
64bit,portable,4,4,bytes,54467391.0,ns,548154
64bit,portable,4,4,bytes,53926268.0,ns,558305
64bit,portable,4,4,bytes,54519621.0,ns,568456
64bit,portable,4,4,bytes,55608529.0,ns,578607
64bit,portable,4,4,bytes,56648754.0,ns,588758
64bit,portable,4,4,bytes,57781115.0,ns,598909
64bit,portable,4,4,bytes,58655073.0,ns,609060
64bit,portable,4,4,bytes,59576752.0,ns,619211
64bit,portable,4,4,bytes,60512968.0,ns,629362
64bit,portable,4,4,bytes,61596978.0,ns,639513
64bit,portable,4,4,bytes,62233532.0,ns,649664
64bit,portable,4,4,bytes,64229491.0,ns,659815
64bit,portable,4,4,bytes,62944860.0,ns,669966
64bit,portable,4,4,bytes,63509798.0,ns,680117
64bit,portable,4,4,bytes,65239539.0,ns,690268
64bit,portable,4,4,bytes,65680831.0,ns,700419
64bit,portable,4,4,bytes,67002623.0,ns,710570
64bit,portable,4,4,bytes,68668133.0,ns,720721
64bit,portable,4,4,bytes,69743596.0,ns,730872
64bit,portable,4,4,bytes,69571316.0,ns,741023
64bit,portable,4,4,bytes,70206679.0,ns,751174
64bit,portable,4,4,bytes,71506670.0,ns,761325
64bit,portable,4,4,bytes,72654431.0,ns,771476
64bit,portable,4,4,bytes,73270877.0,ns,781627
64bit,portable,4,4,bytes,75847044.0,ns,791778
64bit,portable,4,4,bytes,77003191.0,ns,801929
64bit,portable,4,4,bytes,78923054.0,ns,812080
64bit,portable,4,4,bytes,77679441.0,ns,822231
64bit,portable,4,4,bytes,79303730.0,ns,832382
64bit,portable,4,4,bytes,80013085.0,ns,842533
64bit,portable,4,4,bytes,83055922.0,ns,852684
64bit,portable,4,4,bytes,82109666.0,ns,862835
64bit,portable,4,4,bytes,82932977.0,ns,872986
64bit,portable,4,4,bytes,83756408.0,ns,883137
64bit,portable,4,4,bytes,85208791.0,ns,893288
64bit,portable,4,4,bytes,86531114.0,ns,903439
64bit,portable,4,4,bytes,86653267.0,ns,913590
64bit,portable,4,4,bytes,91684479.0,ns,923741
64bit,portable,4,4,bytes,90288044.0,ns,933892
64bit,portable,4,4,bytes,89392625.0,ns,944043
64bit,portable,4,4,bytes,92012324.0,ns,954194
64bit,portable,4,4,bytes,93221232.0,ns,964345
64bit,portable,4,4,bytes,93435220.0,ns,974496
64bit,portable,4,4,bytes,93827980.0,ns,984647
64bit,portable,4,4,bytes,96832204.0,ns,994798
64bit,portable,4,4,bytes,97588707.0,ns,1004949
64bit,portable,4,4,bytes,98112227.0,ns,1015100
64bit,portable,16384,16384,bytes,993185.0,ns,120
64bit,portable,16384,16384,bytes,1963016.0,ns,240
64bit,portable,16384,16384,bytes,2935902.0,ns,360
64bit,portable,16384,16384,bytes,3915111.0,ns,480
64bit,portable,16384,16384,bytes,4886484.0,ns,600
64bit,portable,16384,16384,bytes,5879218.0,ns,720
64bit,portable,16384,16384,bytes,6862925.0,ns,840
64bit,portable,16384,16384,bytes,7862041.0,ns,960
64bit,portable,16384,16384,bytes,8805692.0,ns,1080
64bit,portable,16384,16384,bytes,9800650.0,ns,1200
64bit,portable,16384,16384,bytes,10813193.0,ns,1320
64bit,portable,16384,16384,bytes,11753637.0,ns,1440
64bit,portable,16384,16384,bytes,12729559.0,ns,1560
64bit,portable,16384,16384,bytes,13720880.0,ns,1680
64bit,portable,16384,16384,bytes,14702133.0,ns,1800
64bit,portable,16384,16384,bytes,15691541.0,ns,1920
64bit,portable,16384,16384,bytes,16664597.0,ns,2040
64bit,portable,16384,16384,bytes,17645408.0,ns,2160
64bit,portable,16384,16384,bytes,18659453.0,ns,2280
64bit,portable,16384,16384,bytes,19621179.0,ns,2400
64bit,portable,16384,16384,bytes,20578485.0,ns,2520
64bit,portable,16384,16384,bytes,21558756.0,ns,2640
64bit,portable,16384,16384,bytes,22551300.0,ns,2760
64bit,portable,16384,16384,bytes,23552230.0,ns,2880
64bit,portable,16384,16384,bytes,24524224.0,ns,3000
64bit,portable,16384,16384,bytes,25484215.0,ns,3120
64bit,portable,16384,16384,bytes,26556161.0,ns,3240
64bit,portable,16384,16384,bytes,27488601.0,ns,3360
64bit,portable,16384,16384,bytes,28422202.0,ns,3480
64bit,portable,16384,16384,bytes,29447849.0,ns,3600
64bit,portable,16384,16384,bytes,30629423.0,ns,3720
64bit,portable,16384,16384,bytes,31609654.0,ns,3840
64bit,portable,16384,16384,bytes,32498530.0,ns,3960
64bit,portable,16384,16384,bytes,33671919.0,ns,4080
64bit,portable,16384,16384,bytes,34873482.0,ns,4200
64bit,portable,16384,16384,bytes,36156290.0,ns,4320
64bit,portable,16384,16384,bytes,36481770.0,ns,4440
64bit,portable,16384,16384,bytes,37474895.0,ns,4560
64bit,portable,16384,16384,bytes,38885688.0,ns,4680
64bit,portable,16384,16384,bytes,39680113.0,ns,4800
64bit,portable,16384,16384,bytes,40496571.0,ns,4920
64bit,portable,16384,16384,bytes,42826827.0,ns,5040
64bit,portable,16384,16384,bytes,42744941.0,ns,5160
64bit,portable,16384,16384,bytes,43480976.0,ns,5280
64bit,portable,16384,16384,bytes,44377907.0,ns,5400
64bit,portable,16384,16384,bytes,45269438.0,ns,5520
64bit,portable,16384,16384,bytes,46239980.0,ns,5640
64bit,portable,16384,16384,bytes,47248464.0,ns,5760
64bit,portable,16384,16384,bytes,48316011.0,ns,5880
64bit,portable,16384,16384,bytes,49161244.0,ns,6000
64bit,portable,16384,16384,bytes,50074757.0,ns,6120
64bit,portable,16384,16384,bytes,51150279.0,ns,6240
64bit,portable,16384,16384,bytes,52257001.0,ns,6360
64bit,portable,16384,16384,bytes,53141268.0,ns,6480
64bit,portable,16384,16384,bytes,54249242.0,ns,6600
64bit,portable,16384,16384,bytes,55277905.0,ns,6720
64bit,portable,16384,16384,bytes,56440864.0,ns,6840
64bit,portable,16384,16384,bytes,57443868.0,ns,6960
64bit,portable,16384,16384,bytes,58261709.0,ns,7080
64bit,portable,16384,16384,bytes,59569724.0,ns,7200
64bit,portable,16384,16384,bytes,60829278.0,ns,7320
64bit,portable,16384,16384,bytes,62114179.0,ns,7440
64bit,portable,16384,16384,bytes,62226093.0,ns,7560
64bit,portable,16384,16384,bytes,63372110.0,ns,7680
64bit,portable,16384,16384,bytes,64189289.0,ns,7800
64bit,portable,16384,16384,bytes,64771269.0,ns,7920
64bit,portable,16384,16384,bytes,65898740.0,ns,8040
64bit,portable,16384,16384,bytes,66663840.0,ns,8160
64bit,portable,16384,16384,bytes,67754632.0,ns,8280
64bit,portable,16384,16384,bytes,68586940.0,ns,8400
64bit,portable,16384,16384,bytes,69682701.0,ns,8520
64bit,portable,16384,16384,bytes,70695664.0,ns,8640
64bit,portable,16384,16384,bytes,71987698.0,ns,8760
64bit,portable,16384,16384,bytes,72525515.0,ns,8880
64bit,portable,16384,16384,bytes,74934682.0,ns,9000
64bit,portable,16384,16384,bytes,76046613.0,ns,9120
64bit,portable,16384,16384,bytes,75879124.0,ns,9240
64bit,portable,16384,16384,bytes,76852652.0,ns,9360
64bit,portable,16384,16384,bytes,77604837.0,ns,9480
64bit,portable,16384,16384,bytes,78433768.0,ns,9600
64bit,portable,16384,16384,bytes,79496827.0,ns,9720
64bit,portable,16384,16384,bytes,80395281.0,ns,9840
64bit,portable,16384,16384,bytes,81416690.0,ns,9960
64bit,portable,16384,16384,bytes,82479407.0,ns,10080
64bit,portable,16384,16384,bytes,83259382.0,ns,10200
64bit,portable,16384,16384,bytes,84448615.0,ns,10320
64bit,portable,16384,16384,bytes,85334525.0,ns,10440
64bit,portable,16384,16384,bytes,86686535.0,ns,10560
64bit,portable,16384,16384,bytes,88817191.0,ns,10680
64bit,portable,16384,16384,bytes,88219791.0,ns,10800
64bit,portable,16384,16384,bytes,89225260.0,ns,10920
64bit,portable,16384,16384,bytes,90201743.0,ns,11040
64bit,portable,16384,16384,bytes,91198765.0,ns,11160
64bit,portable,16384,16384,bytes,92040472.0,ns,11280
64bit,portable,16384,16384,bytes,92999285.0,ns,11400
64bit,portable,16384,16384,bytes,93875502.0,ns,11520
64bit,portable,16384,16384,bytes,95049903.0,ns,11640
64bit,portable,16384,16384,bytes,96274720.0,ns,11760
64bit,portable,16384,16384,bytes,98460611.0,ns,11880
64bit,portable,16384,16384,bytes,99572863.0,ns,12000
64bit,portable,1,1,bytes,974850.0,ns,9966
64bit,portable,1,1,bytes,1921788.0,ns,19932
64bit,portable,1,1,bytes,2893743.0,ns,29898
64bit,portable,1,1,bytes,3867723.0,ns,39864
64bit,portable,1,1,bytes,4850037.0,ns,49830
64bit,portable,1,1,bytes,5935980.0,ns,59796
64bit,portable,1,1,bytes,6822522.0,ns,69762
64bit,portable,1,1,bytes,7884539.0,ns,79728
64bit,portable,1,1,bytes,8861643.0,ns,89694
64bit,portable,1,1,bytes,10415048.0,ns,99660
64bit,portable,1,1,bytes,11292914.0,ns,109626
64bit,portable,1,1,bytes,11703197.0,ns,119592
64bit,portable,1,1,bytes,12990824.0,ns,129558
64bit,portable,1,1,bytes,14281147.0,ns,139524
64bit,portable,1,1,bytes,15258162.0,ns,149490
64bit,portable,1,1,bytes,15704002.0,ns,159456
64bit,portable,1,1,bytes,16453053.0,ns,169422
64bit,portable,1,1,bytes,17618747.0,ns,179388
64bit,portable,1,1,bytes,18402072.0,ns,189354
64bit,portable,1,1,bytes,19355412.0,ns,199320
64bit,portable,1,1,bytes,20443729.0,ns,209286
64bit,portable,1,1,bytes,21327586.0,ns,219252
64bit,portable,1,1,bytes,22143794.0,ns,229218
64bit,portable,1,1,bytes,23228925.0,ns,239184
64bit,portable,1,1,bytes,24059299.0,ns,249150
64bit,portable,1,1,bytes,25101729.0,ns,259116
64bit,portable,1,1,bytes,26510248.0,ns,269082
64bit,portable,1,1,bytes,29749140.0,ns,279048
64bit,portable,1,1,bytes,29773035.0,ns,289014
64bit,portable,1,1,bytes,29607550.0,ns,298980
64bit,portable,1,1,bytes,30167768.0,ns,308946
64bit,portable,1,1,bytes,31026016.0,ns,318912
64bit,portable,1,1,bytes,31993062.0,ns,328878
64bit,portable,1,1,bytes,33938495.0,ns,338844
64bit,portable,1,1,bytes,34777296.0,ns,348810
64bit,portable,1,1,bytes,35395537.0,ns,358776
64bit,portable,1,1,bytes,36393571.0,ns,368742
64bit,portable,1,1,bytes,37320480.0,ns,378708
64bit,portable,1,1,bytes,38191953.0,ns,388674
64bit,portable,1,1,bytes,39237259.0,ns,398640
64bit,portable,1,1,bytes,40169177.0,ns,408606
64bit,portable,1,1,bytes,41129079.0,ns,418572
64bit,portable,1,1,bytes,42420173.0,ns,428538
64bit,portable,1,1,bytes,43276057.0,ns,438504
64bit,portable,1,1,bytes,44190443.0,ns,448470
64bit,portable,1,1,bytes,44954400.0,ns,458436
64bit,portable,1,1,bytes,46449163.0,ns,468402
64bit,portable,1,1,bytes,48230183.0,ns,478368
64bit,portable,1,1,bytes,48335723.0,ns,488334
64bit,portable,1,1,bytes,49103800.0,ns,498300
64bit,portable,1,1,bytes,50137623.0,ns,508266
64bit,portable,1,1,bytes,51119668.0,ns,518232
64bit,portable,1,1,bytes,52064711.0,ns,528198
64bit,portable,1,1,bytes,53131628.0,ns,538164
64bit,portable,1,1,bytes,54139120.0,ns,548130
64bit,portable,1,1,bytes,55224773.0,ns,558096
64bit,portable,1,1,bytes,56056490.0,ns,568062
64bit,portable,1,1,bytes,56947460.0,ns,578028
64bit,portable,1,1,bytes,58679266.0,ns,587994
64bit,portable,1,1,bytes,58914805.0,ns,597960
64bit,portable,1,1,bytes,59891630.0,ns,607926
64bit,portable,1,1,bytes,61560885.0,ns,617892
64bit,portable,1,1,bytes,62618234.0,ns,627858
64bit,portable,1,1,bytes,62801994.0,ns,637824
64bit,portable,1,1,bytes,65240158.0,ns,647790
64bit,portable,1,1,bytes,64576060.0,ns,657756
64bit,portable,1,1,bytes,65144786.0,ns,667722
64bit,portable,1,1,bytes,65711778.0,ns,677688
64bit,portable,1,1,bytes,67127119.0,ns,687654
64bit,portable,1,1,bytes,68161663.0,ns,697620
64bit,portable,1,1,bytes,68648754.0,ns,707586
64bit,portable,1,1,bytes,69575412.0,ns,717552
64bit,portable,1,1,bytes,70704848.0,ns,727518
64bit,portable,1,1,bytes,81886049.0,ns,737484
64bit,portable,1,1,bytes,72379413.0,ns,747450
64bit,portable,1,1,bytes,73642575.0,ns,757416
64bit,portable,1,1,bytes,74669124.0,ns,767382
64bit,portable,1,1,bytes,75297293.0,ns,777348
64bit,portable,1,1,bytes,76175409.0,ns,787314
64bit,portable,1,1,bytes,78322186.0,ns,797280
64bit,portable,1,1,bytes,78348627.0,ns,807246
64bit,portable,1,1,bytes,79066417.0,ns,817212
64bit,portable,1,1,bytes,79801430.0,ns,827178
64bit,portable,1,1,bytes,82479861.0,ns,837144
64bit,portable,1,1,bytes,82365713.0,ns,847110
64bit,portable,1,1,bytes,82804912.0,ns,857076
64bit,portable,1,1,bytes,83885084.0,ns,867042
64bit,portable,1,1,bytes,84929266.0,ns,877008
64bit,portable,1,1,bytes,85907053.0,ns,886974
64bit,portable,1,1,bytes,86533839.0,ns,896940
64bit,portable,1,1,bytes,88274551.0,ns,906906
64bit,portable,1,1,bytes,91144549.0,ns,916872
64bit,portable,1,1,bytes,90386127.0,ns,926838
64bit,portable,1,1,bytes,90367465.0,ns,936804
64bit,portable,1,1,bytes,92102578.0,ns,946770
64bit,portable,1,1,bytes,92386118.0,ns,956736
64bit,portable,1,1,bytes,93927259.0,ns,966702
64bit,portable,1,1,bytes,95703560.0,ns,976668
64bit,portable,1,1,bytes,97011616.0,ns,986634
64bit,portable,1,1,bytes,97948845.0,ns,996600
64bit,portable,64,64,bytes,977886.0,ns,9600
64bit,portable,64,64,bytes,1973316.0,ns,19200
64bit,portable,64,64,bytes,2932536.0,ns,28800
64bit,portable,64,64,bytes,3904992.0,ns,38400
64bit,portable,64,64,bytes,4904560.0,ns,48000
64bit,portable,64,64,bytes,5871675.0,ns,57600
64bit,portable,64,64,bytes,6851625.0,ns,67200
64bit,portable,64,64,bytes,7813280.0,ns,76800
64bit,portable,64,64,bytes,8822245.0,ns,86400
64bit,portable,64,64,bytes,9792768.0,ns,96000
64bit,portable,64,64,bytes,10780814.0,ns,105600
64bit,portable,64,64,bytes,11795449.0,ns,115200
64bit,portable,64,64,bytes,12780560.0,ns,124800
64bit,portable,64,64,bytes,13683082.0,ns,134400
64bit,portable,64,64,bytes,14754857.0,ns,144000
64bit,portable,64,64,bytes,15741390.0,ns,153600
64bit,portable,64,64,bytes,16749072.0,ns,163200
64bit,portable,64,64,bytes,17807321.0,ns,172800
64bit,portable,64,64,bytes,18665089.0,ns,182400
64bit,portable,64,64,bytes,19626843.0,ns,192000
64bit,portable,64,64,bytes,20569293.0,ns,201600
64bit,portable,64,64,bytes,21687898.0,ns,211200
64bit,portable,64,64,bytes,22595840.0,ns,220800
64bit,portable,64,64,bytes,23497841.0,ns,230400
64bit,portable,64,64,bytes,24440260.0,ns,240000
64bit,portable,64,64,bytes,25468422.0,ns,249600
64bit,portable,64,64,bytes,26436830.0,ns,259200
64bit,portable,64,64,bytes,27406921.0,ns,268800
64bit,portable,64,64,bytes,28375238.0,ns,278400
64bit,portable,64,64,bytes,29359166.0,ns,288000
64bit,portable,64,64,bytes,30318748.0,ns,297600
64bit,portable,64,64,bytes,31347110.0,ns,307200
64bit,portable,64,64,bytes,32285231.0,ns,316800
64bit,portable,64,64,bytes,33519195.0,ns,326400
64bit,portable,64,64,bytes,34361893.0,ns,336000
64bit,portable,64,64,bytes,35364316.0,ns,345600
64bit,portable,64,64,bytes,36392117.0,ns,355200
64bit,portable,64,64,bytes,37547873.0,ns,364800
64bit,portable,64,64,bytes,38408715.0,ns,374400
64bit,portable,64,64,bytes,40480600.0,ns,384000
64bit,portable,64,64,bytes,40754391.0,ns,393600
64bit,portable,64,64,bytes,41326519.0,ns,403200
64bit,portable,64,64,bytes,42254194.0,ns,412800
64bit,portable,64,64,bytes,43241819.0,ns,422400
64bit,portable,64,64,bytes,44382225.0,ns,432000
64bit,portable,64,64,bytes,45267605.0,ns,441600
64bit,portable,64,64,bytes,46330053.0,ns,451200
64bit,portable,64,64,bytes,47257873.0,ns,460800
64bit,portable,64,64,bytes,48614932.0,ns,470400
64bit,portable,64,64,bytes,49323936.0,ns,480000
64bit,portable,64,64,bytes,50245394.0,ns,489600
64bit,portable,64,64,bytes,51229682.0,ns,499200
64bit,portable,64,64,bytes,52235041.0,ns,508800
64bit,portable,64,64,bytes,53222555.0,ns,518400
64bit,portable,64,64,bytes,54215510.0,ns,528000
64bit,portable,64,64,bytes,55264381.0,ns,537600
64bit,portable,64,64,bytes,56258940.0,ns,547200
64bit,portable,64,64,bytes,57138067.0,ns,556800
64bit,portable,64,64,bytes,58392000.0,ns,566400
64bit,portable,64,64,bytes,60225950.0,ns,576000
64bit,portable,64,64,bytes,60711576.0,ns,585600
64bit,portable,64,64,bytes,61103885.0,ns,595200
64bit,portable,64,64,bytes,62013010.0,ns,604800
64bit,portable,64,64,bytes,63150120.0,ns,614400
64bit,portable,64,64,bytes,64121894.0,ns,624000
64bit,portable,64,64,bytes,65173911.0,ns,633600
64bit,portable,64,64,bytes,65942288.0,ns,643200
64bit,portable,64,64,bytes,66951484.0,ns,652800
64bit,portable,64,64,bytes,67840220.0,ns,662400
64bit,portable,64,64,bytes,68810993.0,ns,672000
64bit,portable,64,64,bytes,69777346.0,ns,681600
64bit,portable,64,64,bytes,70923774.0,ns,691200
64bit,portable,64,64,bytes,71861163.0,ns,700800
64bit,portable,64,64,bytes,72765159.0,ns,710400
64bit,portable,64,64,bytes,74635067.0,ns,720000
64bit,portable,64,64,bytes,74924018.0,ns,729600
64bit,portable,64,64,bytes,75398895.0,ns,739200
64bit,portable,64,64,bytes,76390507.0,ns,748800
64bit,portable,64,64,bytes,77413329.0,ns,758400
64bit,portable,64,64,bytes,78516864.0,ns,768000
64bit,portable,64,64,bytes,80205638.0,ns,777600
64bit,portable,64,64,bytes,80486453.0,ns,787200
64bit,portable,64,64,bytes,81446024.0,ns,796800
64bit,portable,64,64,bytes,82486329.0,ns,806400
64bit,portable,64,64,bytes,83265015.0,ns,816000
64bit,portable,64,64,bytes,84359929.0,ns,825600
64bit,portable,64,64,bytes,88374366.0,ns,835200
64bit,portable,64,64,bytes,87909649.0,ns,844800
64bit,portable,64,64,bytes,87648210.0,ns,854400
64bit,portable,64,64,bytes,88450441.0,ns,864000
64bit,portable,64,64,bytes,89411675.0,ns,873600
64bit,portable,64,64,bytes,90603770.0,ns,883200
64bit,portable,64,64,bytes,91379731.0,ns,892800
64bit,portable,64,64,bytes,92278556.0,ns,902400
64bit,portable,64,64,bytes,93338739.0,ns,912000
64bit,portable,64,64,bytes,94298270.0,ns,921600
64bit,portable,64,64,bytes,95404472.0,ns,931200
64bit,portable,64,64,bytes,96906377.0,ns,940800
64bit,portable,64,64,bytes,99271721.0,ns,950400
64bit,portable,64,64,bytes,98687296.0,ns,960000
64bit,ahash,4,4,bytes,916319.0,ns,554084
64bit,ahash,4,4,bytes,1849059.0,ns,1108168
64bit,ahash,4,4,bytes,2739057.0,ns,1662252
64bit,ahash,4,4,bytes,3677849.0,ns,2216336
64bit,ahash,4,4,bytes,4597304.0,ns,2770420
64bit,ahash,4,4,bytes,5429021.0,ns,3324504
64bit,ahash,4,4,bytes,5917874.0,ns,3878588
64bit,ahash,4,4,bytes,7252241.0,ns,4432672
64bit,ahash,4,4,bytes,8045785.0,ns,4986756
64bit,ahash,4,4,bytes,8646772.0,ns,5540840
64bit,ahash,4,4,bytes,9745929.0,ns,6094924
64bit,ahash,4,4,bytes,10308243.0,ns,6649008
64bit,ahash,4,4,bytes,12319511.0,ns,7203092
64bit,ahash,4,4,bytes,13784276.0,ns,7757176
64bit,ahash,4,4,bytes,15206591.0,ns,8311260
64bit,ahash,4,4,bytes,15180280.0,ns,8865344
64bit,ahash,4,4,bytes,15645228.0,ns,9419428
64bit,ahash,4,4,bytes,17544973.0,ns,9973512
64bit,ahash,4,4,bytes,18323970.0,ns,10527596
64bit,ahash,4,4,bytes,19501998.0,ns,11081680
64bit,ahash,4,4,bytes,20212805.0,ns,11635764
64bit,ahash,4,4,bytes,20675217.0,ns,12189848
64bit,ahash,4,4,bytes,21636862.0,ns,12743932
64bit,ahash,4,4,bytes,23242566.0,ns,13298016
64bit,ahash,4,4,bytes,24036392.0,ns,13852100
64bit,ahash,4,4,bytes,26374840.0,ns,14406184
64bit,ahash,4,4,bytes,28379560.0,ns,14960268
64bit,ahash,4,4,bytes,30100134.0,ns,15514352
64bit,ahash,4,4,bytes,31276018.0,ns,16068436
64bit,ahash,4,4,bytes,30982708.0,ns,16622520
64bit,ahash,4,4,bytes,31611900.0,ns,17176604
64bit,ahash,4,4,bytes,33656511.0,ns,17730688
64bit,ahash,4,4,bytes,33310491.0,ns,18284772
64bit,ahash,4,4,bytes,34826073.0,ns,18838856
64bit,ahash,4,4,bytes,36009472.0,ns,19392940
64bit,ahash,4,4,bytes,35732433.0,ns,19947024
64bit,ahash,4,4,bytes,36843804.0,ns,20501108
64bit,ahash,4,4,bytes,37976215.0,ns,21055192
64bit,ahash,4,4,bytes,36527911.0,ns,21609276
64bit,ahash,4,4,bytes,37037994.0,ns,22163360
64bit,ahash,4,4,bytes,40695214.0,ns,22717444
64bit,ahash,4,4,bytes,43402501.0,ns,23271528
64bit,ahash,4,4,bytes,45259455.0,ns,23825612
64bit,ahash,4,4,bytes,44549249.0,ns,24379696
64bit,ahash,4,4,bytes,45776661.0,ns,24933780
64bit,ahash,4,4,bytes,48026075.0,ns,25487864
64bit,ahash,4,4,bytes,48247186.0,ns,26041948
64bit,ahash,4,4,bytes,47607656.0,ns,26596032
64bit,ahash,4,4,bytes,49360431.0,ns,27150116
64bit,ahash,4,4,bytes,51081044.0,ns,27704200
64bit,ahash,4,4,bytes,54172695.0,ns,28258284
64bit,ahash,4,4,bytes,53855429.0,ns,28812368
64bit,ahash,4,4,bytes,55642991.0,ns,29366452
64bit,ahash,4,4,bytes,55859033.0,ns,29920536
64bit,ahash,4,4,bytes,57538649.0,ns,30474620
64bit,ahash,4,4,bytes,59080550.0,ns,31028704
64bit,ahash,4,4,bytes,53486866.0,ns,31582788
64bit,ahash,4,4,bytes,54331237.0,ns,32136872
64bit,ahash,4,4,bytes,56607761.0,ns,32690956
64bit,ahash,4,4,bytes,61919318.0,ns,33245040
64bit,ahash,4,4,bytes,60628980.0,ns,33799124
64bit,ahash,4,4,bytes,60128636.0,ns,34353208
64bit,ahash,4,4,bytes,59968225.0,ns,34907292
64bit,ahash,4,4,bytes,61736149.0,ns,35461376
64bit,ahash,4,4,bytes,61375691.0,ns,36015460
64bit,ahash,4,4,bytes,61301619.0,ns,36569544
64bit,ahash,4,4,bytes,64664256.0,ns,37123628
64bit,ahash,4,4,bytes,71433305.0,ns,37677712
64bit,ahash,4,4,bytes,73569191.0,ns,38231796
64bit,ahash,4,4,bytes,69404343.0,ns,38785880
64bit,ahash,4,4,bytes,72006609.0,ns,39339964
64bit,ahash,4,4,bytes,74563759.0,ns,39894048
64bit,ahash,4,4,bytes,77421944.0,ns,40448132
64bit,ahash,4,4,bytes,79090899.0,ns,41002216
64bit,ahash,4,4,bytes,85845103.0,ns,41556300
64bit,ahash,4,4,bytes,81064590.0,ns,42110384
64bit,ahash,4,4,bytes,87837831.0,ns,42664468
64bit,ahash,4,4,bytes,85305729.0,ns,43218552
64bit,ahash,4,4,bytes,77124687.0,ns,43772636
64bit,ahash,4,4,bytes,78971260.0,ns,44326720
64bit,ahash,4,4,bytes,82566993.0,ns,44880804
64bit,ahash,4,4,bytes,83068429.0,ns,45434888
64bit,ahash,4,4,bytes,80785643.0,ns,45988972
64bit,ahash,4,4,bytes,85786968.0,ns,46543056
64bit,ahash,4,4,bytes,82066317.0,ns,47097140
64bit,ahash,4,4,bytes,84300401.0,ns,47651224
64bit,ahash,4,4,bytes,94469678.0,ns,48205308
64bit,ahash,4,4,bytes,92436373.0,ns,48759392
64bit,ahash,4,4,bytes,101322125.0,ns,49313476
64bit,ahash,4,4,bytes,104171793.0,ns,49867560
64bit,ahash,4,4,bytes,107563421.0,ns,50421644
64bit,ahash,4,4,bytes,102933942.0,ns,50975728
64bit,ahash,4,4,bytes,112692796.0,ns,51529812
64bit,ahash,4,4,bytes,106788447.0,ns,52083896
64bit,ahash,4,4,bytes,106703976.0,ns,52637980
64bit,ahash,4,4,bytes,104886056.0,ns,53192064
64bit,ahash,4,4,bytes,110185150.0,ns,53746148
64bit,ahash,4,4,bytes,119399365.0,ns,54300232
64bit,ahash,4,4,bytes,107308615.0,ns,54854316
64bit,ahash,4,4,bytes,117049570.0,ns,55408400
64bit,ahash,64,64,bytes,992373.0,ns,554040
64bit,ahash,64,64,bytes,1965360.0,ns,1108080
64bit,ahash,64,64,bytes,2952143.0,ns,1662120
64bit,ahash,64,64,bytes,3930160.0,ns,2216160
64bit,ahash,64,64,bytes,4941740.0,ns,2770200
64bit,ahash,64,64,bytes,5915348.0,ns,3324240
64bit,ahash,64,64,bytes,6919865.0,ns,3878280
64bit,ahash,64,64,bytes,7881771.0,ns,4432320
64bit,ahash,64,64,bytes,9041113.0,ns,4986360
64bit,ahash,64,64,bytes,9883380.0,ns,5540400
64bit,ahash,64,64,bytes,10890712.0,ns,6094440
64bit,ahash,64,64,bytes,11816128.0,ns,6648480
64bit,ahash,64,64,bytes,12870561.0,ns,7202520
64bit,ahash,64,64,bytes,13807939.0,ns,7756560
64bit,ahash,64,64,bytes,14828566.0,ns,8310600
64bit,ahash,64,64,bytes,15811643.0,ns,8864640
64bit,ahash,64,64,bytes,16818875.0,ns,9418680
64bit,ahash,64,64,bytes,17865192.0,ns,9972720
64bit,ahash,64,64,bytes,18764268.0,ns,10526760
64bit,ahash,64,64,bytes,19807147.0,ns,11080800
64bit,ahash,64,64,bytes,20907007.0,ns,11634840
64bit,ahash,64,64,bytes,21918105.0,ns,12188880
64bit,ahash,64,64,bytes,22773187.0,ns,12742920
64bit,ahash,64,64,bytes,23750762.0,ns,13296960
64bit,ahash,64,64,bytes,24695166.0,ns,13851000
64bit,ahash,64,64,bytes,25662931.0,ns,14405040
64bit,ahash,64,64,bytes,26658051.0,ns,14959080
64bit,ahash,64,64,bytes,27659562.0,ns,15513120
64bit,ahash,64,64,bytes,28695128.0,ns,16067160
64bit,ahash,64,64,bytes,31070942.0,ns,16621200
64bit,ahash,64,64,bytes,31060582.0,ns,17175240
64bit,ahash,64,64,bytes,31529175.0,ns,17729280
64bit,ahash,64,64,bytes,32628364.0,ns,18283320
64bit,ahash,64,64,bytes,33646166.0,ns,18837360
64bit,ahash,64,64,bytes,34686931.0,ns,19391400
64bit,ahash,64,64,bytes,35573504.0,ns,19945440
64bit,ahash,64,64,bytes,36520271.0,ns,20499480
64bit,ahash,64,64,bytes,37642822.0,ns,21053520
64bit,ahash,64,64,bytes,38497554.0,ns,21607560
64bit,ahash,64,64,bytes,39569699.0,ns,22161600
64bit,ahash,64,64,bytes,40374775.0,ns,22715640
64bit,ahash,64,64,bytes,41428767.0,ns,23269680
64bit,ahash,64,64,bytes,42502496.0,ns,23823720
64bit,ahash,64,64,bytes,43482336.0,ns,24377760
64bit,ahash,64,64,bytes,45199011.0,ns,24931800
64bit,ahash,64,64,bytes,45530003.0,ns,25485840
64bit,ahash,64,64,bytes,46376028.0,ns,26039880
64bit,ahash,64,64,bytes,47376206.0,ns,26593920
64bit,ahash,64,64,bytes,48383147.0,ns,27147960
64bit,ahash,64,64,bytes,49401782.0,ns,27702000
64bit,ahash,64,64,bytes,50387292.0,ns,28256040
64bit,ahash,64,64,bytes,51245700.0,ns,28810080
64bit,ahash,64,64,bytes,52318197.0,ns,29364120
64bit,ahash,64,64,bytes,54881077.0,ns,29918160
64bit,ahash,64,64,bytes,54237559.0,ns,30472200
64bit,ahash,64,64,bytes,55122699.0,ns,31026240
64bit,ahash,64,64,bytes,56318661.0,ns,31580280
64bit,ahash,64,64,bytes,57190404.0,ns,32134320
64bit,ahash,64,64,bytes,58452602.0,ns,32688360
64bit,ahash,64,64,bytes,59159872.0,ns,33242400
64bit,ahash,64,64,bytes,60172715.0,ns,33796440
64bit,ahash,64,64,bytes,61398635.0,ns,34350480
64bit,ahash,64,64,bytes,62233017.0,ns,34904520
64bit,ahash,64,64,bytes,63341071.0,ns,35458560
64bit,ahash,64,64,bytes,64172027.0,ns,36012600
64bit,ahash,64,64,bytes,65175903.0,ns,36566640
64bit,ahash,64,64,bytes,66175109.0,ns,37120680
64bit,ahash,64,64,bytes,67245091.0,ns,37674720
64bit,ahash,64,64,bytes,68031292.0,ns,38228760
64bit,ahash,64,64,bytes,70408478.0,ns,38782800
64bit,ahash,64,64,bytes,70123504.0,ns,39336840
64bit,ahash,64,64,bytes,71213013.0,ns,39890880
64bit,ahash,64,64,bytes,72136425.0,ns,40444920
64bit,ahash,64,64,bytes,73036564.0,ns,40998960
64bit,ahash,64,64,bytes,74149677.0,ns,41553000
64bit,ahash,64,64,bytes,74917833.0,ns,42107040
64bit,ahash,64,64,bytes,76141638.0,ns,42661080
64bit,ahash,64,64,bytes,77034893.0,ns,43215120
64bit,ahash,64,64,bytes,77935481.0,ns,43769160
64bit,ahash,64,64,bytes,78864403.0,ns,44323200
64bit,ahash,64,64,bytes,79815319.0,ns,44877240
64bit,ahash,64,64,bytes,80984009.0,ns,45431280
64bit,ahash,64,64,bytes,82774786.0,ns,45985320
64bit,ahash,64,64,bytes,83382765.0,ns,46539360
64bit,ahash,64,64,bytes,83767361.0,ns,47093400
64bit,ahash,64,64,bytes,84803757.0,ns,47647440
64bit,ahash,64,64,bytes,85837551.0,ns,48201480
64bit,ahash,64,64,bytes,86762876.0,ns,48755520
64bit,ahash,64,64,bytes,87827127.0,ns,49309560
64bit,ahash,64,64,bytes,88794744.0,ns,49863600
64bit,ahash,64,64,bytes,89966960.0,ns,50417640
64bit,ahash,64,64,bytes,90647830.0,ns,50971680
64bit,ahash,64,64,bytes,91811210.0,ns,51525720
64bit,ahash,64,64,bytes,92619151.0,ns,52079760
64bit,ahash,64,64,bytes,95160161.0,ns,52633800
64bit,ahash,64,64,bytes,94649145.0,ns,53187840
64bit,ahash,64,64,bytes,95575503.0,ns,53741880
64bit,ahash,64,64,bytes,96848974.0,ns,54295920
64bit,ahash,64,64,bytes,97789097.0,ns,54849960
64bit,ahash,64,64,bytes,99108385.0,ns,55404000
64bit,ahash,16,16,bytes,996522.0,ns,1255035
64bit,ahash,16,16,bytes,1965431.0,ns,2510070
64bit,ahash,16,16,bytes,3053407.0,ns,3765105
64bit,ahash,16,16,bytes,3973392.0,ns,5020140
64bit,ahash,16,16,bytes,4885313.0,ns,6275175
64bit,ahash,16,16,bytes,5843552.0,ns,7530210
64bit,ahash,16,16,bytes,6879218.0,ns,8785245
64bit,ahash,16,16,bytes,7771861.0,ns,10040280
64bit,ahash,16,16,bytes,8798511.0,ns,11295315
64bit,ahash,16,16,bytes,9790012.0,ns,12550350
64bit,ahash,16,16,bytes,10766015.0,ns,13805385
64bit,ahash,16,16,bytes,11723562.0,ns,15060420
64bit,ahash,16,16,bytes,13018043.0,ns,16315455
64bit,ahash,16,16,bytes,13610935.0,ns,17570490
64bit,ahash,16,16,bytes,15007730.0,ns,18825525
64bit,ahash,16,16,bytes,15637772.0,ns,20080560
64bit,ahash,16,16,bytes,17120222.0,ns,21335595
64bit,ahash,16,16,bytes,17747379.0,ns,22590630
64bit,ahash,16,16,bytes,18488573.0,ns,23845665
64bit,ahash,16,16,bytes,19775749.0,ns,25100700
64bit,ahash,16,16,bytes,20718208.0,ns,26355735
64bit,ahash,16,16,bytes,21925021.0,ns,27610770
64bit,ahash,16,16,bytes,22461874.0,ns,28865805
64bit,ahash,16,16,bytes,23675671.0,ns,30120840
64bit,ahash,16,16,bytes,24518260.0,ns,31375875
64bit,ahash,16,16,bytes,25600936.0,ns,32630910
64bit,ahash,16,16,bytes,26435387.0,ns,33885945
64bit,ahash,16,16,bytes,27690974.0,ns,35140980
64bit,ahash,16,16,bytes,28462566.0,ns,36396015
64bit,ahash,16,16,bytes,29594066.0,ns,37651050
64bit,ahash,16,16,bytes,31367259.0,ns,38906085
64bit,ahash,16,16,bytes,33284478.0,ns,40161120
64bit,ahash,16,16,bytes,32725241.0,ns,41416155
64bit,ahash,16,16,bytes,33518875.0,ns,42671190
64bit,ahash,16,16,bytes,34207319.0,ns,43926225
64bit,ahash,16,16,bytes,35339499.0,ns,45181260
64bit,ahash,16,16,bytes,36522056.0,ns,46436295
64bit,ahash,16,16,bytes,37486106.0,ns,47691330
64bit,ahash,16,16,bytes,38503458.0,ns,48946365
64bit,ahash,16,16,bytes,39303865.0,ns,50201400
64bit,ahash,16,16,bytes,40312169.0,ns,51456435
64bit,ahash,16,16,bytes,41115182.0,ns,52711470
64bit,ahash,16,16,bytes,42593393.0,ns,53966505
64bit,ahash,16,16,bytes,43593301.0,ns,55221540
64bit,ahash,16,16,bytes,44060271.0,ns,56476575
64bit,ahash,16,16,bytes,44943797.0,ns,57731610
64bit,ahash,16,16,bytes,46002458.0,ns,58986645
64bit,ahash,16,16,bytes,46983460.0,ns,60241680
64bit,ahash,16,16,bytes,48179663.0,ns,61496715
64bit,ahash,16,16,bytes,48742607.0,ns,62751750
64bit,ahash,16,16,bytes,49696938.0,ns,64006785
64bit,ahash,16,16,bytes,51244792.0,ns,65261820
64bit,ahash,16,16,bytes,51951591.0,ns,66516855
64bit,ahash,16,16,bytes,53147132.0,ns,67771890
64bit,ahash,16,16,bytes,56457390.0,ns,69026925
64bit,ahash,16,16,bytes,55353062.0,ns,70281960
64bit,ahash,16,16,bytes,55455628.0,ns,71536995
64bit,ahash,16,16,bytes,56943006.0,ns,72792030
64bit,ahash,16,16,bytes,57984414.0,ns,74047065
64bit,ahash,16,16,bytes,58934607.0,ns,75302100
64bit,ahash,16,16,bytes,59690520.0,ns,76557135
64bit,ahash,16,16,bytes,61921527.0,ns,77812170
64bit,ahash,16,16,bytes,62075591.0,ns,79067205
64bit,ahash,16,16,bytes,63175620.0,ns,80322240
64bit,ahash,16,16,bytes,63584481.0,ns,81577275
64bit,ahash,16,16,bytes,64996434.0,ns,82832310
64bit,ahash,16,16,bytes,66313999.0,ns,84087345
64bit,ahash,16,16,bytes,66863248.0,ns,85342380
64bit,ahash,16,16,bytes,68672104.0,ns,86597415
64bit,ahash,16,16,bytes,68992341.0,ns,87852450
64bit,ahash,16,16,bytes,70576995.0,ns,89107485
64bit,ahash,16,16,bytes,71353446.0,ns,90362520
64bit,ahash,16,16,bytes,70836801.0,ns,91617555
64bit,ahash,16,16,bytes,72839312.0,ns,92872590
64bit,ahash,16,16,bytes,73387999.0,ns,94127625
64bit,ahash,16,16,bytes,74284690.0,ns,95382660
64bit,ahash,16,16,bytes,75757170.0,ns,96637695
64bit,ahash,16,16,bytes,76561574.0,ns,97892730
64bit,ahash,16,16,bytes,77422338.0,ns,99147765
64bit,ahash,16,16,bytes,78708081.0,ns,100402800
64bit,ahash,16,16,bytes,81207972.0,ns,101657835
64bit,ahash,16,16,bytes,84522518.0,ns,102912870
64bit,ahash,16,16,bytes,83651434.0,ns,104167905
64bit,ahash,16,16,bytes,86184588.0,ns,105422940
64bit,ahash,16,16,bytes,83726198.0,ns,106677975
64bit,ahash,16,16,bytes,84277529.0,ns,107933010
64bit,ahash,16,16,bytes,85402637.0,ns,109188045
64bit,ahash,16,16,bytes,86392625.0,ns,110443080
64bit,ahash,16,16,bytes,86759586.0,ns,111698115
64bit,ahash,16,16,bytes,88995944.0,ns,112953150
64bit,ahash,16,16,bytes,88911462.0,ns,114208185
64bit,ahash,16,16,bytes,90722579.0,ns,115463220
64bit,ahash,16,16,bytes,92192835.0,ns,116718255
64bit,ahash,16,16,bytes,92609780.0,ns,117973290
64bit,ahash,16,16,bytes,93046012.0,ns,119228325
64bit,ahash,16,16,bytes,96209028.0,ns,120483360
64bit,ahash,16,16,bytes,94857560.0,ns,121738395
64bit,ahash,16,16,bytes,95810738.0,ns,122993430
64bit,ahash,16,16,bytes,96635442.0,ns,124248465
64bit,ahash,16,16,bytes,97880188.0,ns,125503500
64bit,portable,16,16,bytes,937178.0,ns,9361
64bit,portable,16,16,bytes,1834591.0,ns,18722
64bit,portable,16,16,bytes,2737173.0,ns,28083
64bit,portable,16,16,bytes,3728786.0,ns,37444
64bit,portable,16,16,bytes,4503795.0,ns,46805
64bit,portable,16,16,bytes,5415455.0,ns,56166
64bit,portable,16,16,bytes,6368424.0,ns,65527
64bit,portable,16,16,bytes,7168330.0,ns,74888
64bit,portable,16,16,bytes,8142539.0,ns,84249
64bit,portable,16,16,bytes,9020996.0,ns,93610
64bit,portable,16,16,bytes,9914581.0,ns,102971
64bit,portable,16,16,bytes,10842702.0,ns,112332
64bit,portable,16,16,bytes,11684860.0,ns,121693
64bit,portable,16,16,bytes,12611768.0,ns,131054
64bit,portable,16,16,bytes,13458213.0,ns,140415
64bit,portable,16,16,bytes,14375263.0,ns,149776
64bit,portable,16,16,bytes,15283587.0,ns,159137
64bit,portable,16,16,bytes,16235914.0,ns,168498
64bit,portable,16,16,bytes,17069305.0,ns,177859
64bit,portable,16,16,bytes,17975114.0,ns,187220
64bit,portable,16,16,bytes,18857728.0,ns,196581
64bit,portable,16,16,bytes,19728500.0,ns,205942
64bit,portable,16,16,bytes,20941214.0,ns,215303
64bit,portable,16,16,bytes,21999103.0,ns,224664
64bit,portable,16,16,bytes,22596503.0,ns,234025
64bit,portable,16,16,bytes,23539072.0,ns,243386
64bit,portable,16,16,bytes,24191648.0,ns,252747
64bit,portable,16,16,bytes,25592992.0,ns,262108
64bit,portable,16,16,bytes,26659697.0,ns,271469
64bit,portable,16,16,bytes,27634598.0,ns,280830
64bit,portable,16,16,bytes,28667499.0,ns,290191
64bit,portable,16,16,bytes,30212738.0,ns,299552
64bit,portable,16,16,bytes,29894070.0,ns,308913
64bit,portable,16,16,bytes,32873816.0,ns,318274
64bit,portable,16,16,bytes,31937560.0,ns,327635
64bit,portable,16,16,bytes,32852857.0,ns,336996
64bit,portable,16,16,bytes,34018722.0,ns,346357
64bit,portable,16,16,bytes,34579682.0,ns,355718
64bit,portable,16,16,bytes,35538682.0,ns,365079
64bit,portable,16,16,bytes,36491510.0,ns,374440
64bit,portable,16,16,bytes,37893205.0,ns,383801
64bit,portable,16,16,bytes,38394897.0,ns,393162
64bit,portable,16,16,bytes,39439987.0,ns,402523
64bit,portable,16,16,bytes,40364341.0,ns,411884
64bit,portable,16,16,bytes,41100636.0,ns,421245
64bit,portable,16,16,bytes,41950037.0,ns,430606
64bit,portable,16,16,bytes,43478423.0,ns,439967
64bit,portable,16,16,bytes,44024997.0,ns,449328
64bit,portable,16,16,bytes,44828260.0,ns,458689
64bit,portable,16,16,bytes,47155462.0,ns,468050
64bit,portable,16,16,bytes,47841861.0,ns,477411
64bit,portable,16,16,bytes,48705350.0,ns,486772
64bit,portable,16,16,bytes,50181065.0,ns,496133
64bit,portable,16,16,bytes,52443167.0,ns,505494
64bit,portable,16,16,bytes,52801245.0,ns,514855
64bit,portable,16,16,bytes,52396403.0,ns,524216
64bit,portable,16,16,bytes,53760987.0,ns,533577
64bit,portable,16,16,bytes,53941963.0,ns,542938
64bit,portable,16,16,bytes,54861317.0,ns,552299
64bit,portable,16,16,bytes,54769402.0,ns,561660
64bit,portable,16,16,bytes,55658017.0,ns,571021
64bit,portable,16,16,bytes,56898024.0,ns,580382
64bit,portable,16,16,bytes,58422393.0,ns,589743
64bit,portable,16,16,bytes,58758064.0,ns,599104
64bit,portable,16,16,bytes,59359200.0,ns,608465
64bit,portable,16,16,bytes,59756128.0,ns,617826
64bit,portable,16,16,bytes,60321678.0,ns,627187
64bit,portable,16,16,bytes,61222596.0,ns,636548
64bit,portable,16,16,bytes,62618401.0,ns,645909
64bit,portable,16,16,bytes,63319559.0,ns,655270
64bit,portable,16,16,bytes,65505480.0,ns,664631
64bit,portable,16,16,bytes,65735049.0,ns,673992
64bit,portable,16,16,bytes,65788861.0,ns,683353
64bit,portable,16,16,bytes,68114740.0,ns,692714
64bit,portable,16,16,bytes,68942059.0,ns,702075
64bit,portable,16,16,bytes,68318078.0,ns,711436
64bit,portable,16,16,bytes,69090883.0,ns,720797
64bit,portable,16,16,bytes,70322773.0,ns,730158
64bit,portable,16,16,bytes,71924670.0,ns,739519
64bit,portable,16,16,bytes,73499005.0,ns,748880
64bit,portable,16,16,bytes,72836311.0,ns,758241
64bit,portable,16,16,bytes,73647608.0,ns,767602
64bit,portable,16,16,bytes,74517068.0,ns,776963
64bit,portable,16,16,bytes,77502124.0,ns,786324
64bit,portable,16,16,bytes,77641962.0,ns,795685
64bit,portable,16,16,bytes,77390352.0,ns,805046
64bit,portable,16,16,bytes,78277404.0,ns,814407
64bit,portable,16,16,bytes,92340823.0,ns,823768
64bit,portable,16,16,bytes,87496979.0,ns,833129
64bit,portable,16,16,bytes,80718623.0,ns,842490
64bit,portable,16,16,bytes,82162008.0,ns,851851
64bit,portable,16,16,bytes,82930404.0,ns,861212
64bit,portable,16,16,bytes,83375753.0,ns,870573
64bit,portable,16,16,bytes,84669973.0,ns,879934
64bit,portable,16,16,bytes,85334462.0,ns,889295
64bit,portable,16,16,bytes,86389014.0,ns,898656
64bit,portable,16,16,bytes,88009016.0,ns,908017
64bit,portable,16,16,bytes,89505743.0,ns,917378
64bit,portable,16,16,bytes,90598768.0,ns,926739
64bit,portable,16,16,bytes,92786303.0,ns,936100
64bit,avx,4096,4096,bytes,981864.0,ns,4541
64bit,avx,4096,4096,bytes,1970901.0,ns,9082
64bit,avx,4096,4096,bytes,2952313.0,ns,13623
64bit,avx,4096,4096,bytes,3936231.0,ns,18164
64bit,avx,4096,4096,bytes,4936178.0,ns,22705
64bit,avx,4096,4096,bytes,5906610.0,ns,27246
64bit,avx,4096,4096,bytes,6914093.0,ns,31787
64bit,avx,4096,4096,bytes,7879545.0,ns,36328
64bit,avx,4096,4096,bytes,8872159.0,ns,40869
64bit,avx,4096,4096,bytes,9849413.0,ns,45410
64bit,avx,4096,4096,bytes,10820286.0,ns,49951
64bit,avx,4096,4096,bytes,11819994.0,ns,54492
64bit,avx,4096,4096,bytes,12830442.0,ns,59033
64bit,avx,4096,4096,bytes,13866048.0,ns,63574
64bit,avx,4096,4096,bytes,14850686.0,ns,68115
64bit,avx,4096,4096,bytes,15766464.0,ns,72656
64bit,avx,4096,4096,bytes,16743889.0,ns,77197
64bit,avx,4096,4096,bytes,17728698.0,ns,81738
64bit,avx,4096,4096,bytes,18867681.0,ns,86279
64bit,avx,4096,4096,bytes,19683598.0,ns,90820
64bit,avx,4096,4096,bytes,20776193.0,ns,95361
64bit,avx,4096,4096,bytes,21781632.0,ns,99902
64bit,avx,4096,4096,bytes,22666009.0,ns,104443
64bit,avx,4096,4096,bytes,23655227.0,ns,108984
64bit,avx,4096,4096,bytes,24666346.0,ns,113525
64bit,avx,4096,4096,bytes,25757758.0,ns,118066
64bit,avx,4096,4096,bytes,26620514.0,ns,122607
64bit,avx,4096,4096,bytes,27570417.0,ns,127148
64bit,avx,4096,4096,bytes,29412763.0,ns,131689
64bit,avx,4096,4096,bytes,30871416.0,ns,136230
64bit,avx,4096,4096,bytes,30653680.0,ns,140771
64bit,avx,4096,4096,bytes,31579978.0,ns,145312
64bit,avx,4096,4096,bytes,32602137.0,ns,149853
64bit,avx,4096,4096,bytes,33528996.0,ns,154394
64bit,avx,4096,4096,bytes,34502574.0,ns,158935
64bit,avx,4096,4096,bytes,35457326.0,ns,163476
64bit,avx,4096,4096,bytes,36442676.0,ns,168017
64bit,avx,4096,4096,bytes,37443947.0,ns,172558
64bit,avx,4096,4096,bytes,38384702.0,ns,177099
64bit,avx,4096,4096,bytes,39434755.0,ns,181640
64bit,avx,4096,4096,bytes,40362996.0,ns,186181
64bit,avx,4096,4096,bytes,41382101.0,ns,190722
64bit,avx,4096,4096,bytes,42310853.0,ns,195263
64bit,avx,4096,4096,bytes,44865999.0,ns,199804
64bit,avx,4096,4096,bytes,45226918.0,ns,204345
64bit,avx,4096,4096,bytes,45371493.0,ns,208886
64bit,avx,4096,4096,bytes,46395798.0,ns,213427
64bit,avx,4096,4096,bytes,47323738.0,ns,217968
64bit,avx,4096,4096,bytes,48482850.0,ns,222509
64bit,avx,4096,4096,bytes,49282526.0,ns,227050
64bit,avx,4096,4096,bytes,50397804.0,ns,231591
64bit,avx,4096,4096,bytes,51319182.0,ns,236132
64bit,avx,4096,4096,bytes,52798695.0,ns,240673
64bit,avx,4096,4096,bytes,55310558.0,ns,245214
64bit,avx,4096,4096,bytes,54551409.0,ns,249755
64bit,avx,4096,4096,bytes,55330236.0,ns,254296
64bit,avx,4096,4096,bytes,59114917.0,ns,258837
64bit,avx,4096,4096,bytes,60392866.0,ns,263378
64bit,avx,4096,4096,bytes,59884125.0,ns,267919
64bit,avx,4096,4096,bytes,59212323.0,ns,272460
64bit,avx,4096,4096,bytes,60164630.0,ns,277001
64bit,avx,4096,4096,bytes,61116336.0,ns,281542
64bit,avx,4096,4096,bytes,62409092.0,ns,286083
64bit,avx,4096,4096,bytes,63076265.0,ns,290624
64bit,avx,4096,4096,bytes,64111461.0,ns,295165
64bit,avx,4096,4096,bytes,65055492.0,ns,299706
64bit,avx,4096,4096,bytes,66450164.0,ns,304247
64bit,avx,4096,4096,bytes,67256562.0,ns,308788
64bit,avx,4096,4096,bytes,68649530.0,ns,313329
64bit,avx,4096,4096,bytes,72318140.0,ns,317870
64bit,avx,4096,4096,bytes,70048018.0,ns,322411
64bit,avx,4096,4096,bytes,70975057.0,ns,326952
64bit,avx,4096,4096,bytes,72504676.0,ns,331493
64bit,avx,4096,4096,bytes,73568806.0,ns,336034
64bit,avx,4096,4096,bytes,73961276.0,ns,340575
64bit,avx,4096,4096,bytes,74889045.0,ns,345116
64bit,avx,4096,4096,bytes,75817748.0,ns,349657
64bit,avx,4096,4096,bytes,77176279.0,ns,354198
64bit,avx,4096,4096,bytes,77895943.0,ns,358739
64bit,avx,4096,4096,bytes,78947560.0,ns,363280
64bit,avx,4096,4096,bytes,80017721.0,ns,367821
64bit,avx,4096,4096,bytes,80939971.0,ns,372362
64bit,avx,4096,4096,bytes,83574798.0,ns,376903
64bit,avx,4096,4096,bytes,83022164.0,ns,381444
64bit,avx,4096,4096,bytes,83789468.0,ns,385985
64bit,avx,4096,4096,bytes,84933612.0,ns,390526
64bit,avx,4096,4096,bytes,85914112.0,ns,395067
64bit,avx,4096,4096,bytes,86822436.0,ns,399608
64bit,avx,4096,4096,bytes,87624215.0,ns,404149
64bit,avx,4096,4096,bytes,89127813.0,ns,408690
64bit,avx,4096,4096,bytes,89764870.0,ns,413231
64bit,avx,4096,4096,bytes,91009224.0,ns,417772
64bit,avx,4096,4096,bytes,91841803.0,ns,422313
64bit,avx,4096,4096,bytes,92709779.0,ns,426854
64bit,avx,4096,4096,bytes,95689775.0,ns,431395
64bit,avx,4096,4096,bytes,95143132.0,ns,435936
64bit,avx,4096,4096,bytes,95892252.0,ns,440477
64bit,avx,4096,4096,bytes,96646591.0,ns,445018
64bit,avx,4096,4096,bytes,100613189.0,ns,449559
64bit,avx,4096,4096,bytes,98761045.0,ns,454100
64bit,avx,256,256,bytes,974911.0,ns,44502
64bit,avx,256,256,bytes,1969188.0,ns,89004
64bit,avx,256,256,bytes,2934188.0,ns,133506
64bit,avx,256,256,bytes,3931222.0,ns,178008
64bit,avx,256,256,bytes,4894380.0,ns,222510
64bit,avx,256,256,bytes,5909767.0,ns,267012
64bit,avx,256,256,bytes,6863036.0,ns,311514
64bit,avx,256,256,bytes,7835302.0,ns,356016
64bit,avx,256,256,bytes,8816995.0,ns,400518
64bit,avx,256,256,bytes,9791995.0,ns,445020
64bit,avx,256,256,bytes,10759481.0,ns,489522
64bit,avx,256,256,bytes,11742137.0,ns,534024
64bit,avx,256,256,bytes,12766250.0,ns,578526
64bit,avx,256,256,bytes,13835741.0,ns,623028
64bit,avx,256,256,bytes,14949737.0,ns,667530
64bit,avx,256,256,bytes,15692464.0,ns,712032
64bit,avx,256,256,bytes,16710046.0,ns,756534
64bit,avx,256,256,bytes,17744490.0,ns,801036
64bit,avx,256,256,bytes,18629950.0,ns,845538
64bit,avx,256,256,bytes,19608667.0,ns,890040
64bit,avx,256,256,bytes,20592404.0,ns,934542
64bit,avx,256,256,bytes,21579649.0,ns,979044
64bit,avx,256,256,bytes,22790318.0,ns,1023546
64bit,avx,256,256,bytes,23679285.0,ns,1068048
64bit,avx,256,256,bytes,24772401.0,ns,1112550
64bit,avx,256,256,bytes,25585562.0,ns,1157052
64bit,avx,256,256,bytes,26482814.0,ns,1201554
64bit,avx,256,256,bytes,27483133.0,ns,1246056
64bit,avx,256,256,bytes,28612488.0,ns,1290558
64bit,avx,256,256,bytes,29360345.0,ns,1335060
64bit,avx,256,256,bytes,30464051.0,ns,1379562
64bit,avx,256,256,bytes,31756418.0,ns,1424064
64bit,avx,256,256,bytes,32316065.0,ns,1468566
64bit,avx,256,256,bytes,33305864.0,ns,1513068
64bit,avx,256,256,bytes,34349756.0,ns,1557570
64bit,avx,256,256,bytes,35725772.0,ns,1602072
64bit,avx,256,256,bytes,38472904.0,ns,1646574
64bit,avx,256,256,bytes,39781962.0,ns,1691076
64bit,avx,256,256,bytes,38692552.0,ns,1735578
64bit,avx,256,256,bytes,39428718.0,ns,1780080
64bit,avx,256,256,bytes,40389250.0,ns,1824582
64bit,avx,256,256,bytes,41284990.0,ns,1869084
64bit,avx,256,256,bytes,42214464.0,ns,1913586
64bit,avx,256,256,bytes,43135210.0,ns,1958088
64bit,avx,256,256,bytes,44195133.0,ns,2002590
64bit,avx,256,256,bytes,45118705.0,ns,2047092
64bit,avx,256,256,bytes,46565446.0,ns,2091594
64bit,avx,256,256,bytes,47422392.0,ns,2136096
64bit,avx,256,256,bytes,48113991.0,ns,2180598
64bit,avx,256,256,bytes,49013007.0,ns,2225100
64bit,avx,256,256,bytes,49997575.0,ns,2269602
64bit,avx,256,256,bytes,51017591.0,ns,2314104
64bit,avx,256,256,bytes,51919462.0,ns,2358606
64bit,avx,256,256,bytes,52884554.0,ns,2403108
64bit,avx,256,256,bytes,54157282.0,ns,2447610
64bit,avx,256,256,bytes,55372842.0,ns,2492112
64bit,avx,256,256,bytes,56124517.0,ns,2536614
64bit,avx,256,256,bytes,57420038.0,ns,2581116
64bit,avx,256,256,bytes,59477425.0,ns,2625618
64bit,avx,256,256,bytes,58798298.0,ns,2670120
64bit,avx,256,256,bytes,59843253.0,ns,2714622
64bit,avx,256,256,bytes,60747638.0,ns,2759124
64bit,avx,256,256,bytes,61679897.0,ns,2803626
64bit,avx,256,256,bytes,62663354.0,ns,2848128
64bit,avx,256,256,bytes,63686977.0,ns,2892630
64bit,avx,256,256,bytes,65561525.0,ns,2937132
64bit,avx,256,256,bytes,66198981.0,ns,2981634
64bit,avx,256,256,bytes,66785259.0,ns,3026136
64bit,avx,256,256,bytes,67831936.0,ns,3070638
64bit,avx,256,256,bytes,68554124.0,ns,3115140
64bit,avx,256,256,bytes,69517504.0,ns,3159642
64bit,avx,256,256,bytes,70385780.0,ns,3204144
64bit,avx,256,256,bytes,71627510.0,ns,3248646
64bit,avx,256,256,bytes,74677228.0,ns,3293148
64bit,avx,256,256,bytes,76203872.0,ns,3337650
64bit,avx,256,256,bytes,77256650.0,ns,3382152
64bit,avx,256,256,bytes,77952227.0,ns,3426654
64bit,avx,256,256,bytes,79236598.0,ns,3471156
64bit,avx,256,256,bytes,77598363.0,ns,3515658
64bit,avx,256,256,bytes,78613931.0,ns,3560160
64bit,avx,256,256,bytes,79267337.0,ns,3604662
64bit,avx,256,256,bytes,80201259.0,ns,3649164
64bit,avx,256,256,bytes,81080066.0,ns,3693666
64bit,avx,256,256,bytes,82304944.0,ns,3738168
64bit,avx,256,256,bytes,83535357.0,ns,3782670
64bit,avx,256,256,bytes,85124363.0,ns,3827172
64bit,avx,256,256,bytes,87231575.0,ns,3871674
64bit,avx,256,256,bytes,86195548.0,ns,3916176
64bit,avx,256,256,bytes,87711029.0,ns,3960678
64bit,avx,256,256,bytes,88691691.0,ns,4005180
64bit,avx,256,256,bytes,90881208.0,ns,4049682
64bit,avx,256,256,bytes,91397073.0,ns,4094184
64bit,avx,256,256,bytes,91222309.0,ns,4138686
64bit,avx,256,256,bytes,92643982.0,ns,4183188
64bit,avx,256,256,bytes,94497689.0,ns,4227690
64bit,avx,256,256,bytes,94549148.0,ns,4272192
64bit,avx,256,256,bytes,95412205.0,ns,4316694
64bit,avx,256,256,bytes,101297636.0,ns,4361196
64bit,avx,256,256,bytes,102657830.0,ns,4405698
64bit,avx,256,256,bytes,97893911.0,ns,4450200
64bit,ahash,1024,1024,bytes,986833.0,ns,51715
64bit,ahash,1024,1024,bytes,1971823.0,ns,103430
64bit,ahash,1024,1024,bytes,2962994.0,ns,155145
64bit,ahash,1024,1024,bytes,3940779.0,ns,206860
64bit,ahash,1024,1024,bytes,4942521.0,ns,258575
64bit,ahash,1024,1024,bytes,5912942.0,ns,310290
64bit,ahash,1024,1024,bytes,6908703.0,ns,362005
64bit,ahash,1024,1024,bytes,7890296.0,ns,413720
64bit,ahash,1024,1024,bytes,8877108.0,ns,465435
64bit,ahash,1024,1024,bytes,9851599.0,ns,517150
64bit,ahash,1024,1024,bytes,10854512.0,ns,568865
64bit,ahash,1024,1024,bytes,11822740.0,ns,620580
64bit,ahash,1024,1024,bytes,12830783.0,ns,672295
64bit,ahash,1024,1024,bytes,13777460.0,ns,724010
64bit,ahash,1024,1024,bytes,14800060.0,ns,775725
64bit,ahash,1024,1024,bytes,15785321.0,ns,827440
64bit,ahash,1024,1024,bytes,16815957.0,ns,879155
64bit,ahash,1024,1024,bytes,17775367.0,ns,930870
64bit,ahash,1024,1024,bytes,18735225.0,ns,982585
64bit,ahash,1024,1024,bytes,19514908.0,ns,1034300
64bit,ahash,1024,1024,bytes,20564501.0,ns,1086015
64bit,ahash,1024,1024,bytes,21658608.0,ns,1137730
64bit,ahash,1024,1024,bytes,22792692.0,ns,1189445
64bit,ahash,1024,1024,bytes,24804681.0,ns,1241160
64bit,ahash,1024,1024,bytes,25245141.0,ns,1292875
64bit,ahash,1024,1024,bytes,25643882.0,ns,1344590
64bit,ahash,1024,1024,bytes,26583425.0,ns,1396305
64bit,ahash,1024,1024,bytes,27632818.0,ns,1448020
64bit,ahash,1024,1024,bytes,28767292.0,ns,1499735
64bit,ahash,1024,1024,bytes,29513646.0,ns,1551450
64bit,ahash,1024,1024,bytes,30602003.0,ns,1603165
64bit,ahash,1024,1024,bytes,31555563.0,ns,1654880
64bit,ahash,1024,1024,bytes,32552354.0,ns,1706595
64bit,ahash,1024,1024,bytes,33516465.0,ns,1758310
64bit,ahash,1024,1024,bytes,34639718.0,ns,1810025
64bit,ahash,1024,1024,bytes,35509457.0,ns,1861740
64bit,ahash,1024,1024,bytes,36444812.0,ns,1913455
64bit,ahash,1024,1024,bytes,37468836.0,ns,1965170
64bit,ahash,1024,1024,bytes,38593632.0,ns,2016885
64bit,ahash,1024,1024,bytes,39449305.0,ns,2068600
64bit,ahash,1024,1024,bytes,40631180.0,ns,2120315
64bit,ahash,1024,1024,bytes,41382484.0,ns,2172030
64bit,ahash,1024,1024,bytes,42657216.0,ns,2223745
64bit,ahash,1024,1024,bytes,43405955.0,ns,2275460
64bit,ahash,1024,1024,bytes,44421362.0,ns,2327175
64bit,ahash,1024,1024,bytes,45181863.0,ns,2378890
64bit,ahash,1024,1024,bytes,46215746.0,ns,2430605
64bit,ahash,1024,1024,bytes,47201458.0,ns,2482320
64bit,ahash,1024,1024,bytes,48202277.0,ns,2534035
64bit,ahash,1024,1024,bytes,49258723.0,ns,2585750
64bit,ahash,1024,1024,bytes,51486525.0,ns,2637465
64bit,ahash,1024,1024,bytes,51189878.0,ns,2689180
64bit,ahash,1024,1024,bytes,52262094.0,ns,2740895
64bit,ahash,1024,1024,bytes,53352895.0,ns,2792610
64bit,ahash,1024,1024,bytes,54267500.0,ns,2844325
64bit,ahash,1024,1024,bytes,55203857.0,ns,2896040
64bit,ahash,1024,1024,bytes,56821288.0,ns,2947755
64bit,ahash,1024,1024,bytes,57846049.0,ns,2999470
64bit,ahash,1024,1024,bytes,58468085.0,ns,3051185
64bit,ahash,1024,1024,bytes,59380437.0,ns,3102900
64bit,ahash,1024,1024,bytes,60339928.0,ns,3154615
64bit,ahash,1024,1024,bytes,61315028.0,ns,3206330
64bit,ahash,1024,1024,bytes,62228451.0,ns,3258045
64bit,ahash,1024,1024,bytes,63194945.0,ns,3309760
64bit,ahash,1024,1024,bytes,64063973.0,ns,3361475
64bit,ahash,1024,1024,bytes,65065374.0,ns,3413190
64bit,ahash,1024,1024,bytes,66030676.0,ns,3464905
64bit,ahash,1024,1024,bytes,68820940.0,ns,3516620
64bit,ahash,1024,1024,bytes,68145632.0,ns,3568335
64bit,ahash,1024,1024,bytes,69267663.0,ns,3620050
64bit,ahash,1024,1024,bytes,70120490.0,ns,3671765
64bit,ahash,1024,1024,bytes,71037450.0,ns,3723480
64bit,ahash,1024,1024,bytes,72000488.0,ns,3775195
64bit,ahash,1024,1024,bytes,73081009.0,ns,3826910
64bit,ahash,1024,1024,bytes,74147134.0,ns,3878625
64bit,ahash,1024,1024,bytes,74888889.0,ns,3930340
64bit,ahash,1024,1024,bytes,76412046.0,ns,3982055
64bit,ahash,1024,1024,bytes,77841513.0,ns,4033770
64bit,ahash,1024,1024,bytes,78122699.0,ns,4085485
64bit,ahash,1024,1024,bytes,79501301.0,ns,4137200
64bit,ahash,1024,1024,bytes,81338285.0,ns,4188915
64bit,ahash,1024,1024,bytes,81848779.0,ns,4240630
64bit,ahash,1024,1024,bytes,82050023.0,ns,4292345
64bit,ahash,1024,1024,bytes,83184428.0,ns,4344060
64bit,ahash,1024,1024,bytes,83985246.0,ns,4395775
64bit,ahash,1024,1024,bytes,85119250.0,ns,4447490
64bit,ahash,1024,1024,bytes,86121772.0,ns,4499205
64bit,ahash,1024,1024,bytes,87035847.0,ns,4550920
64bit,ahash,1024,1024,bytes,87965180.0,ns,4602635
64bit,ahash,1024,1024,bytes,88900496.0,ns,4654350
64bit,ahash,1024,1024,bytes,89753713.0,ns,4706065
64bit,ahash,1024,1024,bytes,90687104.0,ns,4757780
64bit,ahash,1024,1024,bytes,93591046.0,ns,4809495
64bit,ahash,1024,1024,bytes,92887733.0,ns,4861210
64bit,ahash,1024,1024,bytes,93997922.0,ns,4912925
64bit,ahash,1024,1024,bytes,94752662.0,ns,4964640
64bit,ahash,1024,1024,bytes,95972951.0,ns,5016355
64bit,ahash,1024,1024,bytes,96972989.0,ns,5068070
64bit,ahash,1024,1024,bytes,97989959.0,ns,5119785
64bit,ahash,1024,1024,bytes,98717799.0,ns,5171500
64bit,ahash,65536,65536,bytes,989208.0,ns,801
64bit,ahash,65536,65536,bytes,1974748.0,ns,1602
64bit,ahash,65536,65536,bytes,2963575.0,ns,2403
64bit,ahash,65536,65536,bytes,3948795.0,ns,3204
64bit,ahash,65536,65536,bytes,4924526.0,ns,4005
64bit,ahash,65536,65536,bytes,5914675.0,ns,4806
64bit,ahash,65536,65536,bytes,6937928.0,ns,5607
64bit,ahash,65536,65536,bytes,7914160.0,ns,6408
64bit,ahash,65536,65536,bytes,8884401.0,ns,7209
64bit,ahash,65536,65536,bytes,9881444.0,ns,8010
64bit,ahash,65536,65536,bytes,10871002.0,ns,8811
64bit,ahash,65536,65536,bytes,11848578.0,ns,9612
64bit,ahash,65536,65536,bytes,12848876.0,ns,10413
64bit,ahash,65536,65536,bytes,13940268.0,ns,11214
64bit,ahash,65536,65536,bytes,14903807.0,ns,12015
64bit,ahash,65536,65536,bytes,15845193.0,ns,12816
64bit,ahash,65536,65536,bytes,16793903.0,ns,13617
64bit,ahash,65536,65536,bytes,17783552.0,ns,14418
64bit,ahash,65536,65536,bytes,19619775.0,ns,15219
64bit,ahash,65536,65536,bytes,21099489.0,ns,16020
64bit,ahash,65536,65536,bytes,20945084.0,ns,16821
64bit,ahash,65536,65536,bytes,21694584.0,ns,17622
64bit,ahash,65536,65536,bytes,22716293.0,ns,18423
64bit,ahash,65536,65536,bytes,23716512.0,ns,19224
64bit,ahash,65536,65536,bytes,24690490.0,ns,20025
64bit,ahash,65536,65536,bytes,25789958.0,ns,20826
64bit,ahash,65536,65536,bytes,26740812.0,ns,21627
64bit,ahash,65536,65536,bytes,27650247.0,ns,22428
64bit,ahash,65536,65536,bytes,28665114.0,ns,23229
64bit,ahash,65536,65536,bytes,29694468.0,ns,24030
64bit,ahash,65536,65536,bytes,30638730.0,ns,24831
64bit,ahash,65536,65536,bytes,31544107.0,ns,25632
64bit,ahash,65536,65536,bytes,32531271.0,ns,26433
64bit,ahash,65536,65536,bytes,33544354.0,ns,27234
64bit,ahash,65536,65536,bytes,34918606.0,ns,28035
64bit,ahash,65536,65536,bytes,35743229.0,ns,28836
64bit,ahash,65536,65536,bytes,36946094.0,ns,29637
64bit,ahash,65536,65536,bytes,37486715.0,ns,30438
64bit,ahash,65536,65536,bytes,38555615.0,ns,31239
64bit,ahash,65536,65536,bytes,39531517.0,ns,32040
64bit,ahash,65536,65536,bytes,40673747.0,ns,32841
64bit,ahash,65536,65536,bytes,41504953.0,ns,33642
64bit,ahash,65536,65536,bytes,42340116.0,ns,34443
64bit,ahash,65536,65536,bytes,43387725.0,ns,35244
64bit,ahash,65536,65536,bytes,45401798.0,ns,36045
64bit,ahash,65536,65536,bytes,45822080.0,ns,36846
64bit,ahash,65536,65536,bytes,46303439.0,ns,37647
64bit,ahash,65536,65536,bytes,47359664.0,ns,38448
64bit,ahash,65536,65536,bytes,50316195.0,ns,39249
64bit,ahash,65536,65536,bytes,50300575.0,ns,40050
64bit,ahash,65536,65536,bytes,50330212.0,ns,40851
64bit,ahash,65536,65536,bytes,51432915.0,ns,41652
64bit,ahash,65536,65536,bytes,52566739.0,ns,42453
64bit,ahash,65536,65536,bytes,53321449.0,ns,43254
64bit,ahash,65536,65536,bytes,54291029.0,ns,44055
64bit,ahash,65536,65536,bytes,55184122.0,ns,44856
64bit,ahash,65536,65536,bytes,56248203.0,ns,45657
64bit,ahash,65536,65536,bytes,57514158.0,ns,46458
64bit,ahash,65536,65536,bytes,58422222.0,ns,47259
64bit,ahash,65536,65536,bytes,59317680.0,ns,48060
64bit,ahash,65536,65536,bytes,60917212.0,ns,48861
64bit,ahash,65536,65536,bytes,61142703.0,ns,49662
64bit,ahash,65536,65536,bytes,62408668.0,ns,50463
64bit,ahash,65536,65536,bytes,63242258.0,ns,51264
64bit,ahash,65536,65536,bytes,64109182.0,ns,52065
64bit,ahash,65536,65536,bytes,65705818.0,ns,52866
64bit,ahash,65536,65536,bytes,67994275.0,ns,53667
64bit,ahash,65536,65536,bytes,67111641.0,ns,54468
64bit,ahash,65536,65536,bytes,68317131.0,ns,55269
64bit,ahash,65536,65536,bytes,69097420.0,ns,56070
64bit,ahash,65536,65536,bytes,70087619.0,ns,56871
64bit,ahash,65536,65536,bytes,71006212.0,ns,57672
64bit,ahash,65536,65536,bytes,71978637.0,ns,58473
64bit,ahash,65536,65536,bytes,73550296.0,ns,59274
64bit,ahash,65536,65536,bytes,74003681.0,ns,60075
64bit,ahash,65536,65536,bytes,75189164.0,ns,60876
64bit,ahash,65536,65536,bytes,76036239.0,ns,61677
64bit,ahash,65536,65536,bytes,77043481.0,ns,62478
64bit,ahash,65536,65536,bytes,77827717.0,ns,63279
64bit,ahash,65536,65536,bytes,79380811.0,ns,64080
64bit,ahash,65536,65536,bytes,82331666.0,ns,64881
64bit,ahash,65536,65536,bytes,80932412.0,ns,65682
64bit,ahash,65536,65536,bytes,82653555.0,ns,66483
64bit,ahash,65536,65536,bytes,84031705.0,ns,67284
64bit,ahash,65536,65536,bytes,84463128.0,ns,68085
64bit,ahash,65536,65536,bytes,85103801.0,ns,68886
64bit,ahash,65536,65536,bytes,86013706.0,ns,69687
64bit,ahash,65536,65536,bytes,87115008.0,ns,70488
64bit,ahash,65536,65536,bytes,87768174.0,ns,71289
64bit,ahash,65536,65536,bytes,88904983.0,ns,72090
64bit,ahash,65536,65536,bytes,89752961.0,ns,72891
64bit,ahash,65536,65536,bytes,92157418.0,ns,73692
64bit,ahash,65536,65536,bytes,91909376.0,ns,74493
64bit,ahash,65536,65536,bytes,92845963.0,ns,75294
64bit,ahash,65536,65536,bytes,93782390.0,ns,76095
64bit,ahash,65536,65536,bytes,94721842.0,ns,76896
64bit,ahash,65536,65536,bytes,95860760.0,ns,77697
64bit,ahash,65536,65536,bytes,96884478.0,ns,78498
64bit,ahash,65536,65536,bytes,98125756.0,ns,79299
64bit,ahash,65536,65536,bytes,99238169.0,ns,80100
64bit,t1ha,4096,4096,bytes,981473.0,ns,25603
64bit,t1ha,4096,4096,bytes,1968166.0,ns,51206
64bit,t1ha,4096,4096,bytes,2980578.0,ns,76809
64bit,t1ha,4096,4096,bytes,3970817.0,ns,102412
64bit,t1ha,4096,4096,bytes,4939324.0,ns,128015
64bit,t1ha,4096,4096,bytes,5994879.0,ns,153618
64bit,t1ha,4096,4096,bytes,6930565.0,ns,179221
64bit,t1ha,4096,4096,bytes,7934250.0,ns,204824
64bit,t1ha,4096,4096,bytes,8993300.0,ns,230427
64bit,t1ha,4096,4096,bytes,9837040.0,ns,256030
64bit,t1ha,4096,4096,bytes,10824975.0,ns,281633
64bit,t1ha,4096,4096,bytes,11828600.0,ns,307236
64bit,t1ha,4096,4096,bytes,12843417.0,ns,332839
64bit,t1ha,4096,4096,bytes,13826422.0,ns,358442
64bit,t1ha,4096,4096,bytes,14868551.0,ns,384045
64bit,t1ha,4096,4096,bytes,15839283.0,ns,409648
64bit,t1ha,4096,4096,bytes,16822018.0,ns,435251
64bit,t1ha,4096,4096,bytes,17759808.0,ns,460854
64bit,t1ha,4096,4096,bytes,18838025.0,ns,486457
64bit,t1ha,4096,4096,bytes,19679671.0,ns,512060
64bit,t1ha,4096,4096,bytes,20734473.0,ns,537663
64bit,t1ha,4096,4096,bytes,21702401.0,ns,563266
64bit,t1ha,4096,4096,bytes,22687279.0,ns,588869
64bit,t1ha,4096,4096,bytes,23868774.0,ns,614472
64bit,t1ha,4096,4096,bytes,24595571.0,ns,640075
64bit,t1ha,4096,4096,bytes,25572906.0,ns,665678
64bit,t1ha,4096,4096,bytes,26599384.0,ns,691281
64bit,t1ha,4096,4096,bytes,27571650.0,ns,716884
64bit,t1ha,4096,4096,bytes,28665547.0,ns,742487
64bit,t1ha,4096,4096,bytes,29544333.0,ns,768090
64bit,t1ha,4096,4096,bytes,30456374.0,ns,793693
64bit,t1ha,4096,4096,bytes,31519573.0,ns,819296
64bit,t1ha,4096,4096,bytes,32677241.0,ns,844899
64bit,t1ha,4096,4096,bytes,33502396.0,ns,870502
64bit,t1ha,4096,4096,bytes,34602155.0,ns,896105
64bit,t1ha,4096,4096,bytes,35495680.0,ns,921708
64bit,t1ha,4096,4096,bytes,36785540.0,ns,947311
64bit,t1ha,4096,4096,bytes,37549629.0,ns,972914
64bit,t1ha,4096,4096,bytes,38470636.0,ns,998517
64bit,t1ha,4096,4096,bytes,40336536.0,ns,1024120
64bit,t1ha,4096,4096,bytes,40981527.0,ns,1049723
64bit,t1ha,4096,4096,bytes,41346484.0,ns,1075326
64bit,t1ha,4096,4096,bytes,42355429.0,ns,1100929
64bit,t1ha,4096,4096,bytes,43324798.0,ns,1126532
64bit,t1ha,4096,4096,bytes,44288677.0,ns,1152135
64bit,t1ha,4096,4096,bytes,45312291.0,ns,1177738
64bit,t1ha,4096,4096,bytes,46321737.0,ns,1203341
64bit,t1ha,4096,4096,bytes,47240630.0,ns,1228944
64bit,t1ha,4096,4096,bytes,48242151.0,ns,1254547
64bit,t1ha,4096,4096,bytes,49278328.0,ns,1280150
64bit,t1ha,4096,4096,bytes,51046592.0,ns,1305753
64bit,t1ha,4096,4096,bytes,51426171.0,ns,1331356
64bit,t1ha,4096,4096,bytes,52025671.0,ns,1356959
64bit,t1ha,4096,4096,bytes,53171497.0,ns,1382562
64bit,t1ha,4096,4096,bytes,53992453.0,ns,1408165
64bit,t1ha,4096,4096,bytes,55029663.0,ns,1433768
64bit,t1ha,4096,4096,bytes,56052975.0,ns,1459371
64bit,t1ha,4096,4096,bytes,56981627.0,ns,1484974
64bit,t1ha,4096,4096,bytes,57935457.0,ns,1510577
64bit,t1ha,4096,4096,bytes,59268681.0,ns,1536180
64bit,t1ha,4096,4096,bytes,61258698.0,ns,1561783
64bit,t1ha,4096,4096,bytes,60832435.0,ns,1587386
64bit,t1ha,4096,4096,bytes,63468305.0,ns,1612989
64bit,t1ha,4096,4096,bytes,62885622.0,ns,1638592
64bit,t1ha,4096,4096,bytes,64051407.0,ns,1664195
64bit,t1ha,4096,4096,bytes,65039372.0,ns,1689798
64bit,t1ha,4096,4096,bytes,65954288.0,ns,1715401
64bit,t1ha,4096,4096,bytes,67183503.0,ns,1741004
64bit,t1ha,4096,4096,bytes,68291137.0,ns,1766607
64bit,t1ha,4096,4096,bytes,69158662.0,ns,1792210
64bit,t1ha,4096,4096,bytes,70673733.0,ns,1817813
64bit,t1ha,4096,4096,bytes,71483217.0,ns,1843416
64bit,t1ha,4096,4096,bytes,74741234.0,ns,1869019
64bit,t1ha,4096,4096,bytes,73510295.0,ns,1894622
64bit,t1ha,4096,4096,bytes,74713341.0,ns,1920225
64bit,t1ha,4096,4096,bytes,76129052.0,ns,1945828
64bit,t1ha,4096,4096,bytes,75790877.0,ns,1971431
64bit,t1ha,4096,4096,bytes,77110315.0,ns,1997034
64bit,t1ha,4096,4096,bytes,77661716.0,ns,2022637
64bit,t1ha,4096,4096,bytes,78456713.0,ns,2048240
64bit,t1ha,4096,4096,bytes,79744230.0,ns,2073843
64bit,t1ha,4096,4096,bytes,81111730.0,ns,2099446
64bit,t1ha,4096,4096,bytes,81639547.0,ns,2125049
64bit,t1ha,4096,4096,bytes,82578548.0,ns,2150652
64bit,t1ha,4096,4096,bytes,83754743.0,ns,2176255
64bit,t1ha,4096,4096,bytes,84750142.0,ns,2201858
64bit,t1ha,4096,4096,bytes,85728670.0,ns,2227461
64bit,t1ha,4096,4096,bytes,88981867.0,ns,2253064
64bit,t1ha,4096,4096,bytes,91607798.0,ns,2278667
64bit,t1ha,4096,4096,bytes,89169835.0,ns,2304270
64bit,t1ha,4096,4096,bytes,89570760.0,ns,2329873
64bit,t1ha,4096,4096,bytes,90438536.0,ns,2355476
64bit,t1ha,4096,4096,bytes,91633737.0,ns,2381079
64bit,t1ha,4096,4096,bytes,92240475.0,ns,2406682
64bit,t1ha,4096,4096,bytes,93485019.0,ns,2432285
64bit,t1ha,4096,4096,bytes,94597972.0,ns,2457888
64bit,t1ha,4096,4096,bytes,95918112.0,ns,2483491
64bit,t1ha,4096,4096,bytes,96881861.0,ns,2509094
64bit,t1ha,4096,4096,bytes,98744455.0,ns,2534697
64bit,t1ha,4096,4096,bytes,98618835.0,ns,2560300
64bit,ahash,16384,16384,bytes,946756.0,ns,3073
64bit,ahash,16384,16384,bytes,1902370.0,ns,6146
64bit,ahash,16384,16384,bytes,2846922.0,ns,9219
64bit,ahash,16384,16384,bytes,3789851.0,ns,12292
64bit,ahash,16384,16384,bytes,4775382.0,ns,15365
64bit,ahash,16384,16384,bytes,5706648.0,ns,18438
64bit,ahash,16384,16384,bytes,6629490.0,ns,21511
64bit,ahash,16384,16384,bytes,7628636.0,ns,24584
64bit,ahash,16384,16384,bytes,8548982.0,ns,27657
64bit,ahash,16384,16384,bytes,9493645.0,ns,30730
64bit,ahash,16384,16384,bytes,10531054.0,ns,33803
64bit,ahash,16384,16384,bytes,11531203.0,ns,36876
64bit,ahash,16384,16384,bytes,12775666.0,ns,39949
64bit,ahash,16384,16384,bytes,13422902.0,ns,43022
64bit,ahash,16384,16384,bytes,14348107.0,ns,46095
64bit,ahash,16384,16384,bytes,15435492.0,ns,49168
64bit,ahash,16384,16384,bytes,16567151.0,ns,52241
64bit,ahash,16384,16384,bytes,17476647.0,ns,55314
64bit,ahash,16384,16384,bytes,18272104.0,ns,58387
64bit,ahash,16384,16384,bytes,19357505.0,ns,61460
64bit,ahash,16384,16384,bytes,20395597.0,ns,64533
64bit,ahash,16384,16384,bytes,21679326.0,ns,67606
64bit,ahash,16384,16384,bytes,22397706.0,ns,70679
64bit,ahash,16384,16384,bytes,23560816.0,ns,73752
64bit,ahash,16384,16384,bytes,23857451.0,ns,76825
64bit,ahash,16384,16384,bytes,24720488.0,ns,79898
64bit,ahash,16384,16384,bytes,25838191.0,ns,82971
64bit,ahash,16384,16384,bytes,26679135.0,ns,86044
64bit,ahash,16384,16384,bytes,27653525.0,ns,89117
64bit,ahash,16384,16384,bytes,28814871.0,ns,92190
64bit,ahash,16384,16384,bytes,30087459.0,ns,95263
64bit,ahash,16384,16384,bytes,30683306.0,ns,98336
64bit,ahash,16384,16384,bytes,31530151.0,ns,101409
64bit,ahash,16384,16384,bytes,32471238.0,ns,104482
64bit,ahash,16384,16384,bytes,33426530.0,ns,107555
64bit,ahash,16384,16384,bytes,34394426.0,ns,110628
64bit,ahash,16384,16384,bytes,35360690.0,ns,113701
64bit,ahash,16384,16384,bytes,36297458.0,ns,116774
64bit,ahash,16384,16384,bytes,37400332.0,ns,119847
64bit,ahash,16384,16384,bytes,39307641.0,ns,122920
64bit,ahash,16384,16384,bytes,41033975.0,ns,125993
64bit,ahash,16384,16384,bytes,40754823.0,ns,129066
64bit,ahash,16384,16384,bytes,41345590.0,ns,132139
64bit,ahash,16384,16384,bytes,42443004.0,ns,135212
64bit,ahash,16384,16384,bytes,43375253.0,ns,138285
64bit,ahash,16384,16384,bytes,43940351.0,ns,141358
64bit,ahash,16384,16384,bytes,45157383.0,ns,144431
64bit,ahash,16384,16384,bytes,45952431.0,ns,147504
64bit,ahash,16384,16384,bytes,46724613.0,ns,150577
64bit,ahash,16384,16384,bytes,49893330.0,ns,153650
64bit,ahash,16384,16384,bytes,49753233.0,ns,156723
64bit,ahash,16384,16384,bytes,49942433.0,ns,159796
64bit,ahash,16384,16384,bytes,50691423.0,ns,162869
64bit,ahash,16384,16384,bytes,52507738.0,ns,165942
64bit,ahash,16384,16384,bytes,52755851.0,ns,169015
64bit,ahash,16384,16384,bytes,53901527.0,ns,172088
64bit,ahash,16384,16384,bytes,54446999.0,ns,175161
64bit,ahash,16384,16384,bytes,55447667.0,ns,178234
64bit,ahash,16384,16384,bytes,56723462.0,ns,181307
64bit,ahash,16384,16384,bytes,58359233.0,ns,184380
64bit,ahash,16384,16384,bytes,61010572.0,ns,187453
64bit,ahash,16384,16384,bytes,59600551.0,ns,190526
64bit,ahash,16384,16384,bytes,59937885.0,ns,193599
64bit,ahash,16384,16384,bytes,61901622.0,ns,196672
64bit,ahash,16384,16384,bytes,61997395.0,ns,199745
64bit,ahash,16384,16384,bytes,63449275.0,ns,202818
64bit,ahash,16384,16384,bytes,64053408.0,ns,205891
64bit,ahash,16384,16384,bytes,64907257.0,ns,208964
64bit,ahash,16384,16384,bytes,67017433.0,ns,212037
64bit,ahash,16384,16384,bytes,67165616.0,ns,215110
64bit,ahash,16384,16384,bytes,67730664.0,ns,218183
64bit,ahash,16384,16384,bytes,68955661.0,ns,221256
64bit,ahash,16384,16384,bytes,69805744.0,ns,224329
64bit,ahash,16384,16384,bytes,70583067.0,ns,227402
64bit,ahash,16384,16384,bytes,71703956.0,ns,230475
64bit,ahash,16384,16384,bytes,75450374.0,ns,233548
64bit,ahash,16384,16384,bytes,73949340.0,ns,236621
64bit,ahash,16384,16384,bytes,76890272.0,ns,239694
64bit,ahash,16384,16384,bytes,77719153.0,ns,242767
64bit,ahash,16384,16384,bytes,77847453.0,ns,245840
64bit,ahash,16384,16384,bytes,77320832.0,ns,248913
64bit,ahash,16384,16384,bytes,79029202.0,ns,251986
64bit,ahash,16384,16384,bytes,81528041.0,ns,255059
64bit,ahash,16384,16384,bytes,79967744.0,ns,258132
64bit,ahash,16384,16384,bytes,81537579.0,ns,261205
64bit,ahash,16384,16384,bytes,82501358.0,ns,264278
64bit,ahash,16384,16384,bytes,83140938.0,ns,267351
64bit,ahash,16384,16384,bytes,85010806.0,ns,270424
64bit,ahash,16384,16384,bytes,88013244.0,ns,273497
64bit,ahash,16384,16384,bytes,88080041.0,ns,276570
64bit,ahash,16384,16384,bytes,89228504.0,ns,279643
64bit,ahash,16384,16384,bytes,89418275.0,ns,282716
64bit,ahash,16384,16384,bytes,88884022.0,ns,285789
64bit,ahash,16384,16384,bytes,89262098.0,ns,288862
64bit,ahash,16384,16384,bytes,92829595.0,ns,291935
64bit,ahash,16384,16384,bytes,92603323.0,ns,295008
64bit,ahash,16384,16384,bytes,93437124.0,ns,298081
64bit,ahash,16384,16384,bytes,94445447.0,ns,301154
64bit,ahash,16384,16384,bytes,95907437.0,ns,304227
64bit,ahash,16384,16384,bytes,98077679.0,ns,307300
64bit,ahash,1,1,bytes,997634.0,ns,652478
64bit,ahash,1,1,bytes,1962024.0,ns,1304956
64bit,ahash,1,1,bytes,2961913.0,ns,1957434
64bit,ahash,1,1,bytes,3927195.0,ns,2609912
64bit,ahash,1,1,bytes,4903157.0,ns,3262390
64bit,ahash,1,1,bytes,5875563.0,ns,3914868
64bit,ahash,1,1,bytes,6854452.0,ns,4567346
64bit,ahash,1,1,bytes,7861224.0,ns,5219824
64bit,ahash,1,1,bytes,8959620.0,ns,5872302
64bit,ahash,1,1,bytes,9779806.0,ns,6524780
64bit,ahash,1,1,bytes,10795043.0,ns,7177258
64bit,ahash,1,1,bytes,11745978.0,ns,7829736
64bit,ahash,1,1,bytes,12732169.0,ns,8482214
64bit,ahash,1,1,bytes,13719013.0,ns,9134692
64bit,ahash,1,1,bytes,14718832.0,ns,9787170
64bit,ahash,1,1,bytes,15688723.0,ns,10439648
64bit,ahash,1,1,bytes,18338019.0,ns,11092126
64bit,ahash,1,1,bytes,18508784.0,ns,11744604
64bit,ahash,1,1,bytes,20125952.0,ns,12397082
64bit,ahash,1,1,bytes,21100892.0,ns,13049560
64bit,ahash,1,1,bytes,20772325.0,ns,13702038
64bit,ahash,1,1,bytes,21919194.0,ns,14354516
64bit,ahash,1,1,bytes,23791246.0,ns,15006994
64bit,ahash,1,1,bytes,25468337.0,ns,15659472
64bit,ahash,1,1,bytes,24511010.0,ns,16311950
64bit,ahash,1,1,bytes,25450713.0,ns,16964428
64bit,ahash,1,1,bytes,26486139.0,ns,17616906
64bit,ahash,1,1,bytes,27399122.0,ns,18269384
64bit,ahash,1,1,bytes,28392177.0,ns,18921862
64bit,ahash,1,1,bytes,29326871.0,ns,19574340
64bit,ahash,1,1,bytes,30398006.0,ns,20226818
64bit,ahash,1,1,bytes,31320146.0,ns,20879296
64bit,ahash,1,1,bytes,32298603.0,ns,21531774
64bit,ahash,1,1,bytes,33289053.0,ns,22184252
64bit,ahash,1,1,bytes,35554346.0,ns,22836730
64bit,ahash,1,1,bytes,35747525.0,ns,23489208
64bit,ahash,1,1,bytes,36299860.0,ns,24141686
64bit,ahash,1,1,bytes,37502505.0,ns,24794164
64bit,ahash,1,1,bytes,38580362.0,ns,25446642
64bit,ahash,1,1,bytes,39295247.0,ns,26099120
64bit,ahash,1,1,bytes,40256781.0,ns,26751598
64bit,ahash,1,1,bytes,41408479.0,ns,27404076
64bit,ahash,1,1,bytes,42416323.0,ns,28056554
64bit,ahash,1,1,bytes,43153910.0,ns,28709032
64bit,ahash,1,1,bytes,44009774.0,ns,29361510
64bit,ahash,1,1,bytes,45590821.0,ns,30013988
64bit,ahash,1,1,bytes,46488504.0,ns,30666466
64bit,ahash,1,1,bytes,46974863.0,ns,31318944
64bit,ahash,1,1,bytes,48020328.0,ns,31971422
64bit,ahash,1,1,bytes,49005317.0,ns,32623900
64bit,ahash,1,1,bytes,50903100.0,ns,33276378
64bit,ahash,1,1,bytes,50980198.0,ns,33928856
64bit,ahash,1,1,bytes,51938325.0,ns,34581334
64bit,ahash,1,1,bytes,53084373.0,ns,35233812
64bit,ahash,1,1,bytes,54315163.0,ns,35886290
64bit,ahash,1,1,bytes,54797432.0,ns,36538768
64bit,ahash,1,1,bytes,55784106.0,ns,37191246
64bit,ahash,1,1,bytes,56849178.0,ns,37843724
64bit,ahash,1,1,bytes,57839618.0,ns,38496202
64bit,ahash,1,1,bytes,58804320.0,ns,39148680
64bit,ahash,1,1,bytes,59806352.0,ns,39801158
64bit,ahash,1,1,bytes,60817492.0,ns,40453636
64bit,ahash,1,1,bytes,62089830.0,ns,41106114
64bit,ahash,1,1,bytes,62569626.0,ns,41758592
64bit,ahash,1,1,bytes,63675837.0,ns,42411070
64bit,ahash,1,1,bytes,64825512.0,ns,43063548
64bit,ahash,1,1,bytes,66602067.0,ns,43716026
64bit,ahash,1,1,bytes,69682401.0,ns,44368504
64bit,ahash,1,1,bytes,67771513.0,ns,45020982
64bit,ahash,1,1,bytes,68837929.0,ns,45673460
64bit,ahash,1,1,bytes,72044189.0,ns,46325938
64bit,ahash,1,1,bytes,71775676.0,ns,46978416
64bit,ahash,1,1,bytes,74255408.0,ns,47630894
64bit,ahash,1,1,bytes,76885648.0,ns,48283372
64bit,ahash,1,1,bytes,75511957.0,ns,48935850
64bit,ahash,1,1,bytes,74737158.0,ns,49588328
64bit,ahash,1,1,bytes,76120117.0,ns,50240806
64bit,ahash,1,1,bytes,76659166.0,ns,50893284
64bit,ahash,1,1,bytes,77443444.0,ns,51545762
64bit,ahash,1,1,bytes,78797978.0,ns,52198240
64bit,ahash,1,1,bytes,81333237.0,ns,52850718
64bit,ahash,1,1,bytes,81180305.0,ns,53503196
64bit,ahash,1,1,bytes,82010315.0,ns,54155674
64bit,ahash,1,1,bytes,82099550.0,ns,54808152
64bit,ahash,1,1,bytes,83491205.0,ns,55460630
64bit,ahash,1,1,bytes,84525950.0,ns,56113108
64bit,ahash,1,1,bytes,85059227.0,ns,56765586
64bit,ahash,1,1,bytes,86101126.0,ns,57418064
64bit,ahash,1,1,bytes,87492923.0,ns,58070542
64bit,ahash,1,1,bytes,88368113.0,ns,58723020
64bit,ahash,1,1,bytes,89033162.0,ns,59375498
64bit,ahash,1,1,bytes,89974960.0,ns,60027976
64bit,ahash,1,1,bytes,92764934.0,ns,60680454
64bit,ahash,1,1,bytes,93027455.0,ns,61332932
64bit,ahash,1,1,bytes,94173342.0,ns,61985410
64bit,ahash,1,1,bytes,93932302.0,ns,62637888
64bit,ahash,1,1,bytes,95053592.0,ns,63290366
64bit,ahash,1,1,bytes,96079180.0,ns,63942844
64bit,ahash,1,1,bytes,97150324.0,ns,64595322
64bit,ahash,1,1,bytes,98634867.0,ns,65247800
64bit,avx,4,4,bytes,911630.0,ns,39919
64bit,avx,4,4,bytes,1868176.0,ns,79838
64bit,avx,4,4,bytes,2759807.0,ns,119757
64bit,avx,4,4,bytes,3679603.0,ns,159676
64bit,avx,4,4,bytes,4676465.0,ns,199595
64bit,avx,4,4,bytes,5558258.0,ns,239514
64bit,avx,4,4,bytes,6366570.0,ns,279433
64bit,avx,4,4,bytes,7490325.0,ns,319352
64bit,avx,4,4,bytes,8543896.0,ns,359271
64bit,avx,4,4,bytes,10570693.0,ns,399190
64bit,avx,4,4,bytes,10935389.0,ns,439109
64bit,avx,4,4,bytes,12485468.0,ns,479028
64bit,avx,4,4,bytes,13462292.0,ns,518947
64bit,avx,4,4,bytes,14017241.0,ns,558866
64bit,avx,4,4,bytes,14930304.0,ns,598785
64bit,avx,4,4,bytes,16232859.0,ns,638704
64bit,avx,4,4,bytes,17167091.0,ns,678623
64bit,avx,4,4,bytes,18251201.0,ns,718542
64bit,avx,4,4,bytes,19659949.0,ns,758461
64bit,avx,4,4,bytes,24018562.0,ns,798380
64bit,avx,4,4,bytes,23896176.0,ns,838299
64bit,avx,4,4,bytes,22643554.0,ns,878218
64bit,avx,4,4,bytes,23133118.0,ns,918137
64bit,avx,4,4,bytes,24496156.0,ns,958056
64bit,avx,4,4,bytes,25447269.0,ns,997975
64bit,avx,4,4,bytes,25801871.0,ns,1037894
64bit,avx,4,4,bytes,27094102.0,ns,1077813
64bit,avx,4,4,bytes,27850931.0,ns,1117732
64bit,avx,4,4,bytes,29378847.0,ns,1157651
64bit,avx,4,4,bytes,30740346.0,ns,1197570
64bit,avx,4,4,bytes,34697662.0,ns,1237489
64bit,avx,4,4,bytes,36197805.0,ns,1277408
64bit,avx,4,4,bytes,35406955.0,ns,1317327
64bit,avx,4,4,bytes,35872811.0,ns,1357246
64bit,avx,4,4,bytes,37716353.0,ns,1397165
64bit,avx,4,4,bytes,38337069.0,ns,1437084
64bit,avx,4,4,bytes,39628768.0,ns,1477003
64bit,avx,4,4,bytes,40679623.0,ns,1516922
64bit,avx,4,4,bytes,39949270.0,ns,1556841
64bit,avx,4,4,bytes,40260464.0,ns,1596760
64bit,avx,4,4,bytes,43019308.0,ns,1636679
64bit,avx,4,4,bytes,44056127.0,ns,1676598
64bit,avx,4,4,bytes,46521342.0,ns,1716517
64bit,avx,4,4,bytes,44580288.0,ns,1756436
64bit,avx,4,4,bytes,41695683.0,ns,1796355
64bit,avx,4,4,bytes,42585611.0,ns,1836274
64bit,avx,4,4,bytes,45627897.0,ns,1876193
64bit,avx,4,4,bytes,47488438.0,ns,1916112
64bit,avx,4,4,bytes,46151948.0,ns,1956031
64bit,avx,4,4,bytes,46769195.0,ns,1995950
64bit,avx,4,4,bytes,48162203.0,ns,2035869
64bit,avx,4,4,bytes,51454000.0,ns,2075788
64bit,avx,4,4,bytes,55178143.0,ns,2115707
64bit,avx,4,4,bytes,52622246.0,ns,2155626
64bit,avx,4,4,bytes,52392086.0,ns,2195545
64bit,avx,4,4,bytes,53913309.0,ns,2235464
64bit,avx,4,4,bytes,55609486.0,ns,2275383
64bit,avx,4,4,bytes,56911731.0,ns,2315302
64bit,avx,4,4,bytes,56661213.0,ns,2355221
64bit,avx,4,4,bytes,56868178.0,ns,2395140
64bit,avx,4,4,bytes,58226780.0,ns,2435059
64bit,avx,4,4,bytes,58223946.0,ns,2474978
64bit,avx,4,4,bytes,59610852.0,ns,2514897
64bit,avx,4,4,bytes,64213275.0,ns,2554816
64bit,avx,4,4,bytes,64162239.0,ns,2594735
64bit,avx,4,4,bytes,64986581.0,ns,2634654
64bit,avx,4,4,bytes,66010917.0,ns,2674573
64bit,avx,4,4,bytes,68721323.0,ns,2714492
64bit,avx,4,4,bytes,75021022.0,ns,2754411
64bit,avx,4,4,bytes,74340177.0,ns,2794330
64bit,avx,4,4,bytes,75895039.0,ns,2834249
64bit,avx,4,4,bytes,78949283.0,ns,2874168
64bit,avx,4,4,bytes,75695814.0,ns,2914087
64bit,avx,4,4,bytes,77273750.0,ns,2954006
64bit,avx,4,4,bytes,73304004.0,ns,2993925
64bit,avx,4,4,bytes,78228482.0,ns,3033844
64bit,avx,4,4,bytes,85145333.0,ns,3073763
64bit,avx,4,4,bytes,81354698.0,ns,3113682
64bit,avx,4,4,bytes,82701769.0,ns,3153601
64bit,avx,4,4,bytes,82096404.0,ns,3193520
64bit,avx,4,4,bytes,86252415.0,ns,3233439
64bit,avx,4,4,bytes,85865780.0,ns,3273358
64bit,avx,4,4,bytes,86491153.0,ns,3313277
64bit,avx,4,4,bytes,94099185.0,ns,3353196
64bit,avx,4,4,bytes,90662722.0,ns,3393115
64bit,avx,4,4,bytes,83970490.0,ns,3433034
64bit,avx,4,4,bytes,84938248.0,ns,3472953
64bit,avx,4,4,bytes,86693262.0,ns,3512872
64bit,avx,4,4,bytes,85387725.0,ns,3552791
64bit,avx,4,4,bytes,89322694.0,ns,3592710
64bit,avx,4,4,bytes,96268971.0,ns,3632629
64bit,avx,4,4,bytes,93734293.0,ns,3672548
64bit,avx,4,4,bytes,94185545.0,ns,3712467
64bit,avx,4,4,bytes,93884761.0,ns,3752386
64bit,avx,4,4,bytes,94028244.0,ns,3792305
64bit,avx,4,4,bytes,93335232.0,ns,3832224
64bit,avx,4,4,bytes,96355176.0,ns,3872143
64bit,avx,4,4,bytes,91583158.0,ns,3912062
64bit,avx,4,4,bytes,93621288.0,ns,3951981
64bit,avx,4,4,bytes,94684507.0,ns,3991900
64bit,t1ha,256,256,bytes,979609.0,ns,187198
64bit,t1ha,256,256,bytes,1962105.0,ns,374396
64bit,t1ha,256,256,bytes,2954428.0,ns,561594
64bit,t1ha,256,256,bytes,3931462.0,ns,748792
64bit,t1ha,256,256,bytes,4917714.0,ns,935990
64bit,t1ha,256,256,bytes,5893927.0,ns,1123188
64bit,t1ha,256,256,bytes,6888625.0,ns,1310386
64bit,t1ha,256,256,bytes,7856301.0,ns,1497584
64bit,t1ha,256,256,bytes,8855377.0,ns,1684782
64bit,t1ha,256,256,bytes,9825790.0,ns,1871980
64bit,t1ha,256,256,bytes,11010250.0,ns,2059178
64bit,t1ha,256,256,bytes,12215830.0,ns,2246376
64bit,t1ha,256,256,bytes,13335046.0,ns,2433574
64bit,t1ha,256,256,bytes,13774615.0,ns,2620772
64bit,t1ha,256,256,bytes,14734216.0,ns,2807970
64bit,t1ha,256,256,bytes,15722131.0,ns,2995168
64bit,t1ha,256,256,bytes,16865312.0,ns,3182366
64bit,t1ha,256,256,bytes,17847487.0,ns,3369564
64bit,t1ha,256,256,bytes,18683141.0,ns,3556762
64bit,t1ha,256,256,bytes,19686075.0,ns,3743960
64bit,t1ha,256,256,bytes,20850417.0,ns,3931158
64bit,t1ha,256,256,bytes,21650244.0,ns,4118356
64bit,t1ha,256,256,bytes,22615656.0,ns,4305554
64bit,t1ha,256,256,bytes,23607778.0,ns,4492752
64bit,t1ha,256,256,bytes,24616313.0,ns,4679950
64bit,t1ha,256,256,bytes,25673521.0,ns,4867148
64bit,t1ha,256,256,bytes,26535706.0,ns,5054346
64bit,t1ha,256,256,bytes,27575850.0,ns,5241544
64bit,t1ha,256,256,bytes,28578694.0,ns,5428742
64bit,t1ha,256,256,bytes,29504901.0,ns,5615940
64bit,t1ha,256,256,bytes,30531711.0,ns,5803138
64bit,t1ha,256,256,bytes,31478728.0,ns,5990336
64bit,t1ha,256,256,bytes,32439972.0,ns,6177534
64bit,t1ha,256,256,bytes,33439078.0,ns,6364732
64bit,t1ha,256,256,bytes,34603080.0,ns,6551930
64bit,t1ha,256,256,bytes,37403624.0,ns,6739128
64bit,t1ha,256,256,bytes,38405315.0,ns,6926326
64bit,t1ha,256,256,bytes,39143424.0,ns,7113524
64bit,t1ha,256,256,bytes,38482723.0,ns,7300722
64bit,t1ha,256,256,bytes,41751040.0,ns,7487920
64bit,t1ha,256,256,bytes,40381296.0,ns,7675118
64bit,t1ha,256,256,bytes,41692979.0,ns,7862316
64bit,t1ha,256,256,bytes,43895752.0,ns,8049514
64bit,t1ha,256,256,bytes,43245642.0,ns,8236712
64bit,t1ha,256,256,bytes,44365108.0,ns,8423910
64bit,t1ha,256,256,bytes,45277169.0,ns,8611108
64bit,t1ha,256,256,bytes,46832396.0,ns,8798306
64bit,t1ha,256,256,bytes,47619357.0,ns,8985504
64bit,t1ha,256,256,bytes,48286921.0,ns,9172702
64bit,t1ha,256,256,bytes,49788668.0,ns,9359900
64bit,t1ha,256,256,bytes,50337704.0,ns,9547098
64bit,t1ha,256,256,bytes,51270836.0,ns,9734296
64bit,t1ha,256,256,bytes,52342044.0,ns,9921494
64bit,t1ha,256,256,bytes,53525994.0,ns,10108692
64bit,t1ha,256,256,bytes,54159819.0,ns,10295890
64bit,t1ha,256,256,bytes,55120471.0,ns,10483088
64bit,t1ha,256,256,bytes,55985291.0,ns,10670286
64bit,t1ha,256,256,bytes,57211401.0,ns,10857484
64bit,t1ha,256,256,bytes,58102842.0,ns,11044682
64bit,t1ha,256,256,bytes,59014592.0,ns,11231880
64bit,t1ha,256,256,bytes,60097619.0,ns,11419078
64bit,t1ha,256,256,bytes,63099777.0,ns,11606276
64bit,t1ha,256,256,bytes,62101322.0,ns,11793474
64bit,t1ha,256,256,bytes,63007652.0,ns,11980672
64bit,t1ha,256,256,bytes,63913050.0,ns,12167870
64bit,t1ha,256,256,bytes,64993070.0,ns,12355068
64bit,t1ha,256,256,bytes,65926802.0,ns,12542266
64bit,t1ha,256,256,bytes,66797443.0,ns,12729464
64bit,t1ha,256,256,bytes,67775329.0,ns,12916662
64bit,t1ha,256,256,bytes,68828048.0,ns,13103860
64bit,t1ha,256,256,bytes,69805573.0,ns,13291058
64bit,t1ha,256,256,bytes,70758882.0,ns,13478256
64bit,t1ha,256,256,bytes,71609104.0,ns,13665454
64bit,t1ha,256,256,bytes,72852177.0,ns,13852652
64bit,t1ha,256,256,bytes,73679816.0,ns,14039850
64bit,t1ha,256,256,bytes,74662011.0,ns,14227048
64bit,t1ha,256,256,bytes,77085845.0,ns,14414246
64bit,t1ha,256,256,bytes,76683438.0,ns,14601444
64bit,t1ha,256,256,bytes,77687032.0,ns,14788642
64bit,t1ha,256,256,bytes,79159873.0,ns,14975840
64bit,t1ha,256,256,bytes,80317352.0,ns,15163038
64bit,t1ha,256,256,bytes,80741601.0,ns,15350236
64bit,t1ha,256,256,bytes,82433791.0,ns,15537434
64bit,t1ha,256,256,bytes,84147801.0,ns,15724632
64bit,t1ha,256,256,bytes,83866595.0,ns,15911830
64bit,t1ha,256,256,bytes,84649929.0,ns,16099028
64bit,t1ha,256,256,bytes,85771019.0,ns,16286226
64bit,t1ha,256,256,bytes,86609879.0,ns,16473424
64bit,t1ha,256,256,bytes,89026962.0,ns,16660622
64bit,t1ha,256,256,bytes,89124598.0,ns,16847820
64bit,t1ha,256,256,bytes,90425991.0,ns,17035018
64bit,t1ha,256,256,bytes,90582320.0,ns,17222216
64bit,t1ha,256,256,bytes,95162000.0,ns,17409414
64bit,t1ha,256,256,bytes,94478779.0,ns,17596612
64bit,t1ha,256,256,bytes,93581563.0,ns,17783810
64bit,t1ha,256,256,bytes,96421762.0,ns,17971008
64bit,t1ha,256,256,bytes,95529510.0,ns,18158206
64bit,t1ha,256,256,bytes,96604481.0,ns,18345404
64bit,t1ha,256,256,bytes,97447680.0,ns,18532602
64bit,t1ha,256,256,bytes,101135497.0,ns,18719800
64bit,avx,16384,16384,bytes,972596.0,ns,1142
64bit,avx,16384,16384,bytes,1997862.0,ns,2284
64bit,avx,16384,16384,bytes,2970518.0,ns,3426
64bit,avx,16384,16384,bytes,4198561.0,ns,4568
64bit,avx,16384,16384,bytes,5101594.0,ns,5710
64bit,avx,16384,16384,bytes,6011200.0,ns,6852
64bit,avx,16384,16384,bytes,7102782.0,ns,7994
64bit,avx,16384,16384,bytes,7837304.0,ns,9136
64bit,avx,16384,16384,bytes,8754434.0,ns,10278
64bit,avx,16384,16384,bytes,9828363.0,ns,11420
64bit,avx,16384,16384,bytes,10848008.0,ns,12562
64bit,avx,16384,16384,bytes,11696478.0,ns,13704
64bit,avx,16384,16384,bytes,12706815.0,ns,14846
64bit,avx,16384,16384,bytes,13777839.0,ns,15988
64bit,avx,16384,16384,bytes,14935799.0,ns,17130
64bit,avx,16384,16384,bytes,15604694.0,ns,18272
64bit,avx,16384,16384,bytes,16526023.0,ns,19414
64bit,avx,16384,16384,bytes,17520310.0,ns,20556
64bit,avx,16384,16384,bytes,18514236.0,ns,21698
64bit,avx,16384,16384,bytes,19610258.0,ns,22840
64bit,avx,16384,16384,bytes,20486309.0,ns,23982
64bit,avx,16384,16384,bytes,21449507.0,ns,25124
64bit,avx,16384,16384,bytes,22444436.0,ns,26266
64bit,avx,16384,16384,bytes,23495300.0,ns,27408
64bit,avx,16384,16384,bytes,24502122.0,ns,28550
64bit,avx,16384,16384,bytes,25482532.0,ns,29692
64bit,avx,16384,16384,bytes,26455729.0,ns,30834
64bit,avx,16384,16384,bytes,27665958.0,ns,31976
64bit,avx,16384,16384,bytes,28659443.0,ns,33118
64bit,avx,16384,16384,bytes,29288424.0,ns,34260
64bit,avx,16384,16384,bytes,30195254.0,ns,35402
64bit,avx,16384,16384,bytes,31203027.0,ns,36544
64bit,avx,16384,16384,bytes,32210419.0,ns,37686
64bit,avx,16384,16384,bytes,33166023.0,ns,38828
64bit,avx,16384,16384,bytes,34227077.0,ns,39970
64bit,avx,16384,16384,bytes,35178994.0,ns,41112
64bit,avx,16384,16384,bytes,36100732.0,ns,42254
64bit,avx,16384,16384,bytes,37086483.0,ns,43396
64bit,avx,16384,16384,bytes,38014314.0,ns,44538
64bit,avx,16384,16384,bytes,39049198.0,ns,45680
64bit,avx,16384,16384,bytes,40291629.0,ns,46822
64bit,avx,16384,16384,bytes,43037878.0,ns,47964
64bit,avx,16384,16384,bytes,42005159.0,ns,49106
64bit,avx,16384,16384,bytes,43031597.0,ns,50248
64bit,avx,16384,16384,bytes,44131846.0,ns,51390
64bit,avx,16384,16384,bytes,45089393.0,ns,52532
64bit,avx,16384,16384,bytes,45862439.0,ns,53674
64bit,avx,16384,16384,bytes,47187887.0,ns,54816
64bit,avx,16384,16384,bytes,47867063.0,ns,55958
64bit,avx,16384,16384,bytes,48919090.0,ns,57100
64bit,avx,16384,16384,bytes,49838745.0,ns,58242
64bit,avx,16384,16384,bytes,50886123.0,ns,59384
64bit,avx,16384,16384,bytes,52104969.0,ns,60526
64bit,avx,16384,16384,bytes,52724612.0,ns,61668
64bit,avx,16384,16384,bytes,54826302.0,ns,62810
64bit,avx,16384,16384,bytes,54722914.0,ns,63952
64bit,avx,16384,16384,bytes,55895808.0,ns,65094
64bit,avx,16384,16384,bytes,57072327.0,ns,66236
64bit,avx,16384,16384,bytes,58068618.0,ns,67378
64bit,avx,16384,16384,bytes,58812107.0,ns,68520
64bit,avx,16384,16384,bytes,61203539.0,ns,69662
64bit,avx,16384,16384,bytes,61721238.0,ns,70804
64bit,avx,16384,16384,bytes,61774509.0,ns,71946
64bit,avx,16384,16384,bytes,63137229.0,ns,73088
64bit,avx,16384,16384,bytes,63610753.0,ns,74230
64bit,avx,16384,16384,bytes,64857802.0,ns,75372
64bit,avx,16384,16384,bytes,66281229.0,ns,76514
64bit,avx,16384,16384,bytes,67131351.0,ns,77656
64bit,avx,16384,16384,bytes,67754569.0,ns,78798
64bit,avx,16384,16384,bytes,68705885.0,ns,79940
64bit,avx,16384,16384,bytes,69788079.0,ns,81082
64bit,avx,16384,16384,bytes,70576404.0,ns,82224
64bit,avx,16384,16384,bytes,71331775.0,ns,83366
64bit,avx,16384,16384,bytes,72222064.0,ns,84508
64bit,avx,16384,16384,bytes,73101792.0,ns,85650
64bit,avx,16384,16384,bytes,75813496.0,ns,86792
64bit,avx,16384,16384,bytes,76329330.0,ns,87934
64bit,avx,16384,16384,bytes,76318399.0,ns,89076
64bit,avx,16384,16384,bytes,77309371.0,ns,90218
64bit,avx,16384,16384,bytes,78000329.0,ns,91360
64bit,avx,16384,16384,bytes,77980932.0,ns,92502
64bit,avx,16384,16384,bytes,78845011.0,ns,93644
64bit,avx,16384,16384,bytes,79982791.0,ns,94786
64bit,avx,16384,16384,bytes,81415044.0,ns,95928
64bit,avx,16384,16384,bytes,81852850.0,ns,97070
64bit,avx,16384,16384,bytes,82674548.0,ns,98212
64bit,avx,16384,16384,bytes,83718230.0,ns,99354
64bit,avx,16384,16384,bytes,84838507.0,ns,100496
64bit,avx,16384,16384,bytes,87282029.0,ns,101638
64bit,avx,16384,16384,bytes,86726940.0,ns,102780
64bit,avx,16384,16384,bytes,87844973.0,ns,103922
64bit,avx,16384,16384,bytes,88732607.0,ns,105064
64bit,avx,16384,16384,bytes,89369071.0,ns,106206
64bit,avx,16384,16384,bytes,90412082.0,ns,107348
64bit,avx,16384,16384,bytes,91861206.0,ns,108490
64bit,avx,16384,16384,bytes,92319320.0,ns,109632
64bit,avx,16384,16384,bytes,93280725.0,ns,110774
64bit,avx,16384,16384,bytes,94343543.0,ns,111916
64bit,avx,16384,16384,bytes,95251906.0,ns,113058
64bit,avx,16384,16384,bytes,98211964.0,ns,114200
64bit,avx,16,16,bytes,983286.0,ns,43861
64bit,avx,16,16,bytes,1966262.0,ns,87722
64bit,avx,16,16,bytes,2969447.0,ns,131583
64bit,avx,16,16,bytes,3978222.0,ns,175444
64bit,avx,16,16,bytes,4928855.0,ns,219305
64bit,avx,16,16,bytes,5911671.0,ns,263166
64bit,avx,16,16,bytes,6862907.0,ns,307027
64bit,avx,16,16,bytes,7890628.0,ns,350888
64bit,avx,16,16,bytes,8826393.0,ns,394749
64bit,avx,16,16,bytes,9883411.0,ns,438610
64bit,avx,16,16,bytes,10978771.0,ns,482471
64bit,avx,16,16,bytes,11881855.0,ns,526332
64bit,avx,16,16,bytes,12949852.0,ns,570193
64bit,avx,16,16,bytes,14550998.0,ns,614054
64bit,avx,16,16,bytes,15781126.0,ns,657915
64bit,avx,16,16,bytes,16127286.0,ns,701776
64bit,avx,16,16,bytes,16651345.0,ns,745637
64bit,avx,16,16,bytes,17657576.0,ns,789498
64bit,avx,16,16,bytes,18980381.0,ns,833359
64bit,avx,16,16,bytes,19781499.0,ns,877220
64bit,avx,16,16,bytes,20595553.0,ns,921081
64bit,avx,16,16,bytes,21566396.0,ns,964942
64bit,avx,16,16,bytes,22569199.0,ns,1008803
64bit,avx,16,16,bytes,23609194.0,ns,1052664
64bit,avx,16,16,bytes,24880189.0,ns,1096525
64bit,avx,16,16,bytes,25666570.0,ns,1140386
64bit,avx,16,16,bytes,26665185.0,ns,1184247
64bit,avx,16,16,bytes,27747712.0,ns,1228108
64bit,avx,16,16,bytes,28790191.0,ns,1271969
64bit,avx,16,16,bytes,29746546.0,ns,1315830
64bit,avx,16,16,bytes,30926748.0,ns,1359691
64bit,avx,16,16,bytes,31866171.0,ns,1403552
64bit,avx,16,16,bytes,33293034.0,ns,1447413
64bit,avx,16,16,bytes,34115844.0,ns,1491274
64bit,avx,16,16,bytes,34843382.0,ns,1535135
64bit,avx,16,16,bytes,35481991.0,ns,1578996
64bit,avx,16,16,bytes,36395865.0,ns,1622857
64bit,avx,16,16,bytes,37374022.0,ns,1666718
64bit,avx,16,16,bytes,38461668.0,ns,1710579
64bit,avx,16,16,bytes,39470392.0,ns,1754440
64bit,avx,16,16,bytes,40360481.0,ns,1798301
64bit,avx,16,16,bytes,41259036.0,ns,1842162
64bit,avx,16,16,bytes,42141520.0,ns,1886023
64bit,avx,16,16,bytes,43153711.0,ns,1929884
64bit,avx,16,16,bytes,44205989.0,ns,1973745
64bit,avx,16,16,bytes,46330905.0,ns,2017606
64bit,avx,16,16,bytes,48570288.0,ns,2061467
64bit,avx,16,16,bytes,47512710.0,ns,2105328
64bit,avx,16,16,bytes,48105230.0,ns,2149189
64bit,avx,16,16,bytes,49001361.0,ns,2193050
64bit,avx,16,16,bytes,50034001.0,ns,2236911
64bit,avx,16,16,bytes,51197641.0,ns,2280772
64bit,avx,16,16,bytes,51940921.0,ns,2324633
64bit,avx,16,16,bytes,52859714.0,ns,2368494
64bit,avx,16,16,bytes,53881444.0,ns,2412355
64bit,avx,16,16,bytes,54868848.0,ns,2456216
64bit,avx,16,16,bytes,57266443.0,ns,2500077
64bit,avx,16,16,bytes,56907939.0,ns,2543938
64bit,avx,16,16,bytes,57846831.0,ns,2587799
64bit,avx,16,16,bytes,58793367.0,ns,2631660
64bit,avx,16,16,bytes,59845955.0,ns,2675521
64bit,avx,16,16,bytes,61521493.0,ns,2719382
64bit,avx,16,16,bytes,61777372.0,ns,2763243
64bit,avx,16,16,bytes,62887310.0,ns,2807104
64bit,avx,16,16,bytes,65619403.0,ns,2850965
64bit,avx,16,16,bytes,65956516.0,ns,2894826
64bit,avx,16,16,bytes,66152951.0,ns,2938687
64bit,avx,16,16,bytes,67008254.0,ns,2982548
64bit,avx,16,16,bytes,68152808.0,ns,3026409
64bit,avx,16,16,bytes,68740990.0,ns,3070270
64bit,avx,16,16,bytes,69526900.0,ns,3114131
64bit,avx,16,16,bytes,70619074.0,ns,3157992
64bit,avx,16,16,bytes,71711399.0,ns,3201853
64bit,avx,16,16,bytes,72496807.0,ns,3245714
64bit,avx,16,16,bytes,73524038.0,ns,3289575
64bit,avx,16,16,bytes,74499720.0,ns,3333436
64bit,avx,16,16,bytes,75512202.0,ns,3377297
64bit,avx,16,16,bytes,76627550.0,ns,3421158
64bit,avx,16,16,bytes,78802952.0,ns,3465019
64bit,avx,16,16,bytes,79022831.0,ns,3508880
64bit,avx,16,16,bytes,79787366.0,ns,3552741
64bit,avx,16,16,bytes,81029370.0,ns,3596602
64bit,avx,16,16,bytes,81281511.0,ns,3640463
64bit,avx,16,16,bytes,82292671.0,ns,3684324
64bit,avx,16,16,bytes,83490027.0,ns,3728185
64bit,avx,16,16,bytes,84350919.0,ns,3772046
64bit,avx,16,16,bytes,85228674.0,ns,3815907
64bit,avx,16,16,bytes,86263048.0,ns,3859768
64bit,avx,16,16,bytes,87254240.0,ns,3903629
64bit,avx,16,16,bytes,88316377.0,ns,3947490
64bit,avx,16,16,bytes,91406202.0,ns,3991351
64bit,avx,16,16,bytes,90541522.0,ns,4035212
64bit,avx,16,16,bytes,91125988.0,ns,4079073
64bit,avx,16,16,bytes,92523184.0,ns,4122934
64bit,avx,16,16,bytes,93357737.0,ns,4166795
64bit,avx,16,16,bytes,94281690.0,ns,4210656
64bit,avx,16,16,bytes,95116494.0,ns,4254517
64bit,avx,16,16,bytes,95953951.0,ns,4298378
64bit,avx,16,16,bytes,98215126.0,ns,4342239
64bit,avx,16,16,bytes,98512524.0,ns,4386100
64bit,avx,1024,1024,bytes,1034934.0,ns,16127
64bit,avx,1024,1024,bytes,2060522.0,ns,32254
64bit,avx,1024,1024,bytes,3002268.0,ns,48381
64bit,avx,1024,1024,bytes,3945699.0,ns,64508
64bit,avx,1024,1024,bytes,4932372.0,ns,80635
64bit,avx,1024,1024,bytes,5921148.0,ns,96762
64bit,avx,1024,1024,bytes,6899796.0,ns,112889
64bit,avx,1024,1024,bytes,7879605.0,ns,129016
64bit,avx,1024,1024,bytes,8859435.0,ns,145143
64bit,avx,1024,1024,bytes,9845056.0,ns,161270
64bit,avx,1024,1024,bytes,10896733.0,ns,177397
64bit,avx,1024,1024,bytes,11800277.0,ns,193524
64bit,avx,1024,1024,bytes,12848376.0,ns,209651
64bit,avx,1024,1024,bytes,13770346.0,ns,225778
64bit,avx,1024,1024,bytes,14799931.0,ns,241905
64bit,avx,1024,1024,bytes,15840586.0,ns,258032
64bit,avx,1024,1024,bytes,16814084.0,ns,274159
64bit,avx,1024,1024,bytes,17761481.0,ns,290286
64bit,avx,1024,1024,bytes,18719429.0,ns,306413
64bit,avx,1024,1024,bytes,19853403.0,ns,322540
64bit,avx,1024,1024,bytes,20768119.0,ns,338667
64bit,avx,1024,1024,bytes,21731025.0,ns,354794
64bit,avx,1024,1024,bytes,22676650.0,ns,370921
64bit,avx,1024,1024,bytes,23650759.0,ns,387048
64bit,avx,1024,1024,bytes,24817665.0,ns,403175
64bit,avx,1024,1024,bytes,25604688.0,ns,419302
64bit,avx,1024,1024,bytes,26575399.0,ns,435429
64bit,avx,1024,1024,bytes,27628399.0,ns,451556
64bit,avx,1024,1024,bytes,28566569.0,ns,467683
64bit,avx,1024,1024,bytes,29551017.0,ns,483810
64bit,avx,1024,1024,bytes,30678288.0,ns,499937
64bit,avx,1024,1024,bytes,31546966.0,ns,516064
64bit,avx,1024,1024,bytes,32511157.0,ns,532191
64bit,avx,1024,1024,bytes,33550870.0,ns,548318
64bit,avx,1024,1024,bytes,34474803.0,ns,564445
64bit,avx,1024,1024,bytes,35544304.0,ns,580572
64bit,avx,1024,1024,bytes,36511689.0,ns,596699
64bit,avx,1024,1024,bytes,37506468.0,ns,612826
64bit,avx,1024,1024,bytes,38499713.0,ns,628953
64bit,avx,1024,1024,bytes,41194034.0,ns,645080
64bit,avx,1024,1024,bytes,40425758.0,ns,661207
64bit,avx,1024,1024,bytes,41514065.0,ns,677334
64bit,avx,1024,1024,bytes,42430634.0,ns,693461
64bit,avx,1024,1024,bytes,43443597.0,ns,709588
64bit,avx,1024,1024,bytes,44696337.0,ns,725715
64bit,avx,1024,1024,bytes,45344314.0,ns,741842
64bit,avx,1024,1024,bytes,46551978.0,ns,757969
64bit,avx,1024,1024,bytes,47405657.0,ns,774096
64bit,avx,1024,1024,bytes,48446092.0,ns,790223
64bit,avx,1024,1024,bytes,49419650.0,ns,806350
64bit,avx,1024,1024,bytes,50361427.0,ns,822477
64bit,avx,1024,1024,bytes,51348470.0,ns,838604
64bit,avx,1024,1024,bytes,52654382.0,ns,854731
64bit,avx,1024,1024,bytes,53380347.0,ns,870858
64bit,avx,1024,1024,bytes,54530742.0,ns,886985
64bit,avx,1024,1024,bytes,55350627.0,ns,903112
64bit,avx,1024,1024,bytes,56395902.0,ns,919239
64bit,avx,1024,1024,bytes,57697986.0,ns,935366
64bit,avx,1024,1024,bytes,60396064.0,ns,951493
64bit,avx,1024,1024,bytes,62816573.0,ns,967620
64bit,avx,1024,1024,bytes,60611125.0,ns,983747
64bit,avx,1024,1024,bytes,61282526.0,ns,999874
64bit,avx,1024,1024,bytes,62307451.0,ns,1016001
64bit,avx,1024,1024,bytes,63453108.0,ns,1032128
64bit,avx,1024,1024,bytes,64289984.0,ns,1048255
64bit,avx,1024,1024,bytes,65214719.0,ns,1064382
64bit,avx,1024,1024,bytes,66235647.0,ns,1080509
64bit,avx,1024,1024,bytes,67176272.0,ns,1096636
64bit,avx,1024,1024,bytes,68096483.0,ns,1112763
64bit,avx,1024,1024,bytes,68618353.0,ns,1128890
64bit,avx,1024,1024,bytes,69831168.0,ns,1145017
64bit,avx,1024,1024,bytes,70769037.0,ns,1161144
64bit,avx,1024,1024,bytes,71878906.0,ns,1177271
64bit,avx,1024,1024,bytes,72914851.0,ns,1193398
64bit,avx,1024,1024,bytes,75566281.0,ns,1209525
64bit,avx,1024,1024,bytes,74712371.0,ns,1225652
64bit,avx,1024,1024,bytes,75796230.0,ns,1241779
64bit,avx,1024,1024,bytes,76959469.0,ns,1257906
64bit,avx,1024,1024,bytes,77767632.0,ns,1274033
64bit,avx,1024,1024,bytes,79338249.0,ns,1290160
64bit,avx,1024,1024,bytes,79904228.0,ns,1306287
64bit,avx,1024,1024,bytes,80878597.0,ns,1322414
64bit,avx,1024,1024,bytes,82154763.0,ns,1338541
64bit,avx,1024,1024,bytes,83526731.0,ns,1354668
64bit,avx,1024,1024,bytes,83527993.0,ns,1370795
64bit,avx,1024,1024,bytes,84576294.0,ns,1386922
64bit,avx,1024,1024,bytes,85773768.0,ns,1403049
64bit,avx,1024,1024,bytes,88101370.0,ns,1419176
64bit,avx,1024,1024,bytes,87473522.0,ns,1435303
64bit,avx,1024,1024,bytes,88702336.0,ns,1451430
64bit,avx,1024,1024,bytes,89487044.0,ns,1467557
64bit,avx,1024,1024,bytes,90574339.0,ns,1483684
64bit,avx,1024,1024,bytes,91419241.0,ns,1499811
64bit,avx,1024,1024,bytes,92540430.0,ns,1515938
64bit,avx,1024,1024,bytes,93359944.0,ns,1532065
64bit,avx,1024,1024,bytes,94355343.0,ns,1548192
64bit,avx,1024,1024,bytes,95540465.0,ns,1564319
64bit,avx,1024,1024,bytes,96642908.0,ns,1580446
64bit,avx,1024,1024,bytes,98819371.0,ns,1596573
64bit,avx,1024,1024,bytes,98311071.0,ns,1612700
64bit,avx,65536,65536,bytes,988927.0,ns,296
64bit,avx,65536,65536,bytes,1973826.0,ns,592
64bit,avx,65536,65536,bytes,2966420.0,ns,888
64bit,avx,65536,65536,bytes,3973913.0,ns,1184
64bit,avx,65536,65536,bytes,4953101.0,ns,1480
64bit,avx,65536,65536,bytes,5928141.0,ns,1776
64bit,avx,65536,65536,bytes,7069869.0,ns,2072
64bit,avx,65536,65536,bytes,7986318.0,ns,2368
64bit,avx,65536,65536,bytes,8893128.0,ns,2664
64bit,avx,65536,65536,bytes,9950566.0,ns,2960
64bit,avx,65536,65536,bytes,10912571.0,ns,3256
64bit,avx,65536,65536,bytes,11929762.0,ns,3552
64bit,avx,65536,65536,bytes,12867962.0,ns,3848
64bit,avx,65536,65536,bytes,13834487.0,ns,4144
64bit,avx,65536,65536,bytes,14834655.0,ns,4440
64bit,avx,65536,65536,bytes,15843280.0,ns,4736
64bit,avx,65536,65536,bytes,16807168.0,ns,5032
64bit,avx,65536,65536,bytes,17799822.0,ns,5328
64bit,avx,65536,65536,bytes,18835338.0,ns,5624
64bit,avx,65536,65536,bytes,19818965.0,ns,5920
64bit,avx,65536,65536,bytes,20777214.0,ns,6216
64bit,avx,65536,65536,bytes,21766220.0,ns,6512
64bit,avx,65536,65536,bytes,22817146.0,ns,6808
64bit,avx,65536,65536,bytes,23740217.0,ns,7104
64bit,avx,65536,65536,bytes,25975632.0,ns,7400
64bit,avx,65536,65536,bytes,26744590.0,ns,7696
64bit,avx,65536,65536,bytes,26709623.0,ns,7992
64bit,avx,65536,65536,bytes,27762151.0,ns,8288
64bit,avx,65536,65536,bytes,28704549.0,ns,8584
64bit,avx,65536,65536,bytes,29707583.0,ns,8880
64bit,avx,65536,65536,bytes,30675089.0,ns,9176
64bit,avx,65536,65536,bytes,31678483.0,ns,9472
64bit,avx,65536,65536,bytes,32643986.0,ns,9768
64bit,avx,65536,65536,bytes,33632822.0,ns,10064
64bit,avx,65536,65536,bytes,34674039.0,ns,10360
64bit,avx,65536,65536,bytes,35631014.0,ns,10656
64bit,avx,65536,65536,bytes,36601357.0,ns,10952
64bit,avx,65536,65536,bytes,37601515.0,ns,11248
64bit,avx,65536,65536,bytes,38551708.0,ns,11544
64bit,avx,65536,65536,bytes,39555603.0,ns,11840
64bit,avx,65536,65536,bytes,40749140.0,ns,12136
64bit,avx,65536,65536,bytes,41603040.0,ns,12432
64bit,avx,65536,65536,bytes,42570365.0,ns,12728
64bit,avx,65536,65536,bytes,43703517.0,ns,13024
64bit,avx,65536,65536,bytes,44504296.0,ns,13320
64bit,avx,65536,65536,bytes,45954813.0,ns,13616
64bit,avx,65536,65536,bytes,46498189.0,ns,13912
64bit,avx,65536,65536,bytes,47505412.0,ns,14208
64bit,avx,65536,65536,bytes,48570384.0,ns,14504
64bit,avx,65536,65536,bytes,49516679.0,ns,14800
64bit,avx,65536,65536,bytes,50837810.0,ns,15096
64bit,avx,65536,65536,bytes,53043207.0,ns,15392
64bit,avx,65536,65536,bytes,52441540.0,ns,15688
64bit,avx,65536,65536,bytes,53479380.0,ns,15984
64bit,avx,65536,65536,bytes,54888669.0,ns,16280
64bit,avx,65536,65536,bytes,55536476.0,ns,16576
64bit,avx,65536,65536,bytes,56400193.0,ns,16872
64bit,avx,65536,65536,bytes,57507226.0,ns,17168
64bit,avx,65536,65536,bytes,58425638.0,ns,17464
64bit,avx,65536,65536,bytes,59368196.0,ns,17760
64bit,avx,65536,65536,bytes,60559739.0,ns,18056
64bit,avx,65536,65536,bytes,61627717.0,ns,18352
64bit,avx,65536,65536,bytes,62444506.0,ns,18648
64bit,avx,65536,65536,bytes,63588348.0,ns,18944
64bit,avx,65536,65536,bytes,65872727.0,ns,19240
64bit,avx,65536,65536,bytes,65565109.0,ns,19536
64bit,avx,65536,65536,bytes,66320180.0,ns,19832
64bit,avx,65536,65536,bytes,67745640.0,ns,20128
64bit,avx,65536,65536,bytes,69742491.0,ns,20424
64bit,avx,65536,65536,bytes,69334162.0,ns,20720
64bit,avx,65536,65536,bytes,70235010.0,ns,21016
64bit,avx,65536,65536,bytes,71253544.0,ns,21312
64bit,avx,65536,65536,bytes,72368872.0,ns,21608
64bit,avx,65536,65536,bytes,73279309.0,ns,21904
64bit,avx,65536,65536,bytes,74307671.0,ns,22200
64bit,avx,65536,65536,bytes,75425093.0,ns,22496
64bit,avx,65536,65536,bytes,76374364.0,ns,22792
64bit,avx,65536,65536,bytes,77249083.0,ns,23088
64bit,avx,65536,65536,bytes,78461236.0,ns,23384
64bit,avx,65536,65536,bytes,79205396.0,ns,23680
64bit,avx,65536,65536,bytes,83894803.0,ns,23976
64bit,avx,65536,65536,bytes,86061007.0,ns,24272
64bit,avx,65536,65536,bytes,82245467.0,ns,24568
64bit,avx,65536,65536,bytes,83197232.0,ns,24864
64bit,avx,65536,65536,bytes,84177693.0,ns,25160
64bit,avx,65536,65536,bytes,85183443.0,ns,25456
64bit,avx,65536,65536,bytes,86152851.0,ns,25752
64bit,avx,65536,65536,bytes,87406884.0,ns,26048
64bit,avx,65536,65536,bytes,88250374.0,ns,26344
64bit,avx,65536,65536,bytes,89343099.0,ns,26640
64bit,avx,65536,65536,bytes,90222457.0,ns,26936
64bit,avx,65536,65536,bytes,90993989.0,ns,27232
64bit,avx,65536,65536,bytes,94048517.0,ns,27528
64bit,avx,65536,65536,bytes,95754733.0,ns,27824
64bit,avx,65536,65536,bytes,94113080.0,ns,28120
64bit,avx,65536,65536,bytes,95070917.0,ns,28416
64bit,avx,65536,65536,bytes,96094641.0,ns,28712
64bit,avx,65536,65536,bytes,96964441.0,ns,29008
64bit,avx,65536,65536,bytes,98105077.0,ns,29304
64bit,avx,65536,65536,bytes,98990242.0,ns,29600
64bit,t1ha,4,4,bytes,999387.0,ns,380872
64bit,t1ha,4,4,bytes,1963778.0,ns,761744
64bit,t1ha,4,4,bytes,2950070.0,ns,1142616
64bit,t1ha,4,4,bytes,3953916.0,ns,1523488
64bit,t1ha,4,4,bytes,4918727.0,ns,1904360
64bit,t1ha,4,4,bytes,5917644.0,ns,2285232
64bit,t1ha,4,4,bytes,6901351.0,ns,2666104
64bit,t1ha,4,4,bytes,7868938.0,ns,3046976
64bit,t1ha,4,4,bytes,8858205.0,ns,3427848
64bit,t1ha,4,4,bytes,9850539.0,ns,3808720
64bit,t1ha,4,4,bytes,10831742.0,ns,4189592
64bit,t1ha,4,4,bytes,11862780.0,ns,4570464
64bit,t1ha,4,4,bytes,12806671.0,ns,4951336
64bit,t1ha,4,4,bytes,13909375.0,ns,5332208
64bit,t1ha,4,4,bytes,14751302.0,ns,5713080
64bit,t1ha,4,4,bytes,15761359.0,ns,6093952
64bit,t1ha,4,4,bytes,16728074.0,ns,6474824
64bit,t1ha,4,4,bytes,17706932.0,ns,6855696
64bit,t1ha,4,4,bytes,18706831.0,ns,7236568
64bit,t1ha,4,4,bytes,19676050.0,ns,7617440
64bit,t1ha,4,4,bytes,20761662.0,ns,7998312
64bit,t1ha,4,4,bytes,21666279.0,ns,8379184
64bit,t1ha,4,4,bytes,22638434.0,ns,8760056
64bit,t1ha,4,4,bytes,23625368.0,ns,9140928
64bit,t1ha,4,4,bytes,24647458.0,ns,9521800
64bit,t1ha,4,4,bytes,25597311.0,ns,9902672
64bit,t1ha,4,4,bytes,26628298.0,ns,10283544
64bit,t1ha,4,4,bytes,27628758.0,ns,10664416
64bit,t1ha,4,4,bytes,28563291.0,ns,11045288
64bit,t1ha,4,4,bytes,30514585.0,ns,11426160
64bit,t1ha,4,4,bytes,30799680.0,ns,11807032
64bit,t1ha,4,4,bytes,31588564.0,ns,12187904
64bit,t1ha,4,4,bytes,32502439.0,ns,12568776
64bit,t1ha,4,4,bytes,33469665.0,ns,12949648
64bit,t1ha,4,4,bytes,34628276.0,ns,13330520
64bit,t1ha,4,4,bytes,36164197.0,ns,13711392
64bit,t1ha,4,4,bytes,36557097.0,ns,14092264
64bit,t1ha,4,4,bytes,37528711.0,ns,14473136
64bit,t1ha,4,4,bytes,38457123.0,ns,14854008
64bit,t1ha,4,4,bytes,39689365.0,ns,15234880
64bit,t1ha,4,4,bytes,40450788.0,ns,15615752
64bit,t1ha,4,4,bytes,41541560.0,ns,15996624
64bit,t1ha,4,4,bytes,42643333.0,ns,16377496
64bit,t1ha,4,4,bytes,43401219.0,ns,16758368
64bit,t1ha,4,4,bytes,44312408.0,ns,17139240
64bit,t1ha,4,4,bytes,45435991.0,ns,17520112
64bit,t1ha,4,4,bytes,46526272.0,ns,17900984
64bit,t1ha,4,4,bytes,47362659.0,ns,18281856
64bit,t1ha,4,4,bytes,48556236.0,ns,18662728
64bit,t1ha,4,4,bytes,49399305.0,ns,19043600
64bit,t1ha,4,4,bytes,50616748.0,ns,19424472
64bit,t1ha,4,4,bytes,51319681.0,ns,19805344
64bit,t1ha,4,4,bytes,52292186.0,ns,20186216
64bit,t1ha,4,4,bytes,54695142.0,ns,20567088
64bit,t1ha,4,4,bytes,54583579.0,ns,20947960
64bit,t1ha,4,4,bytes,55193633.0,ns,21328832
64bit,t1ha,4,4,bytes,57153304.0,ns,21709704
64bit,t1ha,4,4,bytes,57335040.0,ns,22090576
64bit,t1ha,4,4,bytes,59366857.0,ns,22471448
64bit,t1ha,4,4,bytes,60323674.0,ns,22852320
64bit,t1ha,4,4,bytes,60422513.0,ns,23233192
64bit,t1ha,4,4,bytes,61398054.0,ns,23614064
64bit,t1ha,4,4,bytes,62153556.0,ns,23994936
64bit,t1ha,4,4,bytes,63088520.0,ns,24375808
64bit,t1ha,4,4,bytes,64037492.0,ns,24756680
64bit,t1ha,4,4,bytes,65058410.0,ns,25137552
64bit,t1ha,4,4,bytes,66012050.0,ns,25518424
64bit,t1ha,4,4,bytes,67016286.0,ns,25899296
64bit,t1ha,4,4,bytes,70387220.0,ns,26280168
64bit,t1ha,4,4,bytes,70600506.0,ns,26661040
64bit,t1ha,4,4,bytes,71228675.0,ns,27041912
64bit,t1ha,4,4,bytes,70839453.0,ns,27422784
64bit,t1ha,4,4,bytes,72177135.0,ns,27803656
64bit,t1ha,4,4,bytes,72930053.0,ns,28184528
64bit,t1ha,4,4,bytes,74157295.0,ns,28565400
64bit,t1ha,4,4,bytes,74846940.0,ns,28946272
64bit,t1ha,4,4,bytes,77128785.0,ns,29327144
64bit,t1ha,4,4,bytes,76889719.0,ns,29708016
64bit,t1ha,4,4,bytes,77786481.0,ns,30088888
64bit,t1ha,4,4,bytes,78704943.0,ns,30469760
64bit,t1ha,4,4,bytes,85141728.0,ns,30850632
64bit,t1ha,4,4,bytes,82336825.0,ns,31231504
64bit,t1ha,4,4,bytes,84583091.0,ns,31612376
64bit,t1ha,4,4,bytes,83526004.0,ns,31993248
64bit,t1ha,4,4,bytes,83877755.0,ns,32374120
64bit,t1ha,4,4,bytes,87516870.0,ns,32754992
64bit,t1ha,4,4,bytes,85911316.0,ns,33135864
64bit,t1ha,4,4,bytes,88332491.0,ns,33516736
64bit,t1ha,4,4,bytes,88911321.0,ns,33897608
64bit,t1ha,4,4,bytes,89540292.0,ns,34278480
64bit,t1ha,4,4,bytes,96841656.0,ns,34659352
64bit,t1ha,4,4,bytes,103238434.0,ns,35040224
64bit,t1ha,4,4,bytes,102347503.0,ns,35421096
64bit,t1ha,4,4,bytes,108247593.0,ns,35801968
64bit,t1ha,4,4,bytes,107622651.0,ns,36182840
64bit,t1ha,4,4,bytes,104378209.0,ns,36563712
64bit,t1ha,4,4,bytes,106400929.0,ns,36944584
64bit,t1ha,4,4,bytes,116475271.0,ns,37325456
64bit,t1ha,4,4,bytes,116440178.0,ns,37706328
64bit,t1ha,4,4,bytes,117198751.0,ns,38087200
64bit,t1ha,16384,16384,bytes,1019425.0,ns,6925
64bit,t1ha,16384,16384,bytes,2043038.0,ns,13850
64bit,t1ha,16384,16384,bytes,3073785.0,ns,20775
64bit,t1ha,16384,16384,bytes,4098700.0,ns,27700
64bit,t1ha,16384,16384,bytes,5126461.0,ns,34625
64bit,t1ha,16384,16384,bytes,6277648.0,ns,41550
64bit,t1ha,16384,16384,bytes,7386344.0,ns,48475
64bit,t1ha,16384,16384,bytes,8272394.0,ns,55400
64bit,t1ha,16384,16384,bytes,9236744.0,ns,62325
64bit,t1ha,16384,16384,bytes,10233857.0,ns,69250
64bit,t1ha,16384,16384,bytes,11243914.0,ns,76175
64bit,t1ha,16384,16384,bytes,12328644.0,ns,83100
64bit,t1ha,16384,16384,bytes,12972933.0,ns,90025
64bit,t1ha,16384,16384,bytes,13794120.0,ns,96950
64bit,t1ha,16384,16384,bytes,14775072.0,ns,103875
64bit,t1ha,16384,16384,bytes,15763378.0,ns,110800
64bit,t1ha,16384,16384,bytes,16736574.0,ns,117725
64bit,t1ha,16384,16384,bytes,17762712.0,ns,124650
64bit,t1ha,16384,16384,bytes,18702085.0,ns,131575
64bit,t1ha,16384,16384,bytes,19696002.0,ns,138500
64bit,t1ha,16384,16384,bytes,20681551.0,ns,145425
64bit,t1ha,16384,16384,bytes,21723090.0,ns,152350
64bit,t1ha,16384,16384,bytes,22668834.0,ns,159275
64bit,t1ha,16384,16384,bytes,23663351.0,ns,166200
64bit,t1ha,16384,16384,bytes,24678788.0,ns,173125
64bit,t1ha,16384,16384,bytes,25597451.0,ns,180050
64bit,t1ha,16384,16384,bytes,26562523.0,ns,186975
64bit,t1ha,16384,16384,bytes,27576087.0,ns,193900
64bit,t1ha,16384,16384,bytes,28577407.0,ns,200825
64bit,t1ha,16384,16384,bytes,29595250.0,ns,207750
64bit,t1ha,16384,16384,bytes,30621508.0,ns,214675
64bit,t1ha,16384,16384,bytes,31608782.0,ns,221600
64bit,t1ha,16384,16384,bytes,32503629.0,ns,228525
64bit,t1ha,16384,16384,bytes,33505962.0,ns,235450
64bit,t1ha,16384,16384,bytes,34516680.0,ns,242375
64bit,t1ha,16384,16384,bytes,35451985.0,ns,249300
64bit,t1ha,16384,16384,bytes,36414021.0,ns,256225
64bit,t1ha,16384,16384,bytes,37654597.0,ns,263150
64bit,t1ha,16384,16384,bytes,38467208.0,ns,270075
64bit,t1ha,16384,16384,bytes,40007768.0,ns,277000
64bit,t1ha,16384,16384,bytes,41183180.0,ns,283925
64bit,t1ha,16384,16384,bytes,41578595.0,ns,290850
64bit,t1ha,16384,16384,bytes,42849440.0,ns,297775
64bit,t1ha,16384,16384,bytes,43338383.0,ns,304700
64bit,t1ha,16384,16384,bytes,44380972.0,ns,311625
64bit,t1ha,16384,16384,bytes,45554301.0,ns,318550
64bit,t1ha,16384,16384,bytes,46259516.0,ns,325475
64bit,t1ha,16384,16384,bytes,47120469.0,ns,332400
64bit,t1ha,16384,16384,bytes,48182034.0,ns,339325
64bit,t1ha,16384,16384,bytes,49141886.0,ns,346250
64bit,t1ha,16384,16384,bytes,50322719.0,ns,353175
64bit,t1ha,16384,16384,bytes,51184654.0,ns,360100
64bit,t1ha,16384,16384,bytes,52117754.0,ns,367025
64bit,t1ha,16384,16384,bytes,53122311.0,ns,373950
64bit,t1ha,16384,16384,bytes,54109704.0,ns,380875
64bit,t1ha,16384,16384,bytes,54961691.0,ns,387800
64bit,t1ha,16384,16384,bytes,56485819.0,ns,394725
64bit,t1ha,16384,16384,bytes,57000681.0,ns,401650
64bit,t1ha,16384,16384,bytes,58120077.0,ns,408575
64bit,t1ha,16384,16384,bytes,59156325.0,ns,415500
64bit,t1ha,16384,16384,bytes,63801998.0,ns,422425
64bit,t1ha,16384,16384,bytes,62873016.0,ns,429350
64bit,t1ha,16384,16384,bytes,62541253.0,ns,436275
64bit,t1ha,16384,16384,bytes,63479484.0,ns,443200
64bit,t1ha,16384,16384,bytes,65040211.0,ns,450125
64bit,t1ha,16384,16384,bytes,65910321.0,ns,457050
64bit,t1ha,16384,16384,bytes,67266269.0,ns,463975
64bit,t1ha,16384,16384,bytes,69797108.0,ns,470900
64bit,t1ha,16384,16384,bytes,69272276.0,ns,477825
64bit,t1ha,16384,16384,bytes,69608968.0,ns,484750
64bit,t1ha,16384,16384,bytes,70054559.0,ns,491675
64bit,t1ha,16384,16384,bytes,70981788.0,ns,498600
64bit,t1ha,16384,16384,bytes,72154425.0,ns,505525
64bit,t1ha,16384,16384,bytes,73724020.0,ns,512450
64bit,t1ha,16384,16384,bytes,78774868.0,ns,519375
64bit,t1ha,16384,16384,bytes,81575331.0,ns,526300
64bit,t1ha,16384,16384,bytes,84346790.0,ns,533225
64bit,t1ha,16384,16384,bytes,85432711.0,ns,540150
64bit,t1ha,16384,16384,bytes,85790244.0,ns,547075
64bit,t1ha,16384,16384,bytes,80940720.0,ns,554000
64bit,t1ha,16384,16384,bytes,84776799.0,ns,560925
64bit,t1ha,16384,16384,bytes,88154425.0,ns,567850
64bit,t1ha,16384,16384,bytes,89346419.0,ns,574775
64bit,t1ha,16384,16384,bytes,89498820.0,ns,581700
64bit,t1ha,16384,16384,bytes,90407173.0,ns,588625
64bit,t1ha,16384,16384,bytes,90891316.0,ns,595550
64bit,t1ha,16384,16384,bytes,91406850.0,ns,602475
64bit,t1ha,16384,16384,bytes,94317184.0,ns,609400
64bit,t1ha,16384,16384,bytes,96742701.0,ns,616325
64bit,t1ha,16384,16384,bytes,99883213.0,ns,623250
64bit,t1ha,16384,16384,bytes,105399224.0,ns,630175
64bit,t1ha,16384,16384,bytes,107727450.0,ns,637100
64bit,t1ha,16384,16384,bytes,101568499.0,ns,644025
64bit,t1ha,16384,16384,bytes,101119082.0,ns,650950
64bit,t1ha,16384,16384,bytes,109281787.0,ns,657875
64bit,t1ha,16384,16384,bytes,101686835.0,ns,664800
64bit,t1ha,16384,16384,bytes,102981736.0,ns,671725
64bit,t1ha,16384,16384,bytes,101337980.0,ns,678650
64bit,t1ha,16384,16384,bytes,108136742.0,ns,685575
64bit,t1ha,16384,16384,bytes,105773493.0,ns,692500
64bit,avx,1,1,bytes,978328.0,ns,40580
64bit,avx,1,1,bytes,1957476.0,ns,81160
64bit,avx,1,1,bytes,2916175.0,ns,121740
64bit,avx,1,1,bytes,3939568.0,ns,162320
64bit,avx,1,1,bytes,4871808.0,ns,202900
64bit,avx,1,1,bytes,5874482.0,ns,243480
64bit,avx,1,1,bytes,6816630.0,ns,284060
64bit,avx,1,1,bytes,7895909.0,ns,324640
64bit,avx,1,1,bytes,8776500.0,ns,365220
64bit,avx,1,1,bytes,9784654.0,ns,405800
64bit,avx,1,1,bytes,10746290.0,ns,446380
64bit,avx,1,1,bytes,11747009.0,ns,486960
64bit,avx,1,1,bytes,12754542.0,ns,527540
64bit,avx,1,1,bytes,13737418.0,ns,568120
64bit,avx,1,1,bytes,14916217.0,ns,608700
64bit,avx,1,1,bytes,15770228.0,ns,649280
64bit,avx,1,1,bytes,16654535.0,ns,689860
64bit,avx,1,1,bytes,17691875.0,ns,730440
64bit,avx,1,1,bytes,18630958.0,ns,771020
64bit,avx,1,1,bytes,19742048.0,ns,811600
64bit,avx,1,1,bytes,20697311.0,ns,852180
64bit,avx,1,1,bytes,21571430.0,ns,892760
64bit,avx,1,1,bytes,22959319.0,ns,933340
64bit,avx,1,1,bytes,24556096.0,ns,973920
64bit,avx,1,1,bytes,25869813.0,ns,1014500
64bit,avx,1,1,bytes,28740261.0,ns,1055080
64bit,avx,1,1,bytes,31145242.0,ns,1095660
64bit,avx,1,1,bytes,28965801.0,ns,1136240
64bit,avx,1,1,bytes,29710574.0,ns,1176820
64bit,avx,1,1,bytes,29816525.0,ns,1217400
64bit,avx,1,1,bytes,30644867.0,ns,1257980
64bit,avx,1,1,bytes,31453359.0,ns,1298560
64bit,avx,1,1,bytes,32537267.0,ns,1339140
64bit,avx,1,1,bytes,33471401.0,ns,1379720
64bit,avx,1,1,bytes,34343916.0,ns,1420300
64bit,avx,1,1,bytes,36101370.0,ns,1460880
64bit,avx,1,1,bytes,38124702.0,ns,1501460
64bit,avx,1,1,bytes,37637091.0,ns,1542040
64bit,avx,1,1,bytes,38555764.0,ns,1582620
64bit,avx,1,1,bytes,39386951.0,ns,1623200
64bit,avx,1,1,bytes,40322426.0,ns,1663780
64bit,avx,1,1,bytes,41200812.0,ns,1704360
64bit,avx,1,1,bytes,42272208.0,ns,1744940
64bit,avx,1,1,bytes,43043570.0,ns,1785520
64bit,avx,1,1,bytes,43959527.0,ns,1826100
64bit,avx,1,1,bytes,44945349.0,ns,1866680
64bit,avx,1,1,bytes,45900362.0,ns,1907260
64bit,avx,1,1,bytes,47218487.0,ns,1947840
64bit,avx,1,1,bytes,48501286.0,ns,1988420
64bit,avx,1,1,bytes,48666921.0,ns,2029000
64bit,avx,1,1,bytes,50861259.0,ns,2069580
64bit,avx,1,1,bytes,51384498.0,ns,2110160
64bit,avx,1,1,bytes,52734134.0,ns,2150740
64bit,avx,1,1,bytes,52586953.0,ns,2191320
64bit,avx,1,1,bytes,53889610.0,ns,2231900
64bit,avx,1,1,bytes,54562413.0,ns,2272480
64bit,avx,1,1,bytes,55549126.0,ns,2313060
64bit,avx,1,1,bytes,61312321.0,ns,2353640
64bit,avx,1,1,bytes,58309024.0,ns,2394220
64bit,avx,1,1,bytes,59164677.0,ns,2434800
64bit,avx,1,1,bytes,62212524.0,ns,2475380
64bit,avx,1,1,bytes,64201480.0,ns,2515960
64bit,avx,1,1,bytes,62346800.0,ns,2556540
64bit,avx,1,1,bytes,63106240.0,ns,2597120
64bit,avx,1,1,bytes,64479941.0,ns,2637700
64bit,avx,1,1,bytes,65188709.0,ns,2678280
64bit,avx,1,1,bytes,65473347.0,ns,2718860
64bit,avx,1,1,bytes,67575730.0,ns,2759440
64bit,avx,1,1,bytes,67552025.0,ns,2800020
64bit,avx,1,1,bytes,68774116.0,ns,2840600
64bit,avx,1,1,bytes,69332372.0,ns,2881180
64bit,avx,1,1,bytes,70590152.0,ns,2921760
64bit,avx,1,1,bytes,73744282.0,ns,2962340
64bit,avx,1,1,bytes,73909788.0,ns,3002920
64bit,avx,1,1,bytes,74879538.0,ns,3043500
64bit,avx,1,1,bytes,74765631.0,ns,3084080
64bit,avx,1,1,bytes,76519358.0,ns,3124660
64bit,avx,1,1,bytes,75999346.0,ns,3165240
64bit,avx,1,1,bytes,76987282.0,ns,3205820
64bit,avx,1,1,bytes,77976159.0,ns,3246400
64bit,avx,1,1,bytes,79507541.0,ns,3286980
64bit,avx,1,1,bytes,80660197.0,ns,3327560
64bit,avx,1,1,bytes,80826078.0,ns,3368140
64bit,avx,1,1,bytes,81731646.0,ns,3408720
64bit,avx,1,1,bytes,82556079.0,ns,3449300
64bit,avx,1,1,bytes,87765582.0,ns,3489880
64bit,avx,1,1,bytes,85368177.0,ns,3530460
64bit,avx,1,1,bytes,86815829.0,ns,3571040
64bit,avx,1,1,bytes,86692173.0,ns,3611620
64bit,avx,1,1,bytes,88493340.0,ns,3652200
64bit,avx,1,1,bytes,88906900.0,ns,3692780
64bit,avx,1,1,bytes,90661058.0,ns,3733360
64bit,avx,1,1,bytes,92298903.0,ns,3773940
64bit,avx,1,1,bytes,92485700.0,ns,3814520
64bit,avx,1,1,bytes,93927532.0,ns,3855100
64bit,avx,1,1,bytes,93929195.0,ns,3895680
64bit,avx,1,1,bytes,96672671.0,ns,3936260
64bit,avx,1,1,bytes,95994316.0,ns,3976840
64bit,avx,1,1,bytes,97088926.0,ns,4017420
64bit,avx,1,1,bytes,97381794.0,ns,4058000
64bit,avx,64,64,bytes,977645.0,ns,83088
64bit,avx,64,64,bytes,1958577.0,ns,166176
64bit,avx,64,64,bytes,2957974.0,ns,249264
64bit,avx,64,64,bytes,3964505.0,ns,332352
64bit,avx,64,64,bytes,4923966.0,ns,415440
64bit,avx,64,64,bytes,5902814.0,ns,498528
64bit,avx,64,64,bytes,6948870.0,ns,581616
64bit,avx,64,64,bytes,7863816.0,ns,664704
64bit,avx,64,64,bytes,8854356.0,ns,747792
64bit,avx,64,64,bytes,9820781.0,ns,830880
64bit,avx,64,64,bytes,10825067.0,ns,913968
64bit,avx,64,64,bytes,11851245.0,ns,997056
64bit,avx,64,64,bytes,12779907.0,ns,1080144
64bit,avx,64,64,bytes,13767451.0,ns,1163232
64bit,avx,64,64,bytes,14773722.0,ns,1246320
64bit,avx,64,64,bytes,15783409.0,ns,1329408
64bit,avx,64,64,bytes,16829425.0,ns,1412496
64bit,avx,64,64,bytes,17754150.0,ns,1495584
64bit,avx,64,64,bytes,18762935.0,ns,1578672
64bit,avx,64,64,bytes,19729639.0,ns,1661760
64bit,avx,64,64,bytes,20675153.0,ns,1744848
64bit,avx,64,64,bytes,21636708.0,ns,1827936
64bit,avx,64,64,bytes,22795630.0,ns,1911024
64bit,avx,64,64,bytes,23685779.0,ns,1994112
64bit,avx,64,64,bytes,24670919.0,ns,2077200
64bit,avx,64,64,bytes,25636681.0,ns,2160288
64bit,avx,64,64,bytes,26899331.0,ns,2243376
64bit,avx,64,64,bytes,27666896.0,ns,2326464
64bit,avx,64,64,bytes,28599685.0,ns,2409552
64bit,avx,64,64,bytes,29593672.0,ns,2492640
64bit,avx,64,64,bytes,30677079.0,ns,2575728
64bit,avx,64,64,bytes,31585103.0,ns,2658816
64bit,avx,64,64,bytes,32587506.0,ns,2741904
64bit,avx,64,64,bytes,33571123.0,ns,2824992
64bit,avx,64,64,bytes,34502619.0,ns,2908080
64bit,avx,64,64,bytes,35419219.0,ns,2991168
64bit,avx,64,64,bytes,36402085.0,ns,3074256
64bit,avx,64,64,bytes,37380382.0,ns,3157344
64bit,avx,64,64,bytes,38689460.0,ns,3240432
64bit,avx,64,64,bytes,39468246.0,ns,3323520
64bit,avx,64,64,bytes,40836567.0,ns,3406608
64bit,avx,64,64,bytes,42866280.0,ns,3489696
64bit,avx,64,64,bytes,42452731.0,ns,3572784
64bit,avx,64,64,bytes,43467968.0,ns,3655872
64bit,avx,64,64,bytes,44363146.0,ns,3738960
64bit,avx,64,64,bytes,45354609.0,ns,3822048
64bit,avx,64,64,bytes,46277260.0,ns,3905136
64bit,avx,64,64,bytes,47221882.0,ns,3988224
64bit,avx,64,64,bytes,48338242.0,ns,4071312
64bit,avx,64,64,bytes,49483036.0,ns,4154400
64bit,avx,64,64,bytes,50645694.0,ns,4237488
64bit,avx,64,64,bytes,51295205.0,ns,4320576
64bit,avx,64,64,bytes,52730073.0,ns,4403664
64bit,avx,64,64,bytes,53446489.0,ns,4486752
64bit,avx,64,64,bytes,54276304.0,ns,4569840
64bit,avx,64,64,bytes,55290078.0,ns,4652928
64bit,avx,64,64,bytes,56312408.0,ns,4736016
64bit,avx,64,64,bytes,57243766.0,ns,4819104
64bit,avx,64,64,bytes,58204158.0,ns,4902192
64bit,avx,64,64,bytes,59465034.0,ns,4985280
64bit,avx,64,64,bytes,61886314.0,ns,5068368
64bit,avx,64,64,bytes,62871745.0,ns,5151456
64bit,avx,64,64,bytes,62269195.0,ns,5234544
64bit,avx,64,64,bytes,63462584.0,ns,5317632
64bit,avx,64,64,bytes,63927360.0,ns,5400720
64bit,avx,64,64,bytes,65078516.0,ns,5483808
64bit,avx,64,64,bytes,66072454.0,ns,5566896
64bit,avx,64,64,bytes,67681042.0,ns,5649984
64bit,avx,64,64,bytes,67945688.0,ns,5733072
64bit,avx,64,64,bytes,69908924.0,ns,5816160
64bit,avx,64,64,bytes,70157479.0,ns,5899248
64bit,avx,64,64,bytes,71284319.0,ns,5982336
64bit,avx,64,64,bytes,72548101.0,ns,6065424
64bit,avx,64,64,bytes,74214170.0,ns,6148512
64bit,avx,64,64,bytes,75291125.0,ns,6231600
64bit,avx,64,64,bytes,77188806.0,ns,6314688
64bit,avx,64,64,bytes,76291554.0,ns,6397776
64bit,avx,64,64,bytes,77163668.0,ns,6480864
64bit,avx,64,64,bytes,78037716.0,ns,6563952
64bit,avx,64,64,bytes,78942783.0,ns,6647040
64bit,avx,64,64,bytes,80034016.0,ns,6730128
64bit,avx,64,64,bytes,81015368.0,ns,6813216
64bit,avx,64,64,bytes,81905186.0,ns,6896304
64bit,avx,64,64,bytes,83114464.0,ns,6979392
64bit,avx,64,64,bytes,83937715.0,ns,7062480
64bit,avx,64,64,bytes,84749664.0,ns,7145568
64bit,avx,64,64,bytes,86155656.0,ns,7228656
64bit,avx,64,64,bytes,88532482.0,ns,7311744
64bit,avx,64,64,bytes,88536590.0,ns,7394832
64bit,avx,64,64,bytes,88960930.0,ns,7477920
64bit,avx,64,64,bytes,89771537.0,ns,7561008
64bit,avx,64,64,bytes,91194172.0,ns,7644096
64bit,avx,64,64,bytes,92099329.0,ns,7727184
64bit,avx,64,64,bytes,92935204.0,ns,7810272
64bit,avx,64,64,bytes,93820524.0,ns,7893360
64bit,avx,64,64,bytes,98320921.0,ns,7976448
64bit,avx,64,64,bytes,97156289.0,ns,8059536
64bit,avx,64,64,bytes,96801101.0,ns,8142624
64bit,avx,64,64,bytes,100148789.0,ns,8225712
64bit,avx,64,64,bytes,98807149.0,ns,8308800
64bit,t1ha,1,1,bytes,1012633.0,ns,380408
64bit,t1ha,1,1,bytes,2004886.0,ns,760816
64bit,t1ha,1,1,bytes,3010876.0,ns,1141224
64bit,t1ha,1,1,bytes,4093533.0,ns,1521632
64bit,t1ha,1,1,bytes,5101927.0,ns,1902040
64bit,t1ha,1,1,bytes,6227074.0,ns,2282448
64bit,t1ha,1,1,bytes,6937010.0,ns,2662856
64bit,t1ha,1,1,bytes,7925777.0,ns,3043264
64bit,t1ha,1,1,bytes,8936336.0,ns,3423672
64bit,t1ha,1,1,bytes,9811426.0,ns,3804080
64bit,t1ha,1,1,bytes,10837294.0,ns,4184488
64bit,t1ha,1,1,bytes,11791775.0,ns,4564896
64bit,t1ha,1,1,bytes,12802324.0,ns,4945304
64bit,t1ha,1,1,bytes,13772867.0,ns,5325712
64bit,t1ha,1,1,bytes,14732778.0,ns,5706120
64bit,t1ha,1,1,bytes,15788162.0,ns,6086528
64bit,t1ha,1,1,bytes,16784614.0,ns,6466936
64bit,t1ha,1,1,bytes,18279026.0,ns,6847344
64bit,t1ha,1,1,bytes,19210038.0,ns,7227752
64bit,t1ha,1,1,bytes,19718875.0,ns,7608160
64bit,t1ha,1,1,bytes,20729172.0,ns,7988568
64bit,t1ha,1,1,bytes,21905097.0,ns,8368976
64bit,t1ha,1,1,bytes,22733347.0,ns,8749384
64bit,t1ha,1,1,bytes,23677950.0,ns,9129792
64bit,t1ha,1,1,bytes,24732013.0,ns,9510200
64bit,t1ha,1,1,bytes,25586463.0,ns,9890608
64bit,t1ha,1,1,bytes,26737670.0,ns,10271016
64bit,t1ha,1,1,bytes,27555331.0,ns,10651424
64bit,t1ha,1,1,bytes,28825716.0,ns,11031832
64bit,t1ha,1,1,bytes,29644868.0,ns,11412240
64bit,t1ha,1,1,bytes,30753093.0,ns,11792648
64bit,t1ha,1,1,bytes,32060058.0,ns,12173056
64bit,t1ha,1,1,bytes,32911162.0,ns,12553464
64bit,t1ha,1,1,bytes,34358654.0,ns,12933872
64bit,t1ha,1,1,bytes,35401575.0,ns,13314280
64bit,t1ha,1,1,bytes,35502668.0,ns,13694688
64bit,t1ha,1,1,bytes,36439687.0,ns,14075096
64bit,t1ha,1,1,bytes,37409989.0,ns,14455504
64bit,t1ha,1,1,bytes,38337920.0,ns,14835912
64bit,t1ha,1,1,bytes,39450834.0,ns,15216320
64bit,t1ha,1,1,bytes,40443718.0,ns,15596728
64bit,t1ha,1,1,bytes,41462563.0,ns,15977136
64bit,t1ha,1,1,bytes,42611055.0,ns,16357544
64bit,t1ha,1,1,bytes,45190718.0,ns,16737952
64bit,t1ha,1,1,bytes,44432281.0,ns,17118360
64bit,t1ha,1,1,bytes,45322520.0,ns,17498768
64bit,t1ha,1,1,bytes,46378425.0,ns,17879176
64bit,t1ha,1,1,bytes,47541524.0,ns,18259584
64bit,t1ha,1,1,bytes,48273482.0,ns,18639992
64bit,t1ha,1,1,bytes,49267610.0,ns,19020400
64bit,t1ha,1,1,bytes,50553463.0,ns,19400808
64bit,t1ha,1,1,bytes,51301391.0,ns,19781216
64bit,t1ha,1,1,bytes,52550414.0,ns,20161624
64bit,t1ha,1,1,bytes,53418361.0,ns,20542032
64bit,t1ha,1,1,bytes,54299312.0,ns,20922440
64bit,t1ha,1,1,bytes,55082548.0,ns,21302848
64bit,t1ha,1,1,bytes,56407807.0,ns,21683256
64bit,t1ha,1,1,bytes,57251056.0,ns,22063664
64bit,t1ha,1,1,bytes,58260853.0,ns,22444072
64bit,t1ha,1,1,bytes,59169538.0,ns,22824480
64bit,t1ha,1,1,bytes,60320208.0,ns,23204888
64bit,t1ha,1,1,bytes,62208707.0,ns,23585296
64bit,t1ha,1,1,bytes,63983504.0,ns,23965704
64bit,t1ha,1,1,bytes,63691027.0,ns,24346112
64bit,t1ha,1,1,bytes,65348100.0,ns,24726520
64bit,t1ha,1,1,bytes,66904860.0,ns,25106928
64bit,t1ha,1,1,bytes,67792686.0,ns,25487336
64bit,t1ha,1,1,bytes,70037208.0,ns,25867744
64bit,t1ha,1,1,bytes,69266397.0,ns,26248152
64bit,t1ha,1,1,bytes,69666481.0,ns,26628560
64bit,t1ha,1,1,bytes,70413707.0,ns,27008968
64bit,t1ha,1,1,bytes,71870999.0,ns,27389376
64bit,t1ha,1,1,bytes,72242748.0,ns,27769784
64bit,t1ha,1,1,bytes,74036211.0,ns,28150192
64bit,t1ha,1,1,bytes,74541375.0,ns,28530600
64bit,t1ha,1,1,bytes,75094261.0,ns,28911008
64bit,t1ha,1,1,bytes,78206140.0,ns,29291416
64bit,t1ha,1,1,bytes,77416673.0,ns,29671824
64bit,t1ha,1,1,bytes,78805103.0,ns,30052232
64bit,t1ha,1,1,bytes,79436287.0,ns,30432640
64bit,t1ha,1,1,bytes,80175568.0,ns,30813048
64bit,t1ha,1,1,bytes,80938324.0,ns,31193456
64bit,t1ha,1,1,bytes,82861645.0,ns,31573864
64bit,t1ha,1,1,bytes,83142421.0,ns,31954272
64bit,t1ha,1,1,bytes,84036186.0,ns,32334680
64bit,t1ha,1,1,bytes,85253810.0,ns,32715088
64bit,t1ha,1,1,bytes,85881358.0,ns,33095496
64bit,t1ha,1,1,bytes,87032465.0,ns,33475904
64bit,t1ha,1,1,bytes,89669327.0,ns,33856312
64bit,t1ha,1,1,bytes,89490376.0,ns,34236720
64bit,t1ha,1,1,bytes,90460337.0,ns,34617128
64bit,t1ha,1,1,bytes,93436297.0,ns,34997536
64bit,t1ha,1,1,bytes,91736893.0,ns,35377944
64bit,t1ha,1,1,bytes,92734688.0,ns,35758352
64bit,t1ha,1,1,bytes,95054500.0,ns,36138760
64bit,t1ha,1,1,bytes,95360088.0,ns,36519168
64bit,t1ha,1,1,bytes,95915478.0,ns,36899576
64bit,t1ha,1,1,bytes,97652844.0,ns,37279984
64bit,t1ha,1,1,bytes,97727366.0,ns,37660392
64bit,t1ha,1,1,bytes,100693768.0,ns,38040800
64bit,t1ha,64,64,bytes,989689.0,ns,286424
64bit,t1ha,64,64,bytes,1979046.0,ns,572848
64bit,t1ha,64,64,bytes,2952855.0,ns,859272
64bit,t1ha,64,64,bytes,3949417.0,ns,1145696
64bit,t1ha,64,64,bytes,4950276.0,ns,1432120
64bit,t1ha,64,64,bytes,5933542.0,ns,1718544
64bit,t1ha,64,64,bytes,6916408.0,ns,2004968
64bit,t1ha,64,64,bytes,7889285.0,ns,2291392
64bit,t1ha,64,64,bytes,8884314.0,ns,2577816
64bit,t1ha,64,64,bytes,9865686.0,ns,2864240
64bit,t1ha,64,64,bytes,10842831.0,ns,3150664
64bit,t1ha,64,64,bytes,11837940.0,ns,3437088
64bit,t1ha,64,64,bytes,12824383.0,ns,3723512
64bit,t1ha,64,64,bytes,13780066.0,ns,4009936
64bit,t1ha,64,64,bytes,14800944.0,ns,4296360
64bit,t1ha,64,64,bytes,15805250.0,ns,4582784
64bit,t1ha,64,64,bytes,16802193.0,ns,4869208
64bit,t1ha,64,64,bytes,17756855.0,ns,5155632
64bit,t1ha,64,64,bytes,18757765.0,ns,5442056
64bit,t1ha,64,64,bytes,19905084.0,ns,5728480
64bit,t1ha,64,64,bytes,20701874.0,ns,6014904
64bit,t1ha,64,64,bytes,21862840.0,ns,6301328
64bit,t1ha,64,64,bytes,23167389.0,ns,6587752
64bit,t1ha,64,64,bytes,23855192.0,ns,6874176
64bit,t1ha,64,64,bytes,24726305.0,ns,7160600
64bit,t1ha,64,64,bytes,25744247.0,ns,7447024
64bit,t1ha,64,64,bytes,26830459.0,ns,7733448
64bit,t1ha,64,64,bytes,27647840.0,ns,8019872
64bit,t1ha,64,64,bytes,28680661.0,ns,8306296
64bit,t1ha,64,64,bytes,29641995.0,ns,8592720
64bit,t1ha,64,64,bytes,30618829.0,ns,8879144
64bit,t1ha,64,64,bytes,31576617.0,ns,9165568
64bit,t1ha,64,64,bytes,32545916.0,ns,9451992
64bit,t1ha,64,64,bytes,33533561.0,ns,9738416
64bit,t1ha,64,64,bytes,35230779.0,ns,10024840
64bit,t1ha,64,64,bytes,36059201.0,ns,10311264
64bit,t1ha,64,64,bytes,36549095.0,ns,10597688
64bit,t1ha,64,64,bytes,37560155.0,ns,10884112
64bit,t1ha,64,64,bytes,38494798.0,ns,11170536
64bit,t1ha,64,64,bytes,39428300.0,ns,11456960
64bit,t1ha,64,64,bytes,40613601.0,ns,11743384
64bit,t1ha,64,64,bytes,41573604.0,ns,12029808
64bit,t1ha,64,64,bytes,42862830.0,ns,12316232
64bit,t1ha,64,64,bytes,43478970.0,ns,12602656
64bit,t1ha,64,64,bytes,44413022.0,ns,12889080
64bit,t1ha,64,64,bytes,45434562.0,ns,13175504
64bit,t1ha,64,64,bytes,46337024.0,ns,13461928
64bit,t1ha,64,64,bytes,47426061.0,ns,13748352
64bit,t1ha,64,64,bytes,48700905.0,ns,14034776
64bit,t1ha,64,64,bytes,49456577.0,ns,14321200
64bit,t1ha,64,64,bytes,50463148.0,ns,14607624
64bit,t1ha,64,64,bytes,51572825.0,ns,14894048
64bit,t1ha,64,64,bytes,52366970.0,ns,15180472
64bit,t1ha,64,64,bytes,53322914.0,ns,15466896
64bit,t1ha,64,64,bytes,54255023.0,ns,15753320
64bit,t1ha,64,64,bytes,55229883.0,ns,16039744
64bit,t1ha,64,64,bytes,57401297.0,ns,16326168
64bit,t1ha,64,64,bytes,57412158.0,ns,16612592
64bit,t1ha,64,64,bytes,58284903.0,ns,16899016
64bit,t1ha,64,64,bytes,59147650.0,ns,17185440
64bit,t1ha,64,64,bytes,60429186.0,ns,17471864
64bit,t1ha,64,64,bytes,61203152.0,ns,17758288
64bit,t1ha,64,64,bytes,62177101.0,ns,18044712
64bit,t1ha,64,64,bytes,63193881.0,ns,18331136
64bit,t1ha,64,64,bytes,64194630.0,ns,18617560
64bit,t1ha,64,64,bytes,65260695.0,ns,18903984
64bit,t1ha,64,64,bytes,66059018.0,ns,19190408
64bit,t1ha,64,64,bytes,67231977.0,ns,19476832
64bit,t1ha,64,64,bytes,68255560.0,ns,19763256
64bit,t1ha,64,64,bytes,70356479.0,ns,20049680
64bit,t1ha,64,64,bytes,70150235.0,ns,20336104
64bit,t1ha,64,64,bytes,71105268.0,ns,20622528
64bit,t1ha,64,64,bytes,73593536.0,ns,20908952
64bit,t1ha,64,64,bytes,73103602.0,ns,21195376
64bit,t1ha,64,64,bytes,73994993.0,ns,21481800
64bit,t1ha,64,64,bytes,75240269.0,ns,21768224
64bit,t1ha,64,64,bytes,76095130.0,ns,22054648
64bit,t1ha,64,64,bytes,77016088.0,ns,22341072
64bit,t1ha,64,64,bytes,77994514.0,ns,22627496
64bit,t1ha,64,64,bytes,79152764.0,ns,22913920
64bit,t1ha,64,64,bytes,80108849.0,ns,23200344
64bit,t1ha,64,64,bytes,81125640.0,ns,23486768
64bit,t1ha,64,64,bytes,82052608.0,ns,23773192
64bit,t1ha,64,64,bytes,82827176.0,ns,24059616
64bit,t1ha,64,64,bytes,83810603.0,ns,24346040
64bit,t1ha,64,64,bytes,86189773.0,ns,24632464
64bit,t1ha,64,64,bytes,85928134.0,ns,24918888
64bit,t1ha,64,64,bytes,86841868.0,ns,25205312
64bit,t1ha,64,64,bytes,88067166.0,ns,25491736
64bit,t1ha,64,64,bytes,88848076.0,ns,25778160
64bit,t1ha,64,64,bytes,90311514.0,ns,26064584
64bit,t1ha,64,64,bytes,91324191.0,ns,26351008
64bit,t1ha,64,64,bytes,91950887.0,ns,26637432
64bit,t1ha,64,64,bytes,93058250.0,ns,26923856
64bit,t1ha,64,64,bytes,94030876.0,ns,27210280
64bit,t1ha,64,64,bytes,94811577.0,ns,27496704
64bit,t1ha,64,64,bytes,97470851.0,ns,27783128
64bit,t1ha,64,64,bytes,97008117.0,ns,28069552
64bit,t1ha,64,64,bytes,97997966.0,ns,28355976
64bit,t1ha,64,64,bytes,98974550.0,ns,28642400
64bit,t1ha,16,16,bytes,993836.0,ns,356683
64bit,t1ha,16,16,bytes,1925324.0,ns,713366
64bit,t1ha,16,16,bytes,2953056.0,ns,1070049
64bit,t1ha,16,16,bytes,3895554.0,ns,1426732
64bit,t1ha,16,16,bytes,4854133.0,ns,1783415
64bit,t1ha,16,16,bytes,5935217.0,ns,2140098
64bit,t1ha,16,16,bytes,6846946.0,ns,2496781
64bit,t1ha,16,16,bytes,7838588.0,ns,2853464
64bit,t1ha,16,16,bytes,8784504.0,ns,3210147
64bit,t1ha,16,16,bytes,9842663.0,ns,3566830
64bit,t1ha,16,16,bytes,10803446.0,ns,3923513
64bit,t1ha,16,16,bytes,11875132.0,ns,4280196
64bit,t1ha,16,16,bytes,12762334.0,ns,4636879
64bit,t1ha,16,16,bytes,13915365.0,ns,4993562
64bit,t1ha,16,16,bytes,14745479.0,ns,5350245
64bit,t1ha,16,16,bytes,15625789.0,ns,5706928
64bit,t1ha,16,16,bytes,16740868.0,ns,6063611
64bit,t1ha,16,16,bytes,17870293.0,ns,6420294
64bit,t1ha,16,16,bytes,19401625.0,ns,6776977
64bit,t1ha,16,16,bytes,20683421.0,ns,7133660
64bit,t1ha,16,16,bytes,20734839.0,ns,7490343
64bit,t1ha,16,16,bytes,21668772.0,ns,7847026
64bit,t1ha,16,16,bytes,22703827.0,ns,8203709
64bit,t1ha,16,16,bytes,23509144.0,ns,8560392
64bit,t1ha,16,16,bytes,24510144.0,ns,8917075
64bit,t1ha,16,16,bytes,25595935.0,ns,9273758
64bit,t1ha,16,16,bytes,26483329.0,ns,9630441
64bit,t1ha,16,16,bytes,27592235.0,ns,9987124
64bit,t1ha,16,16,bytes,28630396.0,ns,10343807
64bit,t1ha,16,16,bytes,29494315.0,ns,10700490
64bit,t1ha,16,16,bytes,30648853.0,ns,11057173
64bit,t1ha,16,16,bytes,31565527.0,ns,11413856
64bit,t1ha,16,16,bytes,32343513.0,ns,11770539
64bit,t1ha,16,16,bytes,33440887.0,ns,12127222
64bit,t1ha,16,16,bytes,34368722.0,ns,12483905
64bit,t1ha,16,16,bytes,35331444.0,ns,12840588
64bit,t1ha,16,16,bytes,36616567.0,ns,13197271
64bit,t1ha,16,16,bytes,38490543.0,ns,13553954
64bit,t1ha,16,16,bytes,38458271.0,ns,13910637
64bit,t1ha,16,16,bytes,39377386.0,ns,14267320
64bit,t1ha,16,16,bytes,40614076.0,ns,14624003
64bit,t1ha,16,16,bytes,41223268.0,ns,14980686
64bit,t1ha,16,16,bytes,42296937.0,ns,15337369
64bit,t1ha,16,16,bytes,43103756.0,ns,15694052
64bit,t1ha,16,16,bytes,44231258.0,ns,16050735
64bit,t1ha,16,16,bytes,45065421.0,ns,16407418
64bit,t1ha,16,16,bytes,45999182.0,ns,16764101
64bit,t1ha,16,16,bytes,47245110.0,ns,17120784
64bit,t1ha,16,16,bytes,49560138.0,ns,17477467
64bit,t1ha,16,16,bytes,49017081.0,ns,17834150
64bit,t1ha,16,16,bytes,50434326.0,ns,18190833
64bit,t1ha,16,16,bytes,51319856.0,ns,18547516
64bit,t1ha,16,16,bytes,52190707.0,ns,18904199
64bit,t1ha,16,16,bytes,52953143.0,ns,19260882
64bit,t1ha,16,16,bytes,54022884.0,ns,19617565
64bit,t1ha,16,16,bytes,55047500.0,ns,19974248
64bit,t1ha,16,16,bytes,55801489.0,ns,20330931
64bit,t1ha,16,16,bytes,56791748.0,ns,20687614
64bit,t1ha,16,16,bytes,57776036.0,ns,21044297
64bit,t1ha,16,16,bytes,58941551.0,ns,21400980
64bit,t1ha,16,16,bytes,59714847.0,ns,21757663
64bit,t1ha,16,16,bytes,60883236.0,ns,22114346
64bit,t1ha,16,16,bytes,61795286.0,ns,22471029
64bit,t1ha,16,16,bytes,62842956.0,ns,22827712
64bit,t1ha,16,16,bytes,63635187.0,ns,23184395
64bit,t1ha,16,16,bytes,64748172.0,ns,23541078
64bit,t1ha,16,16,bytes,67521003.0,ns,23897761
64bit,t1ha,16,16,bytes,68296243.0,ns,24254444
64bit,t1ha,16,16,bytes,68227371.0,ns,24611127
64bit,t1ha,16,16,bytes,68962084.0,ns,24967810
64bit,t1ha,16,16,bytes,70004693.0,ns,25324493
64bit,t1ha,16,16,bytes,70632601.0,ns,25681176
64bit,t1ha,16,16,bytes,71617531.0,ns,26037859
64bit,t1ha,16,16,bytes,72784788.0,ns,26394542
64bit,t1ha,16,16,bytes,73786871.0,ns,26751225
64bit,t1ha,16,16,bytes,74684274.0,ns,27107908
64bit,t1ha,16,16,bytes,75940480.0,ns,27464591
64bit,t1ha,16,16,bytes,76652319.0,ns,27821274
64bit,t1ha,16,16,bytes,77745264.0,ns,28177957
64bit,t1ha,16,16,bytes,79006231.0,ns,28534640
64bit,t1ha,16,16,bytes,80139825.0,ns,28891323
64bit,t1ha,16,16,bytes,81106639.0,ns,29248006
64bit,t1ha,16,16,bytes,81897248.0,ns,29604689
64bit,t1ha,16,16,bytes,87376324.0,ns,29961372
64bit,t1ha,16,16,bytes,86113685.0,ns,30318055
64bit,t1ha,16,16,bytes,84596348.0,ns,30674738
64bit,t1ha,16,16,bytes,85412827.0,ns,31031421
64bit,t1ha,16,16,bytes,86385423.0,ns,31388104
64bit,t1ha,16,16,bytes,87407984.0,ns,31744787
64bit,t1ha,16,16,bytes,88360291.0,ns,32101470
64bit,t1ha,16,16,bytes,89277592.0,ns,32458153
64bit,t1ha,16,16,bytes,91788002.0,ns,32814836
64bit,t1ha,16,16,bytes,92016088.0,ns,33171519
64bit,t1ha,16,16,bytes,92477388.0,ns,33528202
64bit,t1ha,16,16,bytes,93651108.0,ns,33884885
64bit,t1ha,16,16,bytes,94597023.0,ns,34241568
64bit,t1ha,16,16,bytes,95075747.0,ns,34598251
64bit,t1ha,16,16,bytes,97107494.0,ns,34954934
64bit,t1ha,16,16,bytes,97605224.0,ns,35311617
64bit,t1ha,16,16,bytes,98125647.0,ns,35668300
64bit,t1ha,1024,1024,bytes,978868.0,ns,86667
64bit,t1ha,1024,1024,bytes,1954370.0,ns,173334
64bit,t1ha,1024,1024,bytes,2929821.0,ns,260001
64bit,t1ha,1024,1024,bytes,3915802.0,ns,346668
64bit,t1ha,1024,1024,bytes,4916953.0,ns,433335
64bit,t1ha,1024,1024,bytes,5888266.0,ns,520002
64bit,t1ha,1024,1024,bytes,6889797.0,ns,606669
64bit,t1ha,1024,1024,bytes,7810404.0,ns,693336
64bit,t1ha,1024,1024,bytes,8828476.0,ns,780003
64bit,t1ha,1024,1024,bytes,9793358.0,ns,866670
64bit,t1ha,1024,1024,bytes,10753128.0,ns,953337
64bit,t1ha,1024,1024,bytes,11814353.0,ns,1040004
64bit,t1ha,1024,1024,bytes,12768635.0,ns,1126671
64bit,t1ha,1024,1024,bytes,13677359.0,ns,1213338
64bit,t1ha,1024,1024,bytes,14803357.0,ns,1300005
64bit,t1ha,1024,1024,bytes,15706280.0,ns,1386672
64bit,t1ha,1024,1024,bytes,16762705.0,ns,1473339
64bit,t1ha,1024,1024,bytes,17740372.0,ns,1560006
64bit,t1ha,1024,1024,bytes,18588751.0,ns,1646673
64bit,t1ha,1024,1024,bytes,19671887.0,ns,1733340
64bit,t1ha,1024,1024,bytes,20874923.0,ns,1820007
64bit,t1ha,1024,1024,bytes,21622218.0,ns,1906674
64bit,t1ha,1024,1024,bytes,22525462.0,ns,1993341
64bit,t1ha,1024,1024,bytes,23589102.0,ns,2080008
64bit,t1ha,1024,1024,bytes,24529186.0,ns,2166675
64bit,t1ha,1024,1024,bytes,25513523.0,ns,2253342
64bit,t1ha,1024,1024,bytes,26521868.0,ns,2340009
64bit,t1ha,1024,1024,bytes,27448395.0,ns,2426676
64bit,t1ha,1024,1024,bytes,28458704.0,ns,2513343
64bit,t1ha,1024,1024,bytes,29376765.0,ns,2600010
64bit,t1ha,1024,1024,bytes,30471264.0,ns,2686677
64bit,t1ha,1024,1024,bytes,31449010.0,ns,2773344
64bit,t1ha,1024,1024,bytes,32364867.0,ns,2860011
64bit,t1ha,1024,1024,bytes,33358313.0,ns,2946678
64bit,t1ha,1024,1024,bytes,34338894.0,ns,3033345
64bit,t1ha,1024,1024,bytes,35221589.0,ns,3120012
64bit,t1ha,1024,1024,bytes,36340824.0,ns,3206679
64bit,t1ha,1024,1024,bytes,37234288.0,ns,3293346
64bit,t1ha,1024,1024,bytes,38480026.0,ns,3380013
64bit,t1ha,1024,1024,bytes,40953936.0,ns,3466680
64bit,t1ha,1024,1024,bytes,40178106.0,ns,3553347
64bit,t1ha,1024,1024,bytes,41240943.0,ns,3640014
64bit,t1ha,1024,1024,bytes,42190667.0,ns,3726681
64bit,t1ha,1024,1024,bytes,43099130.0,ns,3813348
64bit,t1ha,1024,1024,bytes,44233414.0,ns,3900015
64bit,t1ha,1024,1024,bytes,46964004.0,ns,3986682
64bit,t1ha,1024,1024,bytes,47381902.0,ns,4073349
64bit,t1ha,1024,1024,bytes,48405285.0,ns,4160016
64bit,t1ha,1024,1024,bytes,48415494.0,ns,4246683
64bit,t1ha,1024,1024,bytes,51258840.0,ns,4333350
64bit,t1ha,1024,1024,bytes,52032696.0,ns,4420017
64bit,t1ha,1024,1024,bytes,51558732.0,ns,4506684
64bit,t1ha,1024,1024,bytes,51995365.0,ns,4593351
64bit,t1ha,1024,1024,bytes,53019720.0,ns,4680018
64bit,t1ha,1024,1024,bytes,54140358.0,ns,4766685
64bit,t1ha,1024,1024,bytes,54992684.0,ns,4853352
64bit,t1ha,1024,1024,bytes,55905806.0,ns,4940019
64bit,t1ha,1024,1024,bytes,56946272.0,ns,5026686
64bit,t1ha,1024,1024,bytes,57993280.0,ns,5113353
64bit,t1ha,1024,1024,bytes,60520502.0,ns,5200020
64bit,t1ha,1024,1024,bytes,59917652.0,ns,5286687
64bit,t1ha,1024,1024,bytes,60810996.0,ns,5373354
64bit,t1ha,1024,1024,bytes,61635741.0,ns,5460021
64bit,t1ha,1024,1024,bytes,62716913.0,ns,5546688
64bit,t1ha,1024,1024,bytes,63656607.0,ns,5633355
64bit,t1ha,1024,1024,bytes,64815938.0,ns,5720022
64bit,t1ha,1024,1024,bytes,65802902.0,ns,5806689
64bit,t1ha,1024,1024,bytes,66568613.0,ns,5893356
64bit,t1ha,1024,1024,bytes,67495381.0,ns,5980023
64bit,t1ha,1024,1024,bytes,68558270.0,ns,6066690
64bit,t1ha,1024,1024,bytes,69717371.0,ns,6153357
64bit,t1ha,1024,1024,bytes,70568455.0,ns,6240024
64bit,t1ha,1024,1024,bytes,71460307.0,ns,6326691
64bit,t1ha,1024,1024,bytes,72573722.0,ns,6413358
64bit,t1ha,1024,1024,bytes,74770454.0,ns,6500025
64bit,t1ha,1024,1024,bytes,75614915.0,ns,6586692
64bit,t1ha,1024,1024,bytes,75516226.0,ns,6673359
64bit,t1ha,1024,1024,bytes,76484393.0,ns,6760026
64bit,t1ha,1024,1024,bytes,77562541.0,ns,6846693
64bit,t1ha,1024,1024,bytes,78567619.0,ns,6933360
64bit,t1ha,1024,1024,bytes,79700711.0,ns,7020027
64bit,t1ha,1024,1024,bytes,80371451.0,ns,7106694
64bit,t1ha,1024,1024,bytes,81344849.0,ns,7193361
64bit,t1ha,1024,1024,bytes,85030021.0,ns,7280028
64bit,t1ha,1024,1024,bytes,83266905.0,ns,7366695
64bit,t1ha,1024,1024,bytes,84231987.0,ns,7453362
64bit,t1ha,1024,1024,bytes,85326737.0,ns,7540029
64bit,t1ha,1024,1024,bytes,87982685.0,ns,7626696
64bit,t1ha,1024,1024,bytes,87328085.0,ns,7713363
64bit,t1ha,1024,1024,bytes,88216189.0,ns,7800030
64bit,t1ha,1024,1024,bytes,89421910.0,ns,7886697
64bit,t1ha,1024,1024,bytes,90402692.0,ns,7973364
64bit,t1ha,1024,1024,bytes,91378895.0,ns,8060031
64bit,t1ha,1024,1024,bytes,92283521.0,ns,8146698
64bit,t1ha,1024,1024,bytes,93304630.0,ns,8233365
64bit,t1ha,1024,1024,bytes,94197483.0,ns,8320032
64bit,t1ha,1024,1024,bytes,95088383.0,ns,8406699
64bit,t1ha,1024,1024,bytes,96156020.0,ns,8493366
64bit,t1ha,1024,1024,bytes,98874137.0,ns,8580033
64bit,t1ha,1024,1024,bytes,98609311.0,ns,8666700
64bit,hashmap default,4,4,bytes,977035.0,ns,188750
64bit,hashmap default,4,4,bytes,1977534.0,ns,377500
64bit,hashmap default,4,4,bytes,2931084.0,ns,566250
64bit,hashmap default,4,4,bytes,3933186.0,ns,755000
64bit,hashmap default,4,4,bytes,4921894.0,ns,943750
64bit,hashmap default,4,4,bytes,5921000.0,ns,1132500
64bit,hashmap default,4,4,bytes,6835125.0,ns,1321250
64bit,hashmap default,4,4,bytes,7873907.0,ns,1510000
64bit,hashmap default,4,4,bytes,8804133.0,ns,1698750
64bit,hashmap default,4,4,bytes,9815924.0,ns,1887500
64bit,hashmap default,4,4,bytes,10764955.0,ns,2076250
64bit,hashmap default,4,4,bytes,11880594.0,ns,2265000
64bit,hashmap default,4,4,bytes,12788647.0,ns,2453750
64bit,hashmap default,4,4,bytes,13806379.0,ns,2642500
64bit,hashmap default,4,4,bytes,14741343.0,ns,2831250
64bit,hashmap default,4,4,bytes,15737575.0,ns,3020000
64bit,hashmap default,4,4,bytes,16671507.0,ns,3208750
64bit,hashmap default,4,4,bytes,17693208.0,ns,3397500
64bit,hashmap default,4,4,bytes,18599838.0,ns,3586250
64bit,hashmap default,4,4,bytes,20821192.0,ns,3775000
64bit,hashmap default,4,4,bytes,20457272.0,ns,3963750
64bit,hashmap default,4,4,bytes,21636864.0,ns,4152500
64bit,hashmap default,4,4,bytes,22480693.0,ns,4341250
64bit,hashmap default,4,4,bytes,23450976.0,ns,4530000
64bit,hashmap default,4,4,bytes,24381121.0,ns,4718750
64bit,hashmap default,4,4,bytes,25485479.0,ns,4907500
64bit,hashmap default,4,4,bytes,26326263.0,ns,5096250
64bit,hashmap default,4,4,bytes,27775930.0,ns,5285000
64bit,hashmap default,4,4,bytes,28465206.0,ns,5473750
64bit,hashmap default,4,4,bytes,29424056.0,ns,5662500
64bit,hashmap default,4,4,bytes,30486704.0,ns,5851250
64bit,hashmap default,4,4,bytes,32224681.0,ns,6040000
64bit,hashmap default,4,4,bytes,32232395.0,ns,6228750
64bit,hashmap default,4,4,bytes,33240559.0,ns,6417500
64bit,hashmap default,4,4,bytes,34256899.0,ns,6606250
64bit,hashmap default,4,4,bytes,35188476.0,ns,6795000
64bit,hashmap default,4,4,bytes,36130084.0,ns,6983750
64bit,hashmap default,4,4,bytes,37277934.0,ns,7172500
64bit,hashmap default,4,4,bytes,38201817.0,ns,7361250
64bit,hashmap default,4,4,bytes,39092437.0,ns,7550000
64bit,hashmap default,4,4,bytes,40093377.0,ns,7738750
64bit,hashmap default,4,4,bytes,40994156.0,ns,7927500
64bit,hashmap default,4,4,bytes,42191131.0,ns,8116250
64bit,hashmap default,4,4,bytes,43083244.0,ns,8305000
64bit,hashmap default,4,4,bytes,44772177.0,ns,8493750
64bit,hashmap default,4,4,bytes,45195660.0,ns,8682500
64bit,hashmap default,4,4,bytes,46005180.0,ns,8871250
64bit,hashmap default,4,4,bytes,47017672.0,ns,9060000
64bit,hashmap default,4,4,bytes,47940002.0,ns,9248750
64bit,hashmap default,4,4,bytes,48995988.0,ns,9437500
64bit,hashmap default,4,4,bytes,49858243.0,ns,9626250
64bit,hashmap default,4,4,bytes,50787116.0,ns,9815000
64bit,hashmap default,4,4,bytes,51844264.0,ns,10003750
64bit,hashmap default,4,4,bytes,52744722.0,ns,10192500
64bit,hashmap default,4,4,bytes,54679986.0,ns,10381250
64bit,hashmap default,4,4,bytes,55164961.0,ns,10570000
64bit,hashmap default,4,4,bytes,55909753.0,ns,10758750
64bit,hashmap default,4,4,bytes,56812055.0,ns,10947500
64bit,hashmap default,4,4,bytes,57714177.0,ns,11136250
64bit,hashmap default,4,4,bytes,58835867.0,ns,11325000
64bit,hashmap default,4,4,bytes,59627498.0,ns,11513750
64bit,hashmap default,4,4,bytes,60531012.0,ns,11702500
64bit,hashmap default,4,4,bytes,61678963.0,ns,11891250
64bit,hashmap default,4,4,bytes,62627814.0,ns,12080000
64bit,hashmap default,4,4,bytes,63631449.0,ns,12268750
64bit,hashmap default,4,4,bytes,68746221.0,ns,12457500
64bit,hashmap default,4,4,bytes,65423970.0,ns,12646250
64bit,hashmap default,4,4,bytes,66735133.0,ns,12835000
64bit,hashmap default,4,4,bytes,69633945.0,ns,13023750
64bit,hashmap default,4,4,bytes,68916626.0,ns,13212500
64bit,hashmap default,4,4,bytes,71345321.0,ns,13401250
64bit,hashmap default,4,4,bytes,72310944.0,ns,13590000
64bit,hashmap default,4,4,bytes,71791152.0,ns,13778750
64bit,hashmap default,4,4,bytes,72462203.0,ns,13967500
64bit,hashmap default,4,4,bytes,73302326.0,ns,14156250
64bit,hashmap default,4,4,bytes,74389661.0,ns,14345000
64bit,hashmap default,4,4,bytes,75277345.0,ns,14533750
64bit,hashmap default,4,4,bytes,76318392.0,ns,14722500
64bit,hashmap default,4,4,bytes,77550403.0,ns,14911250
64bit,hashmap default,4,4,bytes,78441193.0,ns,15100000
64bit,hashmap default,4,4,bytes,79172088.0,ns,15288750
64bit,hashmap default,4,4,bytes,80162558.0,ns,15477500
64bit,hashmap default,4,4,bytes,81416080.0,ns,15666250
64bit,hashmap default,4,4,bytes,83744745.0,ns,15855000
64bit,hashmap default,4,4,bytes,85443247.0,ns,16043750
64bit,hashmap default,4,4,bytes,84153425.0,ns,16232500
64bit,hashmap default,4,4,bytes,85188992.0,ns,16421250
64bit,hashmap default,4,4,bytes,86079250.0,ns,16610000
64bit,hashmap default,4,4,bytes,87051937.0,ns,16798750
64bit,hashmap default,4,4,bytes,88157377.0,ns,16987500
64bit,hashmap default,4,4,bytes,89080298.0,ns,17176250
64bit,hashmap default,4,4,bytes,91632659.0,ns,17365000
64bit,hashmap default,4,4,bytes,90907525.0,ns,17553750
64bit,hashmap default,4,4,bytes,91862488.0,ns,17742500
64bit,hashmap default,4,4,bytes,92936367.0,ns,17931250
64bit,hashmap default,4,4,bytes,95428634.0,ns,18120000
64bit,hashmap default,4,4,bytes,95000055.0,ns,18308750
64bit,hashmap default,4,4,bytes,96566835.0,ns,18497500
64bit,hashmap default,4,4,bytes,97796262.0,ns,18686250
64bit,hashmap default,4,4,bytes,97882597.0,ns,18875000
64bit,hashmap default,16384,16384,bytes,1000049.0,ns,380
64bit,hashmap default,16384,16384,bytes,1983404.0,ns,760
64bit,hashmap default,16384,16384,bytes,2985827.0,ns,1140
64bit,hashmap default,16384,16384,bytes,3941992.0,ns,1520
64bit,hashmap default,16384,16384,bytes,4958621.0,ns,1900
64bit,hashmap default,16384,16384,bytes,6033272.0,ns,2280
64bit,hashmap default,16384,16384,bytes,6954981.0,ns,2660
64bit,hashmap default,16384,16384,bytes,7938657.0,ns,3040
64bit,hashmap default,16384,16384,bytes,8955728.0,ns,3420
64bit,hashmap default,16384,16384,bytes,10257372.0,ns,3800
64bit,hashmap default,16384,16384,bytes,11684455.0,ns,4180
64bit,hashmap default,16384,16384,bytes,12463832.0,ns,4560
64bit,hashmap default,16384,16384,bytes,13269659.0,ns,4940
64bit,hashmap default,16384,16384,bytes,13858293.0,ns,5320
64bit,hashmap default,16384,16384,bytes,14858110.0,ns,5700
64bit,hashmap default,16384,16384,bytes,15899888.0,ns,6080
64bit,hashmap default,16384,16384,bytes,16870941.0,ns,6460
64bit,hashmap default,16384,16384,bytes,17883533.0,ns,6840
64bit,hashmap default,16384,16384,bytes,18834417.0,ns,7220
64bit,hashmap default,16384,16384,bytes,19811382.0,ns,7600
64bit,hashmap default,16384,16384,bytes,20865563.0,ns,7980
64bit,hashmap default,16384,16384,bytes,21889007.0,ns,8360
64bit,hashmap default,16384,16384,bytes,22906637.0,ns,8740
64bit,hashmap default,16384,16384,bytes,23840780.0,ns,9120
64bit,hashmap default,16384,16384,bytes,24847511.0,ns,9500
64bit,hashmap default,16384,16384,bytes,25851427.0,ns,9880
64bit,hashmap default,16384,16384,bytes,26729893.0,ns,10260
64bit,hashmap default,16384,16384,bytes,27677271.0,ns,10640
64bit,hashmap default,16384,16384,bytes,28647392.0,ns,11020
64bit,hashmap default,16384,16384,bytes,29626089.0,ns,11400
64bit,hashmap default,16384,16384,bytes,30617551.0,ns,11780
64bit,hashmap default,16384,16384,bytes,31635373.0,ns,12160
64bit,hashmap default,16384,16384,bytes,32640050.0,ns,12540
64bit,hashmap default,16384,16384,bytes,33670917.0,ns,12920
64bit,hashmap default,16384,16384,bytes,34718396.0,ns,13300
64bit,hashmap default,16384,16384,bytes,35738682.0,ns,13680
64bit,hashmap default,16384,16384,bytes,36665401.0,ns,14060
64bit,hashmap default,16384,16384,bytes,37582832.0,ns,14440
64bit,hashmap default,16384,16384,bytes,38636772.0,ns,14820
64bit,hashmap default,16384,16384,bytes,39654905.0,ns,15200
64bit,hashmap default,16384,16384,bytes,40661025.0,ns,15580
64bit,hashmap default,16384,16384,bytes,41514162.0,ns,15960
64bit,hashmap default,16384,16384,bytes,42743258.0,ns,16340
64bit,hashmap default,16384,16384,bytes,43474333.0,ns,16720
64bit,hashmap default,16384,16384,bytes,44526690.0,ns,17100
64bit,hashmap default,16384,16384,bytes,45807985.0,ns,17480
64bit,hashmap default,16384,16384,bytes,47908854.0,ns,17860
64bit,hashmap default,16384,16384,bytes,47641664.0,ns,18240
64bit,hashmap default,16384,16384,bytes,48509450.0,ns,18620
64bit,hashmap default,16384,16384,bytes,49620499.0,ns,19000
64bit,hashmap default,16384,16384,bytes,50869092.0,ns,19380
64bit,hashmap default,16384,16384,bytes,51588265.0,ns,19760
64bit,hashmap default,16384,16384,bytes,52487842.0,ns,20140
64bit,hashmap default,16384,16384,bytes,53490824.0,ns,20520
64bit,hashmap default,16384,16384,bytes,54586425.0,ns,20900
64bit,hashmap default,16384,16384,bytes,55584039.0,ns,21280
64bit,hashmap default,16384,16384,bytes,56415867.0,ns,21660
64bit,hashmap default,16384,16384,bytes,57491489.0,ns,22040
64bit,hashmap default,16384,16384,bytes,58271397.0,ns,22420
64bit,hashmap default,16384,16384,bytes,59521732.0,ns,22800
64bit,hashmap default,16384,16384,bytes,60274659.0,ns,23180
64bit,hashmap default,16384,16384,bytes,62536615.0,ns,23560
64bit,hashmap default,16384,16384,bytes,62789958.0,ns,23940
64bit,hashmap default,16384,16384,bytes,63886701.0,ns,24320
64bit,hashmap default,16384,16384,bytes,65839748.0,ns,24700
64bit,hashmap default,16384,16384,bytes,65471375.0,ns,25080
64bit,hashmap default,16384,16384,bytes,66528602.0,ns,25460
64bit,hashmap default,16384,16384,bytes,67332406.0,ns,25840
64bit,hashmap default,16384,16384,bytes,68226852.0,ns,26220
64bit,hashmap default,16384,16384,bytes,69198175.0,ns,26600
64bit,hashmap default,16384,16384,bytes,70119083.0,ns,26980
64bit,hashmap default,16384,16384,bytes,71127848.0,ns,27360
64bit,hashmap default,16384,16384,bytes,72359848.0,ns,27740
64bit,hashmap default,16384,16384,bytes,73185615.0,ns,28120
64bit,hashmap default,16384,16384,bytes,74338734.0,ns,28500
64bit,hashmap default,16384,16384,bytes,75525879.0,ns,28880
64bit,hashmap default,16384,16384,bytes,76292022.0,ns,29260
64bit,hashmap default,16384,16384,bytes,77266070.0,ns,29640
64bit,hashmap default,16384,16384,bytes,79812228.0,ns,30020
64bit,hashmap default,16384,16384,bytes,79348964.0,ns,30400
64bit,hashmap default,16384,16384,bytes,80394860.0,ns,30780
64bit,hashmap default,16384,16384,bytes,81241766.0,ns,31160
64bit,hashmap default,16384,16384,bytes,82089734.0,ns,31540
64bit,hashmap default,16384,16384,bytes,83197928.0,ns,31920
64bit,hashmap default,16384,16384,bytes,84318096.0,ns,32300
64bit,hashmap default,16384,16384,bytes,85540373.0,ns,32680
64bit,hashmap default,16384,16384,bytes,86152126.0,ns,33060
64bit,hashmap default,16384,16384,bytes,86981498.0,ns,33440
64bit,hashmap default,16384,16384,bytes,88106435.0,ns,33820
64bit,hashmap default,16384,16384,bytes,89153692.0,ns,34200
64bit,hashmap default,16384,16384,bytes,91707115.0,ns,34580
64bit,hashmap default,16384,16384,bytes,91337960.0,ns,34960
64bit,hashmap default,16384,16384,bytes,92224662.0,ns,35340
64bit,hashmap default,16384,16384,bytes,92952050.0,ns,35720
64bit,hashmap default,16384,16384,bytes,93937160.0,ns,36100
64bit,hashmap default,16384,16384,bytes,95113274.0,ns,36480
64bit,hashmap default,16384,16384,bytes,96339785.0,ns,36860
64bit,hashmap default,16384,16384,bytes,97510748.0,ns,37240
64bit,hashmap default,16384,16384,bytes,98408702.0,ns,37620
64bit,hashmap default,16384,16384,bytes,99149035.0,ns,38000
64bit,t1ha,65536,65536,bytes,974660.0,ns,1609
64bit,t1ha,65536,65536,bytes,1952094.0,ns,3218
64bit,t1ha,65536,65536,bytes,2936482.0,ns,4827
64bit,t1ha,65536,65536,bytes,3915090.0,ns,6436
64bit,t1ha,65536,65536,bytes,4864091.0,ns,8045
64bit,t1ha,65536,65536,bytes,5846826.0,ns,9654
64bit,t1ha,65536,65536,bytes,6814462.0,ns,11263
64bit,t1ha,65536,65536,bytes,7997570.0,ns,12872
64bit,t1ha,65536,65536,bytes,9054226.0,ns,14481
64bit,t1ha,65536,65536,bytes,10004218.0,ns,16090
64bit,t1ha,65536,65536,bytes,11029845.0,ns,17699
64bit,t1ha,65536,65536,bytes,12016438.0,ns,19308
64bit,t1ha,65536,65536,bytes,12778242.0,ns,20917
64bit,t1ha,65536,65536,bytes,13760035.0,ns,22526
64bit,t1ha,65536,65536,bytes,14646095.0,ns,24135
64bit,t1ha,65536,65536,bytes,15598292.0,ns,25744
64bit,t1ha,65536,65536,bytes,16551421.0,ns,27353
64bit,t1ha,65536,65536,bytes,17535789.0,ns,28962
64bit,t1ha,65536,65536,bytes,18671777.0,ns,30571
64bit,t1ha,65536,65536,bytes,19484377.0,ns,32180
64bit,t1ha,65536,65536,bytes,20469847.0,ns,33789
64bit,t1ha,65536,65536,bytes,21475526.0,ns,35398
64bit,t1ha,65536,65536,bytes,22457260.0,ns,37007
64bit,t1ha,65536,65536,bytes,23855437.0,ns,38616
64bit,t1ha,65536,65536,bytes,24611309.0,ns,40225
64bit,t1ha,65536,65536,bytes,25913334.0,ns,41834
64bit,t1ha,65536,65536,bytes,26811988.0,ns,43443
64bit,t1ha,65536,65536,bytes,27413997.0,ns,45052
64bit,t1ha,65536,65536,bytes,28550084.0,ns,46661
64bit,t1ha,65536,65536,bytes,30122525.0,ns,48270
64bit,t1ha,65536,65536,bytes,30463365.0,ns,49879
64bit,t1ha,65536,65536,bytes,31995378.0,ns,51488
64bit,t1ha,65536,65536,bytes,32454965.0,ns,53097
64bit,t1ha,65536,65536,bytes,33381162.0,ns,54706
64bit,t1ha,65536,65536,bytes,34120884.0,ns,56315
64bit,t1ha,65536,65536,bytes,35101536.0,ns,57924
64bit,t1ha,65536,65536,bytes,37257479.0,ns,59533
64bit,t1ha,65536,65536,bytes,38745879.0,ns,61142
64bit,t1ha,65536,65536,bytes,38078355.0,ns,62751
64bit,t1ha,65536,65536,bytes,39204714.0,ns,64360
64bit,t1ha,65536,65536,bytes,40072941.0,ns,65969
64bit,t1ha,65536,65536,bytes,41040597.0,ns,67578
64bit,t1ha,65536,65536,bytes,41928340.0,ns,69187
64bit,t1ha,65536,65536,bytes,43452278.0,ns,70796
64bit,t1ha,65536,65536,bytes,44303453.0,ns,72405
64bit,t1ha,65536,65536,bytes,45117615.0,ns,74014
64bit,t1ha,65536,65536,bytes,46689866.0,ns,75623
64bit,t1ha,65536,65536,bytes,47147509.0,ns,77232
64bit,t1ha,65536,65536,bytes,49007698.0,ns,78841
64bit,t1ha,65536,65536,bytes,48890435.0,ns,80450
64bit,t1ha,65536,65536,bytes,49776134.0,ns,82059
64bit,t1ha,65536,65536,bytes,51025689.0,ns,83668
64bit,t1ha,65536,65536,bytes,52002312.0,ns,85277
64bit,t1ha,65536,65536,bytes,55624443.0,ns,86886
64bit,t1ha,65536,65536,bytes,57317895.0,ns,88495
64bit,t1ha,65536,65536,bytes,57118534.0,ns,90104
64bit,t1ha,65536,65536,bytes,58925832.0,ns,91713
64bit,t1ha,65536,65536,bytes,57130697.0,ns,93322
64bit,t1ha,65536,65536,bytes,60086367.0,ns,94931
64bit,t1ha,65536,65536,bytes,58945680.0,ns,96540
64bit,t1ha,65536,65536,bytes,60381359.0,ns,98149
64bit,t1ha,65536,65536,bytes,60508362.0,ns,99758
64bit,t1ha,65536,65536,bytes,61441241.0,ns,101367
64bit,t1ha,65536,65536,bytes,63631150.0,ns,102976
64bit,t1ha,65536,65536,bytes,64007989.0,ns,104585
64bit,t1ha,65536,65536,bytes,65942070.0,ns,106194
64bit,t1ha,65536,65536,bytes,67742214.0,ns,107803
64bit,t1ha,65536,65536,bytes,68293606.0,ns,109412
64bit,t1ha,65536,65536,bytes,70541946.0,ns,111021
64bit,t1ha,65536,65536,bytes,70035921.0,ns,112630
64bit,t1ha,65536,65536,bytes,70397942.0,ns,114239
64bit,t1ha,65536,65536,bytes,70970864.0,ns,115848
64bit,t1ha,65536,65536,bytes,72243223.0,ns,117457
64bit,t1ha,65536,65536,bytes,75000493.0,ns,119066
64bit,t1ha,65536,65536,bytes,73677880.0,ns,120675
64bit,t1ha,65536,65536,bytes,74936030.0,ns,122284
64bit,t1ha,65536,65536,bytes,75061901.0,ns,123893
64bit,t1ha,65536,65536,bytes,77382729.0,ns,125502
64bit,t1ha,65536,65536,bytes,78201702.0,ns,127111
64bit,t1ha,65536,65536,bytes,79153056.0,ns,128720
64bit,t1ha,65536,65536,bytes,78997419.0,ns,130329
64bit,t1ha,65536,65536,bytes,80549451.0,ns,131938
64bit,t1ha,65536,65536,bytes,82230769.0,ns,133547
64bit,t1ha,65536,65536,bytes,82806248.0,ns,135156
64bit,t1ha,65536,65536,bytes,84108351.0,ns,136765
64bit,t1ha,65536,65536,bytes,85866275.0,ns,138374
64bit,t1ha,65536,65536,bytes,87646662.0,ns,139983
64bit,t1ha,65536,65536,bytes,87282487.0,ns,141592
64bit,t1ha,65536,65536,bytes,86829794.0,ns,143201
64bit,t1ha,65536,65536,bytes,88675596.0,ns,144810
64bit,t1ha,65536,65536,bytes,90681262.0,ns,146419
64bit,t1ha,65536,65536,bytes,92315941.0,ns,148028
64bit,t1ha,65536,65536,bytes,92813291.0,ns,149637
64bit,t1ha,65536,65536,bytes,92482159.0,ns,151246
64bit,t1ha,65536,65536,bytes,92711397.0,ns,152855
64bit,t1ha,65536,65536,bytes,94901184.0,ns,154464
64bit,t1ha,65536,65536,bytes,96033395.0,ns,156073
64bit,t1ha,65536,65536,bytes,99183906.0,ns,157682
64bit,t1ha,65536,65536,bytes,98848035.0,ns,159291
64bit,t1ha,65536,65536,bytes,97747345.0,ns,160900
64bit,hashmap default,4096,4096,bytes,985000.0,ns,1504
64bit,hashmap default,4096,4096,bytes,1979076.0,ns,3008
64bit,hashmap default,4096,4096,bytes,2980036.0,ns,4512
64bit,hashmap default,4096,4096,bytes,3949226.0,ns,6016
64bit,hashmap default,4096,4096,bytes,4949695.0,ns,7520
64bit,hashmap default,4096,4096,bytes,6001461.0,ns,9024
64bit,hashmap default,4096,4096,bytes,6915085.0,ns,10528
64bit,hashmap default,4096,4096,bytes,7918480.0,ns,12032
64bit,hashmap default,4096,4096,bytes,8933536.0,ns,13536
64bit,hashmap default,4096,4096,bytes,9894430.0,ns,15040
64bit,hashmap default,4096,4096,bytes,10836036.0,ns,16544
64bit,hashmap default,4096,4096,bytes,11848839.0,ns,18048
64bit,hashmap default,4096,4096,bytes,12857965.0,ns,19552
64bit,hashmap default,4096,4096,bytes,13812767.0,ns,21056
64bit,hashmap default,4096,4096,bytes,14852190.0,ns,22560
64bit,hashmap default,4096,4096,bytes,15813925.0,ns,24064
64bit,hashmap default,4096,4096,bytes,16777063.0,ns,25568
64bit,hashmap default,4096,4096,bytes,17735672.0,ns,27072
64bit,hashmap default,4096,4096,bytes,18695283.0,ns,28576
64bit,hashmap default,4096,4096,bytes,19698757.0,ns,30080
64bit,hashmap default,4096,4096,bytes,20815489.0,ns,31584
64bit,hashmap default,4096,4096,bytes,21974319.0,ns,33088
64bit,hashmap default,4096,4096,bytes,22730012.0,ns,34592
64bit,hashmap default,4096,4096,bytes,23769735.0,ns,36096
64bit,hashmap default,4096,4096,bytes,24686996.0,ns,37600
64bit,hashmap default,4096,4096,bytes,25636438.0,ns,39104
64bit,hashmap default,4096,4096,bytes,26611738.0,ns,40608
64bit,hashmap default,4096,4096,bytes,27563835.0,ns,42112
64bit,hashmap default,4096,4096,bytes,28599952.0,ns,43616
64bit,hashmap default,4096,4096,bytes,29537141.0,ns,45120
64bit,hashmap default,4096,4096,bytes,30555884.0,ns,46624
64bit,hashmap default,4096,4096,bytes,31520595.0,ns,48128
64bit,hashmap default,4096,4096,bytes,32516215.0,ns,49632
64bit,hashmap default,4096,4096,bytes,34502806.0,ns,51136
64bit,hashmap default,4096,4096,bytes,35397983.0,ns,52640
64bit,hashmap default,4096,4096,bytes,35581033.0,ns,54144
64bit,hashmap default,4096,4096,bytes,36638000.0,ns,55648
64bit,hashmap default,4096,4096,bytes,37607550.0,ns,57152
64bit,hashmap default,4096,4096,bytes,38521574.0,ns,58656
64bit,hashmap default,4096,4096,bytes,39478871.0,ns,60160
64bit,hashmap default,4096,4096,bytes,40533192.0,ns,61664
64bit,hashmap default,4096,4096,bytes,41373877.0,ns,63168
64bit,hashmap default,4096,4096,bytes,42379044.0,ns,64672
64bit,hashmap default,4096,4096,bytes,43569486.0,ns,66176
64bit,hashmap default,4096,4096,bytes,44364142.0,ns,67680
64bit,hashmap default,4096,4096,bytes,45441458.0,ns,69184
64bit,hashmap default,4096,4096,bytes,46467476.0,ns,70688
64bit,hashmap default,4096,4096,bytes,47278854.0,ns,72192
64bit,hashmap default,4096,4096,bytes,48226903.0,ns,73696
64bit,hashmap default,4096,4096,bytes,50918769.0,ns,75200
64bit,hashmap default,4096,4096,bytes,50445656.0,ns,76704
64bit,hashmap default,4096,4096,bytes,51336056.0,ns,78208
64bit,hashmap default,4096,4096,bytes,52334531.0,ns,79712
64bit,hashmap default,4096,4096,bytes,53225581.0,ns,81216
64bit,hashmap default,4096,4096,bytes,54182557.0,ns,82720
64bit,hashmap default,4096,4096,bytes,56613866.0,ns,84224
64bit,hashmap default,4096,4096,bytes,57312330.0,ns,85728
64bit,hashmap default,4096,4096,bytes,57333840.0,ns,87232
64bit,hashmap default,4096,4096,bytes,58696070.0,ns,88736
64bit,hashmap default,4096,4096,bytes,59216522.0,ns,90240
64bit,hashmap default,4096,4096,bytes,60159162.0,ns,91744
64bit,hashmap default,4096,4096,bytes,61040473.0,ns,93248
64bit,hashmap default,4096,4096,bytes,62281400.0,ns,94752
64bit,hashmap default,4096,4096,bytes,65075171.0,ns,96256
64bit,hashmap default,4096,4096,bytes,64397057.0,ns,97760
64bit,hashmap default,4096,4096,bytes,65182657.0,ns,99264
64bit,hashmap default,4096,4096,bytes,66111619.0,ns,100768
64bit,hashmap default,4096,4096,bytes,70538126.0,ns,102272
64bit,hashmap default,4096,4096,bytes,72157505.0,ns,103776
64bit,hashmap default,4096,4096,bytes,69182088.0,ns,105280
64bit,hashmap default,4096,4096,bytes,70142891.0,ns,106784
64bit,hashmap default,4096,4096,bytes,72118331.0,ns,108288
64bit,hashmap default,4096,4096,bytes,72233170.0,ns,109792
64bit,hashmap default,4096,4096,bytes,73141072.0,ns,111296
64bit,hashmap default,4096,4096,bytes,73962590.0,ns,112800
64bit,hashmap default,4096,4096,bytes,74902784.0,ns,114304
64bit,hashmap default,4096,4096,bytes,75997744.0,ns,115808
64bit,hashmap default,4096,4096,bytes,77356065.0,ns,117312
64bit,hashmap default,4096,4096,bytes,77897549.0,ns,118816
64bit,hashmap default,4096,4096,bytes,78823174.0,ns,120320
64bit,hashmap default,4096,4096,bytes,80789175.0,ns,121824
64bit,hashmap default,4096,4096,bytes,81337292.0,ns,123328
64bit,hashmap default,4096,4096,bytes,81987753.0,ns,124832
64bit,hashmap default,4096,4096,bytes,82770807.0,ns,126336
64bit,hashmap default,4096,4096,bytes,86161637.0,ns,127840
64bit,hashmap default,4096,4096,bytes,85144416.0,ns,129344
64bit,hashmap default,4096,4096,bytes,86209249.0,ns,130848
64bit,hashmap default,4096,4096,bytes,86811878.0,ns,132352
64bit,hashmap default,4096,4096,bytes,87707958.0,ns,133856
64bit,hashmap default,4096,4096,bytes,89038586.0,ns,135360
64bit,hashmap default,4096,4096,bytes,89813165.0,ns,136864
64bit,hashmap default,4096,4096,bytes,90603763.0,ns,138368
64bit,hashmap default,4096,4096,bytes,92197274.0,ns,139872
64bit,hashmap default,4096,4096,bytes,92739328.0,ns,141376
64bit,hashmap default,4096,4096,bytes,93514257.0,ns,142880
64bit,hashmap default,4096,4096,bytes,96103267.0,ns,144384
64bit,hashmap default,4096,4096,bytes,96174562.0,ns,145888
64bit,hashmap default,4096,4096,bytes,96873878.0,ns,147392
64bit,hashmap default,4096,4096,bytes,98056247.0,ns,148896
64bit,hashmap default,4096,4096,bytes,99391511.0,ns,150400
64bit,hashmap default,256,256,bytes,978908.0,ns,21304
64bit,hashmap default,256,256,bytes,1956864.0,ns,42608
64bit,hashmap default,256,256,bytes,2934479.0,ns,63912
64bit,hashmap default,256,256,bytes,3916023.0,ns,85216
64bit,hashmap default,256,256,bytes,4942131.0,ns,106520
64bit,hashmap default,256,256,bytes,6090122.0,ns,127824
64bit,hashmap default,256,256,bytes,7184670.0,ns,149128
64bit,hashmap default,256,256,bytes,8147036.0,ns,170432
64bit,hashmap default,256,256,bytes,9203021.0,ns,191736
64bit,hashmap default,256,256,bytes,10124450.0,ns,213040
64bit,hashmap default,256,256,bytes,10717752.0,ns,234344
64bit,hashmap default,256,256,bytes,11806690.0,ns,255648
64bit,hashmap default,256,256,bytes,12682261.0,ns,276952
64bit,hashmap default,256,256,bytes,13678772.0,ns,298256
64bit,hashmap default,256,256,bytes,14677497.0,ns,319560
64bit,hashmap default,256,256,bytes,15621029.0,ns,340864
64bit,hashmap default,256,256,bytes,16806711.0,ns,362168
64bit,hashmap default,256,256,bytes,17598532.0,ns,383472
64bit,hashmap default,256,256,bytes,18540861.0,ns,404776
64bit,hashmap default,256,256,bytes,19528665.0,ns,426080
64bit,hashmap default,256,256,bytes,20485632.0,ns,447384
64bit,hashmap default,256,256,bytes,21469048.0,ns,468688
64bit,hashmap default,256,256,bytes,22446082.0,ns,489992
64bit,hashmap default,256,256,bytes,23384944.0,ns,511296
64bit,hashmap default,256,256,bytes,24366186.0,ns,532600
64bit,hashmap default,256,256,bytes,25376925.0,ns,553904
64bit,hashmap default,256,256,bytes,26319634.0,ns,575208
64bit,hashmap default,256,256,bytes,27311336.0,ns,596512
64bit,hashmap default,256,256,bytes,28343416.0,ns,617816
64bit,hashmap default,256,256,bytes,29423447.0,ns,639120
64bit,hashmap default,256,256,bytes,32984372.0,ns,660424
64bit,hashmap default,256,256,bytes,31868352.0,ns,681728
64bit,hashmap default,256,256,bytes,32189736.0,ns,703032
64bit,hashmap default,256,256,bytes,33346844.0,ns,724336
64bit,hashmap default,256,256,bytes,34514491.0,ns,745640
64bit,hashmap default,256,256,bytes,35267890.0,ns,766944
64bit,hashmap default,256,256,bytes,36262267.0,ns,788248
64bit,hashmap default,256,256,bytes,37195939.0,ns,809552
64bit,hashmap default,256,256,bytes,38172542.0,ns,830856
64bit,hashmap default,256,256,bytes,39233737.0,ns,852160
64bit,hashmap default,256,256,bytes,40155937.0,ns,873464
64bit,hashmap default,256,256,bytes,41542022.0,ns,894768
64bit,hashmap default,256,256,bytes,42776047.0,ns,916072
64bit,hashmap default,256,256,bytes,44235551.0,ns,937376
64bit,hashmap default,256,256,bytes,45278953.0,ns,958680
64bit,hashmap default,256,256,bytes,48844046.0,ns,979984
64bit,hashmap default,256,256,bytes,46295874.0,ns,1001288
64bit,hashmap default,256,256,bytes,47398588.0,ns,1022592
64bit,hashmap default,256,256,bytes,48070770.0,ns,1043896
64bit,hashmap default,256,256,bytes,48930170.0,ns,1065200
64bit,hashmap default,256,256,bytes,49809468.0,ns,1086504
64bit,hashmap default,256,256,bytes,50878398.0,ns,1107808
64bit,hashmap default,256,256,bytes,52443134.0,ns,1129112
64bit,hashmap default,256,256,bytes,54652049.0,ns,1150416
64bit,hashmap default,256,256,bytes,56655231.0,ns,1171720
64bit,hashmap default,256,256,bytes,56541835.0,ns,1193024
64bit,hashmap default,256,256,bytes,57868276.0,ns,1214328
64bit,hashmap default,256,256,bytes,56897814.0,ns,1235632
64bit,hashmap default,256,256,bytes,57783174.0,ns,1256936
64bit,hashmap default,256,256,bytes,58713209.0,ns,1278240
64bit,hashmap default,256,256,bytes,59713888.0,ns,1299544
64bit,hashmap default,256,256,bytes,60731590.0,ns,1320848
64bit,hashmap default,256,256,bytes,61597352.0,ns,1342152
64bit,hashmap default,256,256,bytes,63938940.0,ns,1363456
64bit,hashmap default,256,256,bytes,64681838.0,ns,1384760
64bit,hashmap default,256,256,bytes,64748455.0,ns,1406064
64bit,hashmap default,256,256,bytes,65525888.0,ns,1427368
64bit,hashmap default,256,256,bytes,66383380.0,ns,1448672
64bit,hashmap default,256,256,bytes,67465871.0,ns,1469976
64bit,hashmap default,256,256,bytes,68565589.0,ns,1491280
64bit,hashmap default,256,256,bytes,69612547.0,ns,1512584
64bit,hashmap default,256,256,bytes,70624437.0,ns,1533888
64bit,hashmap default,256,256,bytes,71671285.0,ns,1555192
64bit,hashmap default,256,256,bytes,72504636.0,ns,1576496
64bit,hashmap default,256,256,bytes,73566873.0,ns,1597800
64bit,hashmap default,256,256,bytes,74784646.0,ns,1619104
64bit,hashmap default,256,256,bytes,75862493.0,ns,1640408
64bit,hashmap default,256,256,bytes,77181922.0,ns,1661712
64bit,hashmap default,256,256,bytes,79271809.0,ns,1683016
64bit,hashmap default,256,256,bytes,78717201.0,ns,1704320
64bit,hashmap default,256,256,bytes,79306545.0,ns,1725624
64bit,hashmap default,256,256,bytes,80280164.0,ns,1746928
64bit,hashmap default,256,256,bytes,81341809.0,ns,1768232
64bit,hashmap default,256,256,bytes,82532902.0,ns,1789536
64bit,hashmap default,256,256,bytes,84617890.0,ns,1810840
64bit,hashmap default,256,256,bytes,85910377.0,ns,1832144
64bit,hashmap default,256,256,bytes,88891817.0,ns,1853448
64bit,hashmap default,256,256,bytes,88300318.0,ns,1874752
64bit,hashmap default,256,256,bytes,87371035.0,ns,1896056
64bit,hashmap default,256,256,bytes,88553190.0,ns,1917360
64bit,hashmap default,256,256,bytes,91020538.0,ns,1938664
64bit,hashmap default,256,256,bytes,90281168.0,ns,1959968
64bit,hashmap default,256,256,bytes,90864972.0,ns,1981272
64bit,hashmap default,256,256,bytes,91739761.0,ns,2002576
64bit,hashmap default,256,256,bytes,93719378.0,ns,2023880
64bit,hashmap default,256,256,bytes,94128089.0,ns,2045184
64bit,hashmap default,256,256,bytes,94897747.0,ns,2066488
64bit,hashmap default,256,256,bytes,96088429.0,ns,2087792
64bit,hashmap default,256,256,bytes,96984559.0,ns,2109096
64bit,hashmap default,256,256,bytes,97955291.0,ns,2130400
64bit,hashmap default,1,1,bytes,932760.0,ns,152523
64bit,hashmap default,1,1,bytes,1924985.0,ns,305046
64bit,hashmap default,1,1,bytes,2851903.0,ns,457569
64bit,hashmap default,1,1,bytes,3876409.0,ns,610092
64bit,hashmap default,1,1,bytes,4773872.0,ns,762615
64bit,hashmap default,1,1,bytes,5740306.0,ns,915138
64bit,hashmap default,1,1,bytes,6858730.0,ns,1067661
64bit,hashmap default,1,1,bytes,7758087.0,ns,1220184
64bit,hashmap default,1,1,bytes,8805958.0,ns,1372707
64bit,hashmap default,1,1,bytes,9702418.0,ns,1525230
64bit,hashmap default,1,1,bytes,10672880.0,ns,1677753
64bit,hashmap default,1,1,bytes,11623424.0,ns,1830276
64bit,hashmap default,1,1,bytes,12710078.0,ns,1982799
64bit,hashmap default,1,1,bytes,13640013.0,ns,2135322
64bit,hashmap default,1,1,bytes,14889654.0,ns,2287845
64bit,hashmap default,1,1,bytes,15082426.0,ns,2440368
64bit,hashmap default,1,1,bytes,16215369.0,ns,2592891
64bit,hashmap default,1,1,bytes,16821255.0,ns,2745414
64bit,hashmap default,1,1,bytes,17745178.0,ns,2897937
64bit,hashmap default,1,1,bytes,18421739.0,ns,3050460
64bit,hashmap default,1,1,bytes,19585320.0,ns,3202983
64bit,hashmap default,1,1,bytes,20476672.0,ns,3355506
64bit,hashmap default,1,1,bytes,21240580.0,ns,3508029
64bit,hashmap default,1,1,bytes,22255737.0,ns,3660552
64bit,hashmap default,1,1,bytes,23402115.0,ns,3813075
64bit,hashmap default,1,1,bytes,24871138.0,ns,3965598
64bit,hashmap default,1,1,bytes,25143018.0,ns,4118121
64bit,hashmap default,1,1,bytes,26240883.0,ns,4270644
64bit,hashmap default,1,1,bytes,27768830.0,ns,4423167
64bit,hashmap default,1,1,bytes,27952100.0,ns,4575690
64bit,hashmap default,1,1,bytes,29049834.0,ns,4728213
64bit,hashmap default,1,1,bytes,30002773.0,ns,4880736
64bit,hashmap default,1,1,bytes,30809463.0,ns,5033259
64bit,hashmap default,1,1,bytes,33614928.0,ns,5185782
64bit,hashmap default,1,1,bytes,34353206.0,ns,5338305
64bit,hashmap default,1,1,bytes,35501137.0,ns,5490828
64bit,hashmap default,1,1,bytes,36584866.0,ns,5643351
64bit,hashmap default,1,1,bytes,37407927.0,ns,5795874
64bit,hashmap default,1,1,bytes,38324987.0,ns,5948397
64bit,hashmap default,1,1,bytes,39303034.0,ns,6100920
64bit,hashmap default,1,1,bytes,40316768.0,ns,6253443
64bit,hashmap default,1,1,bytes,41187460.0,ns,6405966
64bit,hashmap default,1,1,bytes,42298090.0,ns,6558489
64bit,hashmap default,1,1,bytes,43487099.0,ns,6711012
64bit,hashmap default,1,1,bytes,44400042.0,ns,6863535
64bit,hashmap default,1,1,bytes,45217102.0,ns,7016058
64bit,hashmap default,1,1,bytes,46465924.0,ns,7168581
64bit,hashmap default,1,1,bytes,47153768.0,ns,7321104
64bit,hashmap default,1,1,bytes,48284636.0,ns,7473627
64bit,hashmap default,1,1,bytes,46542221.0,ns,7626150
64bit,hashmap default,1,1,bytes,47631970.0,ns,7778673
64bit,hashmap default,1,1,bytes,49435703.0,ns,7931196
64bit,hashmap default,1,1,bytes,50620795.0,ns,8083719
64bit,hashmap default,1,1,bytes,50910839.0,ns,8236242
64bit,hashmap default,1,1,bytes,51192155.0,ns,8388765
64bit,hashmap default,1,1,bytes,52529868.0,ns,8541288
64bit,hashmap default,1,1,bytes,54448675.0,ns,8693811
64bit,hashmap default,1,1,bytes,54312591.0,ns,8846334
64bit,hashmap default,1,1,bytes,55348998.0,ns,8998857
64bit,hashmap default,1,1,bytes,55957089.0,ns,9151380
64bit,hashmap default,1,1,bytes,56415881.0,ns,9303903
64bit,hashmap default,1,1,bytes,57776492.0,ns,9456426
64bit,hashmap default,1,1,bytes,58676419.0,ns,9608949
64bit,hashmap default,1,1,bytes,59728327.0,ns,9761472
64bit,hashmap default,1,1,bytes,60855398.0,ns,9913995
64bit,hashmap default,1,1,bytes,63642939.0,ns,10066518
64bit,hashmap default,1,1,bytes,64807501.0,ns,10219041
64bit,hashmap default,1,1,bytes,65826096.0,ns,10371564
64bit,hashmap default,1,1,bytes,66650819.0,ns,10524087
64bit,hashmap default,1,1,bytes,69111776.0,ns,10676610
64bit,hashmap default,1,1,bytes,68876276.0,ns,10829133
64bit,hashmap default,1,1,bytes,69741668.0,ns,10981656
64bit,hashmap default,1,1,bytes,70736406.0,ns,11134179
64bit,hashmap default,1,1,bytes,71485727.0,ns,11286702
64bit,hashmap default,1,1,bytes,72769657.0,ns,11439225
64bit,hashmap default,1,1,bytes,73342521.0,ns,11591748
64bit,hashmap default,1,1,bytes,74433824.0,ns,11744271
64bit,hashmap default,1,1,bytes,75503686.0,ns,11896794
64bit,hashmap default,1,1,bytes,76496771.0,ns,12049317
64bit,hashmap default,1,1,bytes,77135942.0,ns,12201840
64bit,hashmap default,1,1,bytes,78424400.0,ns,12354363
64bit,hashmap default,1,1,bytes,76001045.0,ns,12506886
64bit,hashmap default,1,1,bytes,78184933.0,ns,12659409
64bit,hashmap default,1,1,bytes,78272740.0,ns,12811932
64bit,hashmap default,1,1,bytes,79713681.0,ns,12964455
64bit,hashmap default,1,1,bytes,81041175.0,ns,13116978
64bit,hashmap default,1,1,bytes,81029923.0,ns,13269501
64bit,hashmap default,1,1,bytes,81946242.0,ns,13422024
64bit,hashmap default,1,1,bytes,83444522.0,ns,13574547
64bit,hashmap default,1,1,bytes,84079614.0,ns,13727070
64bit,hashmap default,1,1,bytes,85130995.0,ns,13879593
64bit,hashmap default,1,1,bytes,86954105.0,ns,14032116
64bit,hashmap default,1,1,bytes,86423156.0,ns,14184639
64bit,hashmap default,1,1,bytes,87746452.0,ns,14337162
64bit,hashmap default,1,1,bytes,89638302.0,ns,14489685
64bit,hashmap default,1,1,bytes,90506299.0,ns,14642208
64bit,hashmap default,1,1,bytes,90707314.0,ns,14794731
64bit,hashmap default,1,1,bytes,96733624.0,ns,14947254
64bit,hashmap default,1,1,bytes,98123508.0,ns,15099777
64bit,hashmap default,1,1,bytes,98363105.0,ns,15252300
64bit,hashmap default,64,64,bytes,993115.0,ns,64892
64bit,hashmap default,64,64,bytes,1981341.0,ns,129784
64bit,hashmap default,64,64,bytes,2942496.0,ns,194676
64bit,hashmap default,64,64,bytes,3920481.0,ns,259568
64bit,hashmap default,64,64,bytes,4916622.0,ns,324460
64bit,hashmap default,64,64,bytes,5929244.0,ns,389352
64bit,hashmap default,64,64,bytes,6872224.0,ns,454244
64bit,hashmap default,64,64,bytes,7876531.0,ns,519136
64bit,hashmap default,64,64,bytes,8849257.0,ns,584028
64bit,hashmap default,64,64,bytes,9869975.0,ns,648920
64bit,hashmap default,64,64,bytes,10843282.0,ns,713812
64bit,hashmap default,64,64,bytes,11808204.0,ns,778704
64bit,hashmap default,64,64,bytes,12835324.0,ns,843596
64bit,hashmap default,64,64,bytes,13786469.0,ns,908488
64bit,hashmap default,64,64,bytes,14807858.0,ns,973380
64bit,hashmap default,64,64,bytes,15824057.0,ns,1038272
64bit,hashmap default,64,64,bytes,16734354.0,ns,1103164
64bit,hashmap default,64,64,bytes,17738240.0,ns,1168056
64bit,hashmap default,64,64,bytes,18764008.0,ns,1232948
64bit,hashmap default,64,64,bytes,19735041.0,ns,1297840
64bit,hashmap default,64,64,bytes,20715000.0,ns,1362732
64bit,hashmap default,64,64,bytes,21844505.0,ns,1427624
64bit,hashmap default,64,64,bytes,22706701.0,ns,1492516
64bit,hashmap default,64,64,bytes,23657326.0,ns,1557408
64bit,hashmap default,64,64,bytes,24673294.0,ns,1622300
64bit,hashmap default,64,64,bytes,25667110.0,ns,1687192
64bit,hashmap default,64,64,bytes,27422981.0,ns,1752084
64bit,hashmap default,64,64,bytes,28409544.0,ns,1816976
64bit,hashmap default,64,64,bytes,28586642.0,ns,1881868
64bit,hashmap default,64,64,bytes,29644751.0,ns,1946760
64bit,hashmap default,64,64,bytes,30580116.0,ns,2011652
64bit,hashmap default,64,64,bytes,31614060.0,ns,2076544
64bit,hashmap default,64,64,bytes,32639014.0,ns,2141436
64bit,hashmap default,64,64,bytes,33464380.0,ns,2206328
64bit,hashmap default,64,64,bytes,34525575.0,ns,2271220
64bit,hashmap default,64,64,bytes,35510926.0,ns,2336112
64bit,hashmap default,64,64,bytes,36332764.0,ns,2401004
64bit,hashmap default,64,64,bytes,37379712.0,ns,2465896
64bit,hashmap default,64,64,bytes,38440947.0,ns,2530788
64bit,hashmap default,64,64,bytes,39662999.0,ns,2595680
64bit,hashmap default,64,64,bytes,40427878.0,ns,2660572
64bit,hashmap default,64,64,bytes,41332465.0,ns,2725464
64bit,hashmap default,64,64,bytes,42403659.0,ns,2790356
64bit,hashmap default,64,64,bytes,43375013.0,ns,2855248
64bit,hashmap default,64,64,bytes,44317191.0,ns,2920140
64bit,hashmap default,64,64,bytes,45315466.0,ns,2985032
64bit,hashmap default,64,64,bytes,46328078.0,ns,3049924
64bit,hashmap default,64,64,bytes,47225481.0,ns,3114816
64bit,hashmap default,64,64,bytes,48396696.0,ns,3179708
64bit,hashmap default,64,64,bytes,49451488.0,ns,3244600
64bit,hashmap default,64,64,bytes,50365643.0,ns,3309492
64bit,hashmap default,64,64,bytes,51435895.0,ns,3374384
64bit,hashmap default,64,64,bytes,54055293.0,ns,3439276
64bit,hashmap default,64,64,bytes,53477541.0,ns,3504168
64bit,hashmap default,64,64,bytes,54677080.0,ns,3569060
64bit,hashmap default,64,64,bytes,55312763.0,ns,3633952
64bit,hashmap default,64,64,bytes,56431388.0,ns,3698844
64bit,hashmap default,64,64,bytes,57532810.0,ns,3763736
64bit,hashmap default,64,64,bytes,58429201.0,ns,3828628
64bit,hashmap default,64,64,bytes,59523048.0,ns,3893520
64bit,hashmap default,64,64,bytes,60464755.0,ns,3958412
64bit,hashmap default,64,64,bytes,61431510.0,ns,4023304
64bit,hashmap default,64,64,bytes,62681195.0,ns,4088196
64bit,hashmap default,64,64,bytes,63303873.0,ns,4153088
64bit,hashmap default,64,64,bytes,64305455.0,ns,4217980
64bit,hashmap default,64,64,bytes,65214449.0,ns,4282872
64bit,hashmap default,64,64,bytes,66255456.0,ns,4347764
64bit,hashmap default,64,64,bytes,67139924.0,ns,4412656
64bit,hashmap default,64,64,bytes,68616130.0,ns,4477548
64bit,hashmap default,64,64,bytes,69947601.0,ns,4542440
64bit,hashmap default,64,64,bytes,70001304.0,ns,4607332
64bit,hashmap default,64,64,bytes,70933102.0,ns,4672224
64bit,hashmap default,64,64,bytes,71862645.0,ns,4737116
64bit,hashmap default,64,64,bytes,72773584.0,ns,4802008
64bit,hashmap default,64,64,bytes,74077843.0,ns,4866900
64bit,hashmap default,64,64,bytes,75183928.0,ns,4931792
64bit,hashmap default,64,64,bytes,75963361.0,ns,4996684
64bit,hashmap default,64,64,bytes,76898545.0,ns,5061576
64bit,hashmap default,64,64,bytes,77902111.0,ns,5126468
64bit,hashmap default,64,64,bytes,78899594.0,ns,5191360
64bit,hashmap default,64,64,bytes,79839117.0,ns,5256252
64bit,hashmap default,64,64,bytes,80858452.0,ns,5321144
64bit,hashmap default,64,64,bytes,83413187.0,ns,5386036
64bit,hashmap default,64,64,bytes,82807852.0,ns,5450928
64bit,hashmap default,64,64,bytes,83694053.0,ns,5515820
64bit,hashmap default,64,64,bytes,84960299.0,ns,5580712
64bit,hashmap default,64,64,bytes,85855969.0,ns,5645604
64bit,hashmap default,64,64,bytes,86880174.0,ns,5710496
64bit,hashmap default,64,64,bytes,87834034.0,ns,5775388
64bit,hashmap default,64,64,bytes,88815807.0,ns,5840280
64bit,hashmap default,64,64,bytes,89799395.0,ns,5905172
64bit,hashmap default,64,64,bytes,91801124.0,ns,5970064
64bit,hashmap default,64,64,bytes,92096648.0,ns,6034956
64bit,hashmap default,64,64,bytes,93957940.0,ns,6099848
64bit,hashmap default,64,64,bytes,94083860.0,ns,6164740
64bit,hashmap default,64,64,bytes,94714504.0,ns,6229632
64bit,hashmap default,64,64,bytes,95586297.0,ns,6294524
64bit,hashmap default,64,64,bytes,96903070.0,ns,6359416
64bit,hashmap default,64,64,bytes,97965869.0,ns,6424308
64bit,hashmap default,64,64,bytes,100539048.0,ns,6489200
64bit,hashmap default,16,16,bytes,979398.0,ns,122917
64bit,hashmap default,16,16,bytes,1963447.0,ns,245834
64bit,hashmap default,16,16,bytes,3017879.0,ns,368751
64bit,hashmap default,16,16,bytes,3936442.0,ns,491668
64bit,hashmap default,16,16,bytes,4823605.0,ns,614585
64bit,hashmap default,16,16,bytes,6029286.0,ns,737502
64bit,hashmap default,16,16,bytes,6917691.0,ns,860419
64bit,hashmap default,16,16,bytes,7740352.0,ns,983336
64bit,hashmap default,16,16,bytes,8762993.0,ns,1106253
64bit,hashmap default,16,16,bytes,9847833.0,ns,1229170
64bit,hashmap default,16,16,bytes,10723906.0,ns,1352087
64bit,hashmap default,16,16,bytes,11691192.0,ns,1475004
64bit,hashmap default,16,16,bytes,12739422.0,ns,1597921
64bit,hashmap default,16,16,bytes,13672653.0,ns,1720838
64bit,hashmap default,16,16,bytes,15007200.0,ns,1843755
64bit,hashmap default,16,16,bytes,15877160.0,ns,1966672
64bit,hashmap default,16,16,bytes,16737071.0,ns,2089589
64bit,hashmap default,16,16,bytes,17928535.0,ns,2212506
64bit,hashmap default,16,16,bytes,18771354.0,ns,2335423
64bit,hashmap default,16,16,bytes,21647292.0,ns,2458340
64bit,hashmap default,16,16,bytes,22008401.0,ns,2581257
64bit,hashmap default,16,16,bytes,21982171.0,ns,2704174
64bit,hashmap default,16,16,bytes,23081829.0,ns,2827091
64bit,hashmap default,16,16,bytes,23960887.0,ns,2950008
64bit,hashmap default,16,16,bytes,24567415.0,ns,3072925
64bit,hashmap default,16,16,bytes,25372371.0,ns,3195842
64bit,hashmap default,16,16,bytes,26602448.0,ns,3318759
64bit,hashmap default,16,16,bytes,28165201.0,ns,3441676
64bit,hashmap default,16,16,bytes,29232116.0,ns,3564593
64bit,hashmap default,16,16,bytes,29845797.0,ns,3687510
64bit,hashmap default,16,16,bytes,30759351.0,ns,3810427
64bit,hashmap default,16,16,bytes,31673535.0,ns,3933344
64bit,hashmap default,16,16,bytes,32264273.0,ns,4056261
64bit,hashmap default,16,16,bytes,33185110.0,ns,4179178
64bit,hashmap default,16,16,bytes,34247598.0,ns,4302095
64bit,hashmap default,16,16,bytes,35216347.0,ns,4425012
64bit,hashmap default,16,16,bytes,36290697.0,ns,4547929
64bit,hashmap default,16,16,bytes,38628879.0,ns,4670846
64bit,hashmap default,16,16,bytes,39316161.0,ns,4793763
64bit,hashmap default,16,16,bytes,40529696.0,ns,4916680
64bit,hashmap default,16,16,bytes,40651228.0,ns,5039597
64bit,hashmap default,16,16,bytes,41450594.0,ns,5162514
64bit,hashmap default,16,16,bytes,44644790.0,ns,5285431
64bit,hashmap default,16,16,bytes,46698509.0,ns,5408348
64bit,hashmap default,16,16,bytes,46241667.0,ns,5531265
64bit,hashmap default,16,16,bytes,45079719.0,ns,5654182
64bit,hashmap default,16,16,bytes,47190618.0,ns,5777099
64bit,hashmap default,16,16,bytes,47121155.0,ns,5900016
64bit,hashmap default,16,16,bytes,49904557.0,ns,6022933
64bit,hashmap default,16,16,bytes,49444540.0,ns,6145850
64bit,hashmap default,16,16,bytes,50310762.0,ns,6268767
64bit,hashmap default,16,16,bytes,50595145.0,ns,6391684
64bit,hashmap default,16,16,bytes,51860891.0,ns,6514601
64bit,hashmap default,16,16,bytes,52937375.0,ns,6637518
64bit,hashmap default,16,16,bytes,54100034.0,ns,6760435
64bit,hashmap default,16,16,bytes,54852921.0,ns,6883352
64bit,hashmap default,16,16,bytes,55927862.0,ns,7006269
64bit,hashmap default,16,16,bytes,56443836.0,ns,7129186
64bit,hashmap default,16,16,bytes,57559195.0,ns,7252103
64bit,hashmap default,16,16,bytes,58592577.0,ns,7375020
64bit,hashmap default,16,16,bytes,59536849.0,ns,7497937
64bit,hashmap default,16,16,bytes,61096486.0,ns,7620854
64bit,hashmap default,16,16,bytes,62800407.0,ns,7743771
64bit,hashmap default,16,16,bytes,63031308.0,ns,7866688
64bit,hashmap default,16,16,bytes,63587640.0,ns,7989605
64bit,hashmap default,16,16,bytes,64472038.0,ns,8112522
64bit,hashmap default,16,16,bytes,68123446.0,ns,8235439
64bit,hashmap default,16,16,bytes,66566594.0,ns,8358356
64bit,hashmap default,16,16,bytes,67663648.0,ns,8481273
64bit,hashmap default,16,16,bytes,69174692.0,ns,8604190
64bit,hashmap default,16,16,bytes,69883273.0,ns,8727107
64bit,hashmap default,16,16,bytes,70213525.0,ns,8850024
64bit,hashmap default,16,16,bytes,72354490.0,ns,8972941
64bit,hashmap default,16,16,bytes,72154859.0,ns,9095858
64bit,hashmap default,16,16,bytes,73324752.0,ns,9218775
64bit,hashmap default,16,16,bytes,74386979.0,ns,9341692
64bit,hashmap default,16,16,bytes,78372534.0,ns,9464609
64bit,hashmap default,16,16,bytes,77832244.0,ns,9587526
64bit,hashmap default,16,16,bytes,80712661.0,ns,9710443
64bit,hashmap default,16,16,bytes,80200604.0,ns,9833360
64bit,hashmap default,16,16,bytes,81367661.0,ns,9956277
64bit,hashmap default,16,16,bytes,80436544.0,ns,10079194
64bit,hashmap default,16,16,bytes,84721571.0,ns,10202111
64bit,hashmap default,16,16,bytes,84379338.0,ns,10325028
64bit,hashmap default,16,16,bytes,83199235.0,ns,10447945
64bit,hashmap default,16,16,bytes,84798438.0,ns,10570862
64bit,hashmap default,16,16,bytes,85861156.0,ns,10693779
64bit,hashmap default,16,16,bytes,88415340.0,ns,10816696
64bit,hashmap default,16,16,bytes,91832667.0,ns,10939613
64bit,hashmap default,16,16,bytes,88231159.0,ns,11062530
64bit,hashmap default,16,16,bytes,89216560.0,ns,11185447
64bit,hashmap default,16,16,bytes,91844945.0,ns,11308364
64bit,hashmap default,16,16,bytes,90658651.0,ns,11431281
64bit,hashmap default,16,16,bytes,92482311.0,ns,11554198
64bit,hashmap default,16,16,bytes,94379793.0,ns,11677115
64bit,hashmap default,16,16,bytes,94125687.0,ns,11800032
64bit,hashmap default,16,16,bytes,94990122.0,ns,11922949
64bit,hashmap default,16,16,bytes,95540838.0,ns,12045866
64bit,hashmap default,16,16,bytes,96315197.0,ns,12168783
64bit,hashmap default,16,16,bytes,97636979.0,ns,12291700
64bit,hashmap default,1024,1024,bytes,985630.0,ns,5808
64bit,hashmap default,1024,1024,bytes,1975229.0,ns,11616
64bit,hashmap default,1024,1024,bytes,2960560.0,ns,17424
64bit,hashmap default,1024,1024,bytes,3941221.0,ns,23232
64bit,hashmap default,1024,1024,bytes,4918155.0,ns,29040
64bit,hashmap default,1024,1024,bytes,5925086.0,ns,34848
64bit,hashmap default,1024,1024,bytes,6901029.0,ns,40656
64bit,hashmap default,1024,1024,bytes,7877161.0,ns,46464
64bit,hashmap default,1024,1024,bytes,8898640.0,ns,52272
64bit,hashmap default,1024,1024,bytes,9848352.0,ns,58080
64bit,hashmap default,1024,1024,bytes,10815017.0,ns,63888
64bit,hashmap default,1024,1024,bytes,11820806.0,ns,69696
64bit,hashmap default,1024,1024,bytes,12800716.0,ns,75504
64bit,hashmap default,1024,1024,bytes,13811354.0,ns,81312
64bit,hashmap default,1024,1024,bytes,14784512.0,ns,87120
64bit,hashmap default,1024,1024,bytes,16218047.0,ns,92928
64bit,hashmap default,1024,1024,bytes,16660611.0,ns,98736
64bit,hashmap default,1024,1024,bytes,17776991.0,ns,104544
64bit,hashmap default,1024,1024,bytes,18698240.0,ns,110352
64bit,hashmap default,1024,1024,bytes,19687898.0,ns,116160
64bit,hashmap default,1024,1024,bytes,20672286.0,ns,121968
64bit,hashmap default,1024,1024,bytes,21613102.0,ns,127776
64bit,hashmap default,1024,1024,bytes,22594694.0,ns,133584
64bit,hashmap default,1024,1024,bytes,23614250.0,ns,139392
64bit,hashmap default,1024,1024,bytes,24531861.0,ns,145200
64bit,hashmap default,1024,1024,bytes,25582266.0,ns,151008
64bit,hashmap default,1024,1024,bytes,26617040.0,ns,156816
64bit,hashmap default,1024,1024,bytes,27667484.0,ns,162624
64bit,hashmap default,1024,1024,bytes,28572391.0,ns,168432
64bit,hashmap default,1024,1024,bytes,29485212.0,ns,174240
64bit,hashmap default,1024,1024,bytes,30509698.0,ns,180048
64bit,hashmap default,1024,1024,bytes,31655024.0,ns,185856
64bit,hashmap default,1024,1024,bytes,32509894.0,ns,191664
64bit,hashmap default,1024,1024,bytes,33396827.0,ns,197472
64bit,hashmap default,1024,1024,bytes,34518848.0,ns,203280
64bit,hashmap default,1024,1024,bytes,35518034.0,ns,209088
64bit,hashmap default,1024,1024,bytes,36563219.0,ns,214896
64bit,hashmap default,1024,1024,bytes,37436185.0,ns,220704
64bit,hashmap default,1024,1024,bytes,38435752.0,ns,226512
64bit,hashmap default,1024,1024,bytes,39411665.0,ns,232320
64bit,hashmap default,1024,1024,bytes,40419538.0,ns,238128
64bit,hashmap default,1024,1024,bytes,42047960.0,ns,243936
64bit,hashmap default,1024,1024,bytes,43659875.0,ns,249744
64bit,hashmap default,1024,1024,bytes,43558016.0,ns,255552
64bit,hashmap default,1024,1024,bytes,44499112.0,ns,261360
64bit,hashmap default,1024,1024,bytes,45299099.0,ns,267168
64bit,hashmap default,1024,1024,bytes,46196000.0,ns,272976
64bit,hashmap default,1024,1024,bytes,47369770.0,ns,278784
64bit,hashmap default,1024,1024,bytes,48205835.0,ns,284592
64bit,hashmap default,1024,1024,bytes,49198990.0,ns,290400
64bit,hashmap default,1024,1024,bytes,50129727.0,ns,296208
64bit,hashmap default,1024,1024,bytes,51251551.0,ns,302016
64bit,hashmap default,1024,1024,bytes,52184256.0,ns,307824
64bit,hashmap default,1024,1024,bytes,53277603.0,ns,313632
64bit,hashmap default,1024,1024,bytes,54226143.0,ns,319440
64bit,hashmap default,1024,1024,bytes,55483067.0,ns,325248
64bit,hashmap default,1024,1024,bytes,56030345.0,ns,331056
64bit,hashmap default,1024,1024,bytes,57863664.0,ns,336864
64bit,hashmap default,1024,1024,bytes,58004602.0,ns,342672
64bit,hashmap default,1024,1024,bytes,59085816.0,ns,348480
64bit,hashmap default,1024,1024,bytes,60115400.0,ns,354288
64bit,hashmap default,1024,1024,bytes,63036796.0,ns,360096
64bit,hashmap default,1024,1024,bytes,62360515.0,ns,365904
64bit,hashmap default,1024,1024,bytes,63181271.0,ns,371712
64bit,hashmap default,1024,1024,bytes,63930460.0,ns,377520
64bit,hashmap default,1024,1024,bytes,65271309.0,ns,383328
64bit,hashmap default,1024,1024,bytes,66011852.0,ns,389136
64bit,hashmap default,1024,1024,bytes,66902953.0,ns,394944
64bit,hashmap default,1024,1024,bytes,68516020.0,ns,400752
64bit,hashmap default,1024,1024,bytes,69595441.0,ns,406560
64bit,hashmap default,1024,1024,bytes,70581762.0,ns,412368
64bit,hashmap default,1024,1024,bytes,71524071.0,ns,418176
64bit,hashmap default,1024,1024,bytes,72001321.0,ns,423984
64bit,hashmap default,1024,1024,bytes,74687978.0,ns,429792
64bit,hashmap default,1024,1024,bytes,74196680.0,ns,435600
64bit,hashmap default,1024,1024,bytes,75390228.0,ns,441408
64bit,hashmap default,1024,1024,bytes,77002323.0,ns,447216
64bit,hashmap default,1024,1024,bytes,76993126.0,ns,453024
64bit,hashmap default,1024,1024,bytes,77672212.0,ns,458832
64bit,hashmap default,1024,1024,bytes,78790055.0,ns,464640
64bit,hashmap default,1024,1024,bytes,79934639.0,ns,470448
64bit,hashmap default,1024,1024,bytes,80704448.0,ns,476256
64bit,hashmap default,1024,1024,bytes,81832331.0,ns,482064
64bit,hashmap default,1024,1024,bytes,82589656.0,ns,487872
64bit,hashmap default,1024,1024,bytes,83868044.0,ns,493680
64bit,hashmap default,1024,1024,bytes,84753605.0,ns,499488
64bit,hashmap default,1024,1024,bytes,85621100.0,ns,505296
64bit,hashmap default,1024,1024,bytes,86703445.0,ns,511104
64bit,hashmap default,1024,1024,bytes,89056215.0,ns,516912
64bit,hashmap default,1024,1024,bytes,88742376.0,ns,522720
64bit,hashmap default,1024,1024,bytes,89565817.0,ns,528528
64bit,hashmap default,1024,1024,bytes,90564723.0,ns,534336
64bit,hashmap default,1024,1024,bytes,91819467.0,ns,540144
64bit,hashmap default,1024,1024,bytes,92577283.0,ns,545952
64bit,hashmap default,1024,1024,bytes,93514091.0,ns,551760
64bit,hashmap default,1024,1024,bytes,94666160.0,ns,557568
64bit,hashmap default,1024,1024,bytes,95442300.0,ns,563376
64bit,hashmap default,1024,1024,bytes,96427972.0,ns,569184
64bit,hashmap default,1024,1024,bytes,97817873.0,ns,574992
64bit,hashmap default,1024,1024,bytes,100547082.0,ns,580800
64bit,hashmap default,65536,65536,bytes,1006511.0,ns,95
64bit,hashmap default,65536,65536,bytes,1984607.0,ns,190
64bit,hashmap default,65536,65536,bytes,2964276.0,ns,285
64bit,hashmap default,65536,65536,bytes,3958884.0,ns,380
64bit,hashmap default,65536,65536,bytes,4937030.0,ns,475
64bit,hashmap default,65536,65536,bytes,5962617.0,ns,570
64bit,hashmap default,65536,65536,bytes,6892642.0,ns,665
64bit,hashmap default,65536,65536,bytes,7914191.0,ns,760
64bit,hashmap default,65536,65536,bytes,8877499.0,ns,855
64bit,hashmap default,65536,65536,bytes,9912964.0,ns,950
64bit,hashmap default,65536,65536,bytes,11155235.0,ns,1045
64bit,hashmap default,65536,65536,bytes,11897050.0,ns,1140
64bit,hashmap default,65536,65536,bytes,12987140.0,ns,1235
64bit,hashmap default,65536,65536,bytes,14024509.0,ns,1330
64bit,hashmap default,65536,65536,bytes,14855014.0,ns,1425
64bit,hashmap default,65536,65536,bytes,15897283.0,ns,1520
64bit,hashmap default,65536,65536,bytes,16854740.0,ns,1615
64bit,hashmap default,65536,65536,bytes,17877711.0,ns,1710
64bit,hashmap default,65536,65536,bytes,18803638.0,ns,1805
64bit,hashmap default,65536,65536,bytes,19791362.0,ns,1900
64bit,hashmap default,65536,65536,bytes,20811790.0,ns,1995
64bit,hashmap default,65536,65536,bytes,21707859.0,ns,2090
64bit,hashmap default,65536,65536,bytes,22774495.0,ns,2185
64bit,hashmap default,65536,65536,bytes,23898249.0,ns,2280
64bit,hashmap default,65536,65536,bytes,24801863.0,ns,2375
64bit,hashmap default,65536,65536,bytes,25799146.0,ns,2470
64bit,hashmap default,65536,65536,bytes,26656973.0,ns,2565
64bit,hashmap default,65536,65536,bytes,27696847.0,ns,2660
64bit,hashmap default,65536,65536,bytes,28632442.0,ns,2755
64bit,hashmap default,65536,65536,bytes,29625106.0,ns,2850
64bit,hashmap default,65536,65536,bytes,30633931.0,ns,2945
64bit,hashmap default,65536,65536,bytes,31574837.0,ns,3040
64bit,hashmap default,65536,65536,bytes,32632950.0,ns,3135
64bit,hashmap default,65536,65536,bytes,33567709.0,ns,3230
64bit,hashmap default,65536,65536,bytes,34531066.0,ns,3325
64bit,hashmap default,65536,65536,bytes,35523190.0,ns,3420
64bit,hashmap default,65536,65536,bytes,36774387.0,ns,3515
64bit,hashmap default,65536,65536,bytes,38296732.0,ns,3610
64bit,hashmap default,65536,65536,bytes,39595160.0,ns,3705
64bit,hashmap default,65536,65536,bytes,39828595.0,ns,3800
64bit,hashmap default,65536,65536,bytes,40688436.0,ns,3895
64bit,hashmap default,65536,65536,bytes,41574015.0,ns,3990
64bit,hashmap default,65536,65536,bytes,42568272.0,ns,4085
64bit,hashmap default,65536,65536,bytes,43496213.0,ns,4180
64bit,hashmap default,65536,65536,bytes,44495169.0,ns,4275
64bit,hashmap default,65536,65536,bytes,45472373.0,ns,4370
64bit,hashmap default,65536,65536,bytes,46913082.0,ns,4465
64bit,hashmap default,65536,65536,bytes,47624180.0,ns,4560
64bit,hashmap default,65536,65536,bytes,48571227.0,ns,4655
64bit,hashmap default,65536,65536,bytes,49544503.0,ns,4750
64bit,hashmap default,65536,65536,bytes,50935076.0,ns,4845
64bit,hashmap default,65536,65536,bytes,51517517.0,ns,4940
64bit,hashmap default,65536,65536,bytes,52484844.0,ns,5035
64bit,hashmap default,65536,65536,bytes,53424426.0,ns,5130
64bit,hashmap default,65536,65536,bytes,54556597.0,ns,5225
64bit,hashmap default,65536,65536,bytes,55381760.0,ns,5320
64bit,hashmap default,65536,65536,bytes,56330140.0,ns,5415
64bit,hashmap default,65536,65536,bytes,57661391.0,ns,5510
64bit,hashmap default,65536,65536,bytes,60117648.0,ns,5605
64bit,hashmap default,65536,65536,bytes,59599518.0,ns,5700
64bit,hashmap default,65536,65536,bytes,60613553.0,ns,5795
64bit,hashmap default,65536,65536,bytes,62416874.0,ns,5890
64bit,hashmap default,65536,65536,bytes,62256659.0,ns,5985
64bit,hashmap default,65536,65536,bytes,64134743.0,ns,6080
64bit,hashmap default,65536,65536,bytes,64801965.0,ns,6175
64bit,hashmap default,65536,65536,bytes,65384617.0,ns,6270
64bit,hashmap default,65536,65536,bytes,66161309.0,ns,6365
64bit,hashmap default,65536,65536,bytes,67333435.0,ns,6460
64bit,hashmap default,65536,65536,bytes,68278228.0,ns,6555
64bit,hashmap default,65536,65536,bytes,69134712.0,ns,6650
64bit,hashmap default,65536,65536,bytes,69981438.0,ns,6745
64bit,hashmap default,65536,65536,bytes,71270847.0,ns,6840
64bit,hashmap default,65536,65536,bytes,72030819.0,ns,6935
64bit,hashmap default,65536,65536,bytes,74787799.0,ns,7030
64bit,hashmap default,65536,65536,bytes,74430016.0,ns,7125
64bit,hashmap default,65536,65536,bytes,75186429.0,ns,7220
64bit,hashmap default,65536,65536,bytes,75992848.0,ns,7315
64bit,hashmap default,65536,65536,bytes,76989259.0,ns,7410
64bit,hashmap default,65536,65536,bytes,82450328.0,ns,7505
64bit,hashmap default,65536,65536,bytes,82029997.0,ns,7600
64bit,hashmap default,65536,65536,bytes,80320846.0,ns,7695
64bit,hashmap default,65536,65536,bytes,81183041.0,ns,7790
64bit,hashmap default,65536,65536,bytes,82101413.0,ns,7885
64bit,hashmap default,65536,65536,bytes,83386104.0,ns,7980
64bit,hashmap default,65536,65536,bytes,84058798.0,ns,8075
64bit,hashmap default,65536,65536,bytes,85002658.0,ns,8170
64bit,hashmap default,65536,65536,bytes,87751354.0,ns,8265
64bit,hashmap default,65536,65536,bytes,87099259.0,ns,8360
64bit,hashmap default,65536,65536,bytes,87829333.0,ns,8455
64bit,hashmap default,65536,65536,bytes,88827436.0,ns,8550
64bit,hashmap default,65536,65536,bytes,90796088.0,ns,8645
64bit,hashmap default,65536,65536,bytes,90804129.0,ns,8740
64bit,hashmap default,65536,65536,bytes,91827075.0,ns,8835
64bit,hashmap default,65536,65536,bytes,92913112.0,ns,8930
64bit,hashmap default,65536,65536,bytes,93732686.0,ns,9025
64bit,hashmap default,65536,65536,bytes,94707697.0,ns,9120
64bit,hashmap default,65536,65536,bytes,95910782.0,ns,9215
64bit,hashmap default,65536,65536,bytes,99639111.0,ns,9310
64bit,hashmap default,65536,65536,bytes,98277608.0,ns,9405
64bit,hashmap default,65536,65536,bytes,98725042.0,ns,9500
